wakeup_variant,regime,message_size_bytes,run,throughput_gbps,avg_latency_us,stddev_us,p50_us,p95_us,p99_us,p999_us,wakeup_latency_p50_us,wakeup_latency_p99_us,wakeups_triggered,cpu_us_per_msg
adaptive,bursty,64,1,0.00351363,115.126,36.2087,125.424,143.523,155.068,382.027,1028.98,1120.13,4130,1.41978
adaptive,bursty,64,2,0.00350804,113.392,32.4236,125.443,143.692,154.569,209.845,1028.91,1139.47,4143,1.41768
adaptive,bursty,64,3,0.00351086,113.501,69.9959,124.073,142.633,153.799,932.491,1028.6,1126.3,4157,1.41866
adaptive,bursty,64,4,0.00349565,114.183,44.221,124.644,142.421,152.654,231.574,1029.44,1191.52,4111,1.42029
adaptive,bursty,64,5,0.00351246,115.404,47.5898,125.022,142.34,151.447,764.507,1029.09,1128.94,4103,1.41424
adaptive,bursty,64,6,0.0035111,114.534,35.6785,125.142,142.581,152.453,188.704,1028.88,1123.5,4103,1.41596
adaptive,bursty,64,7,0.00351333,114.704,33.9204,124.811,142.303,151.939,188.089,1029,1107.66,4101,1.41688
adaptive,bursty,64,8,0.00351501,114.372,29.3302,124.781,142.403,151.556,192.136,1028.57,1106.41,4097,1.41251
adaptive,bursty,64,9,0.00350018,115.308,40.702,125.948,142.8,153.429,190.541,1029.05,1175.4,4100,1.42419
adaptive,bursty,64,10,0.00350759,114.789,40.3255,125.79,142.651,149.976,171.128,1028.7,1119.12,4095,1.4189
adaptive,bursty,64,11,0.00350783,115.287,61.0991,125.954,142.846,151.179,277.15,1028.62,1117.69,4112,1.42282
adaptive,bursty,64,12,0.00351135,114.56,36.1788,125.318,142.545,150.535,181.179,1028.68,1117.59,4117,1.41918
adaptive,bursty,64,13,0.00347793,114.883,49.1971,125.934,142.279,150.539,186.386,1029.28,1221.97,4111,1.44565
adaptive,bursty,64,14,0.00351235,115.853,48.6317,126.579,143.691,154.22,419.302,1028.34,1129.03,4100,1.42188
adaptive,bursty,64,15,0.00351071,115.403,38.7564,126.627,143.396,150.941,199.974,1028.65,1131.67,4105,1.42166
adaptive,bursty,256,1,0.0140122,117.603,50.0465,126.559,143.851,154.695,239.71,1029.56,1112.88,1023,1.45082
adaptive,bursty,256,2,0.0140411,114.574,29.9384,125.84,143.462,150.461,160.984,1029.86,1108.67,1024,1.44712
adaptive,bursty,256,3,0.0140325,114.913,29.2051,125.572,142.519,149.497,163.384,1029.9,1112.04,1024,1.44589
adaptive,bursty,256,4,0.0140222,116.427,28.5631,126.21,143.652,153.084,166.612,1029.94,1109.49,1024,1.45339
adaptive,bursty,256,5,0.0140289,114.117,29.8613,124.876,142.835,151.041,171.184,1029.68,1118.19,1024,1.44955
adaptive,bursty,256,6,0.0140339,114.204,29.4894,125.608,143.883,149.785,158.952,1029.44,1110.34,1024,1.44315
adaptive,bursty,256,7,0.0140274,115.738,48.8994,126.562,143.342,149.603,190.901,1029.94,1112.38,1023,1.44422
adaptive,bursty,256,8,0.0140111,114.954,62.0222,126.045,143.785,153.032,206.694,1029.4,1122.25,1025,1.45077
adaptive,bursty,256,9,0.0140331,114.602,30.2368,125.708,143.402,150.727,169.363,1029.9,1107,1024,1.44496
adaptive,bursty,256,10,0.0140101,117.426,80.9309,125.893,143.682,155.816,1788.34,1029.39,1140.29,1022,1.44229
adaptive,bursty,256,11,0.0140379,113.548,32.0839,125.166,144.541,153.375,208.989,1029.29,1110.06,1024,1.44805
adaptive,bursty,256,12,0.0140268,115.796,46.5558,125.791,143.738,153.465,172.354,1029.52,1113.38,1023,1.45143
adaptive,bursty,256,13,0.0139734,116.459,51.4932,125.817,143.967,151.095,230.602,1029.27,1138.72,1023,1.45002
adaptive,bursty,256,14,0.013991,117.386,73.1431,126.138,143.908,155.668,711.209,1030.26,1132.26,1023,1.45222
adaptive,bursty,256,15,0.0140227,116.443,30.0663,126.612,144.261,152.5,254.806,1030.31,1108.85,1024,1.45218
adaptive,bursty,1024,1,0.0560359,112.031,31.7784,122.995,144.401,154.825,161.061,1031.8,1137.53,256,1.50588
adaptive,bursty,1024,2,0.0560591,114.346,31.2432,124.261,144.041,154.714,226.813,1032.27,1104.85,256,1.52132
adaptive,bursty,1024,3,0.0561034,112.981,30.159,120.853,142.313,149.061,245.755,1031.74,1124.32,256,1.52311
adaptive,bursty,1024,4,0.0559717,113.926,29.1221,123.169,142.971,149.994,155.361,1034.28,1101.89,256,1.50514
adaptive,bursty,1024,5,0.0559511,114.96,30.2721,123.937,144.689,159.495,179.347,1033.91,1107.34,256,1.5138
adaptive,bursty,1024,6,0.0561294,112.474,28.6627,120.887,143.225,153.51,162.319,1032.8,1102.62,256,1.51327
adaptive,bursty,1024,7,0.0560914,113.594,26.919,120.714,142.726,153.815,174.345,1031.31,1120.29,256,1.5165
adaptive,bursty,1024,8,0.0560381,114.417,31.0417,123.662,144.523,162.65,200.64,1033.77,1131.52,256,1.50984
adaptive,bursty,1024,9,0.0561424,113.408,27.9302,120.974,143.313,152.804,178.867,1032.65,1111,256,1.52112
adaptive,bursty,1024,10,0.0560343,114.547,29.1035,123.824,142.266,151.37,170.342,1033.05,1145.24,256,1.50448
adaptive,bursty,1024,11,0.0560121,113.855,28.4717,122.509,144.869,153.824,163.997,1032.64,1137.94,256,1.518
adaptive,bursty,1024,12,0.0559795,116.429,26.0899,123.371,143.703,152.594,159.599,1033.19,1099.76,256,1.51956
adaptive,bursty,1024,13,0.0540543,112.761,31.3635,122.134,143.148,159.664,237.955,1042.46,1272.17,256,1.60282
adaptive,bursty,1024,14,0.0560283,114.454,28.4538,123.308,143.102,149.092,156.266,1033.24,1126.65,256,1.5169
adaptive,bursty,1024,15,0.0559429,112.024,30.3001,121.888,142.665,155.602,182.075,1034.84,1100.31,256,1.50276
adaptive,bursty,4096,1,0.22086,104.155,29.0794,108.702,139.358,147.678,156.674,1041.04,1103.73,512,1.65561
adaptive,bursty,4096,2,0.2208,103.699,29.0437,108.074,137.924,147.327,234.915,1040.8,1116.25,512,1.66124
adaptive,bursty,4096,3,0.220577,108.698,63.5021,109.044,140.874,163.584,1385.42,1040.05,1128.19,511,1.66182
adaptive,bursty,4096,4,0.220897,105.116,27.8981,108.631,139.366,150.121,167.112,1040.25,1113.68,512,1.6594
adaptive,bursty,4096,5,0.220767,106.07,26.4504,108.199,139.623,149.563,158.545,1040.2,1110.48,512,1.65783
adaptive,bursty,4096,6,0.221514,105.456,27.2043,108.194,138.415,149.099,236.838,1038.95,1108.52,512,1.66097
adaptive,bursty,4096,7,0.220991,104.062,27.7315,108.092,138.61,147.885,164.241,1040.92,1116.55,512,1.66272
adaptive,bursty,4096,8,0.220692,105.337,27.0381,107.69,138.581,151.815,189.944,1041.97,1126.68,512,1.66988
adaptive,bursty,4096,9,0.221027,104.192,28.9208,108.293,138.334,147.426,240.412,1039.52,1142.82,512,1.6709
adaptive,bursty,4096,10,0.22089,105.358,51.4621,108.819,139.848,152.113,1057.44,1040.1,1129.93,511,1.65929
adaptive,bursty,4096,11,0.221114,104.473,27.3033,107.979,137.848,146.127,166.403,1040.98,1113.75,512,1.6581
adaptive,bursty,4096,12,0.221021,104.932,27.43,108.228,138.966,147.12,162.156,1040.03,1108.62,512,1.66634
adaptive,bursty,4096,13,0.22082,106.569,25.0509,108.123,138.564,146.954,156.82,1040.81,1102.73,512,1.67446
adaptive,bursty,4096,14,0.220977,105.777,26.0317,107.784,139.33,149.429,164.766,1040.69,1110.42,512,1.66908
adaptive,bursty,4096,15,0.220959,107.357,54.2167,108.312,140.643,151.793,1164.34,1039.49,1110.52,511,1.66472
adaptive,bursty,16384,1,0.868329,114.126,51.8943,111.085,136.642,211.201,712.02,1026.48,1092.55,128,2.3281
adaptive,bursty,16384,2,0.866684,107.289,23.4793,110.996,132.732,158.64,182.618,1025.18,1133.96,128,2.28261
adaptive,bursty,16384,3,0.865676,103.879,24.4927,109.468,130.487,145.42,171.535,1028.17,1093.62,128,2.29202
adaptive,bursty,16384,4,0.864548,106.388,23.5483,111.19,131.617,149.03,161.14,1029.25,1111.53,128,2.27799
adaptive,bursty,16384,5,0.864628,118.83,120.976,111.649,132.503,150.964,1470.85,1025.7,1144.5,127,2.26287
adaptive,bursty,16384,6,0.866294,110.729,18.2939,112.42,131.504,149.854,179.009,1028.31,1113.82,128,2.28174
adaptive,bursty,16384,7,0.865914,107.156,19.7827,110.956,130.092,142.515,152.196,1027.8,1092.11,128,2.27967
adaptive,bursty,16384,8,0.866098,106.162,22.8622,110.687,131.749,150.278,194.693,1027.73,1094.47,128,2.26384
adaptive,bursty,16384,9,0.867745,105.384,20.8153,110.093,128.026,139.317,157.402,1022.46,1103.9,128,2.26259
adaptive,bursty,16384,10,0.866987,108.659,19.8899,111.488,130.562,145.021,163.006,1026.44,1112.88,128,2.27356
adaptive,bursty,16384,11,0.867927,113.567,14.1953,111.907,136.514,167.528,217.152,1025.42,1060.55,128,2.31812
adaptive,bursty,16384,12,0.866788,105.301,22.9044,110.308,132.153,143.359,164.833,1029.49,1107.17,128,2.2622
adaptive,bursty,16384,13,0.865894,106.671,21.7585,110.878,132.751,152.047,176.834,1026.41,1109.38,128,2.27305
adaptive,bursty,16384,14,0.86566,111.841,15.3002,111.617,131.499,154.021,176.097,1027.41,1093.02,128,2.28256
adaptive,bursty,16384,15,0.863746,108.501,20.2303,111.469,132.217,149.352,160.754,1029.14,1096.94,128,2.28127
adaptive,bursty,65536,1,3.0314,69.2687,20.5495,66.818,99.748,117.469,130.914,1086.83,1137.27,39,4.23501
adaptive,bursty,65536,2,3.0218,75.1067,26.0994,69.443,119.029,170.089,189.506,1090.86,1147.18,32,4.29436
adaptive,bursty,65536,3,3.0327,70.7713,21.8073,68.206,104.561,124.92,147.36,0.117,1133.54,88,4.21235
adaptive,bursty,65536,4,3.01001,72.7856,18.4038,68.162,103.111,127.312,143.912,1091.16,1118.94,32,4.25145
adaptive,bursty,65536,5,3.03962,70.5495,21.5483,67.195,106.453,125.715,139.245,1033.85,1181.25,53,4.263
adaptive,bursty,65536,6,3.02499,71.143,21.0438,67.525,105.194,126.686,134.78,1090.29,1141.76,32,4.27819
adaptive,bursty,65536,7,3.004,69.5369,22.5977,67.604,103.508,123.198,137.357,0.117,1124.71,83,4.31473
adaptive,bursty,65536,8,3.02586,73.343,33.1871,66.953,107.972,230.349,251.281,0.117,1225.67,74,4.26149
adaptive,bursty,65536,9,3.02718,75.0566,29.7758,68.382,123.165,209.581,230.217,1089.81,1227.81,32,4.22917
adaptive,bursty,65536,10,3.01532,72.827,17.243,68.585,100.033,118.49,134.305,1091.42,1118.03,32,4.27751
adaptive,bursty,65536,11,3.02745,75.4418,18.6012,70.092,108.555,125.205,143.369,1087.98,1119.36,32,4.21454
adaptive,bursty,65536,12,3.00483,71.4844,22.2697,68.794,107.605,122.953,133.069,1021.1,1247.4,60,4.18222
adaptive,bursty,65536,13,3.02149,70.725,20.6793,68.275,100.754,129.66,136.818,1089.26,1115.9,32,4.26488
adaptive,bursty,65536,14,3.02472,70.8497,23.5654,67.959,105.774,130.598,154.377,1021.77,1160.36,56,4.25742
adaptive,bursty,65536,15,3.02132,73.8104,22.6292,70.236,109.66,139.599,156.04,0.116,1140.99,90,4.24407
adaptive,bursty,262144,1,7.28449,45.3996,43.1795,34.791,100.766,227.4,438.091,0.094,1303.64,156,16.2061
adaptive,bursty,262144,2,7.61781,45.1216,26.138,36.461,98.059,126.25,144.511,0.095,1314.45,94,15.3182
adaptive,bursty,262144,3,7.57262,43.0742,24.2308,34.955,95.854,107.505,126.787,0.094,1255.38,97,15.5916
adaptive,bursty,262144,4,7.30742,46.4836,31.5526,35.815,101.377,134.083,245.019,0.094,1287.58,143,15.9744
adaptive,bursty,262144,5,7.46244,46.0935,27.107,36.263,99.487,123.564,165.131,0.094,1326.54,91,15.5065
adaptive,bursty,262144,6,7.45785,43.1548,25.8974,34.699,98.736,110.062,122.344,0.094,1302.04,114,15.5952
adaptive,bursty,262144,7,7.43565,53.3203,64.4155,36.239,104.701,470.282,506.898,0.094,1268.68,124,16.0158
adaptive,bursty,262144,8,7.5068,46.4643,24.8483,36.93,97.417,111.806,131.58,0.095,1304.66,92,15.4652
adaptive,bursty,262144,9,7.31384,43.8105,32.4296,35.301,102.283,160.817,211.723,0.094,1284.04,236,16.1333
adaptive,bursty,262144,10,7.48227,44.059,29.402,34.798,98.792,134.756,184.845,0.094,1266.57,145,15.57
adaptive,bursty,262144,11,7.50866,45.3588,27.0898,35.603,100.94,123.451,135.138,0.094,1304.43,96,15.5739
adaptive,bursty,262144,12,7.4016,39.8358,27.3777,34.092,96.24,110.912,121.851,0.094,1256.71,251,16.1943
adaptive,bursty,262144,13,7.46,42.1907,25.8221,34.405,96.239,114.468,130.123,0.094,1266.56,104,15.7132
adaptive,bursty,262144,14,7.44432,44.4356,26.5343,35.502,99.146,122.728,145.112,0.095,1324.46,92,15.7622
adaptive,bursty,262144,15,7.43462,45.0279,34.0239,35.07,103.298,170.34,260.167,0.094,1241.4,152,16.0561
adaptive,bursty,1048576,1,7.7472,3.20875,7.87917,3.71,4.94,30.774,115.237,10.324,1097.32,499,100.751
adaptive,bursty,1048576,2,7.81423,2.513,2.97447,3.556,4.538,18.778,32.456,7.796,1061.54,509,100.294
adaptive,bursty,1048576,3,7.87186,2.47668,2.64819,3.53,4.717,18.026,20.433,9.781,1075.37,508,99.0688
adaptive,bursty,1048576,4,7.72385,13.3873,66.757,3.699,9.18,435.028,639.909,10.76,1083.6,489,101.397
adaptive,bursty,1048576,5,7.84837,2.38934,2.37098,3.56,4.619,7.938,20.112,7.973,1102.05,511,99.0106
adaptive,bursty,1048576,6,7.75231,8.50787,47.9528,3.702,4.792,282.689,512.225,9.226,1098.79,499,100.757
adaptive,bursty,1048576,7,7.74085,5.17561,19.4401,3.677,5.771,124.334,238.754,7.255,1108.68,498,101.088
adaptive,bursty,1048576,8,7.84334,2.40878,2.48598,3.626,4.589,7.634,31.898,9.009,1067.29,510,99.0737
adaptive,bursty,1048576,9,7.76455,2.46052,2.67552,0.921,4.584,18.296,19.788,9.399,1118.12,508,99.6487
adaptive,bursty,1048576,10,7.87611,2.41322,2.42857,3.611,4.567,10.572,19.505,11.19,1072.6,504,99.6362
adaptive,bursty,1048576,11,7.90853,2.47364,2.99549,3.666,4.692,7.612,49.98,9.6,1050.95,504,100.041
adaptive,bursty,1048576,12,7.75655,17.4131,82.5937,3.704,9.795,489.912,742.967,7.635,1116.4,490,100.674
adaptive,bursty,1048576,13,7.83474,2.39817,2.43703,3.564,4.563,7.55,20.018,10.814,1063.39,506,99.3618
adaptive,bursty,1048576,14,7.85427,2.3797,2.41309,3.544,4.552,8.656,20.927,10.174,1056.65,507,99.7437
adaptive,bursty,1048576,15,7.69401,6.51054,32.8064,3.703,5.081,160.216,402.926,8.365,1131.4,493,101.077
adaptive,offered_25,64,1,0.00268585,126.176,70.7763,129.767,143.106,168.413,1114.54,1372.35,1482.43,4093,1.70478
adaptive,offered_25,64,2,0.00270763,100.287,91.6882,125.835,142.58,174.642,968.777,1356.12,1476.78,4227,1.64433
adaptive,offered_25,64,3,0.00276208,49.2096,63.4574,20.731,138.941,159.152,354.493,1309.76,1457.51,4446,1.53323
adaptive,offered_25,64,4,0.002768,57.9073,66.5523,21.593,139.382,160.554,659.441,1294.45,1470.83,4906,1.56699
adaptive,offered_25,64,5,0.00279008,52.3057,61.2488,21.24,137.098,156.21,623.659,1236.88,1466.07,5574,1.53895
adaptive,offered_25,64,6,0.00277294,42.8449,69.9361,19.573,137.228,160.837,773.272,1297.88,1460.56,4801,1.51502
adaptive,offered_25,64,7,0.00279665,28.2011,59.2321,18.341,130.577,187.577,749.717,1269.25,1438.8,5376,1.47612
adaptive,offered_25,64,8,0.00273131,93.0575,71.9896,124.276,141.624,161.568,854.057,1337.3,1486.18,4398,1.6344
adaptive,offered_25,64,9,0.00275219,75.8363,67.0175,79.732,142.121,162.433,375.356,1307.34,1486.05,4833,1.59893
adaptive,offered_25,64,10,0.00268132,123.284,43.1114,131.362,145.099,161.872,338.373,1372.96,1502.63,4094,1.70709
adaptive,offered_25,64,11,0.002689,125.819,53.637,131.236,145.539,165.914,1074.01,1372.84,1493.27,4108,1.70973
adaptive,offered_25,64,12,0.00266797,125.354,40.7039,129.097,144.262,169.981,381.154,1374.93,1487.84,4099,1.7206
adaptive,offered_25,64,13,0.00267659,127.619,58.2787,130.958,144.712,167.403,1164.28,1373.48,1483.87,4095,1.71087
adaptive,offered_25,64,14,0.00267895,127.66,51.3327,130.811,144.561,171.275,1053.78,1373.04,1490.67,4093,1.71478
adaptive,offered_25,64,15,0.00268113,128.338,59.1685,130.586,144.521,167.978,1179.56,1373.24,1486.83,4099,1.71145
adaptive,offered_25,256,1,0.0107012,127.106,50.3481,129.354,143.328,176.677,812.61,1373.97,1488.18,1024,1.72311
adaptive,offered_25,256,2,0.0107565,127.66,54.7586,130.308,144.544,170.137,1098.2,1371.52,1472.63,1023,1.72225
adaptive,offered_25,256,3,0.0107324,123.935,21.8008,127.836,141.792,170.506,228.75,1374.17,1470.13,1024,1.71848
adaptive,offered_25,256,4,0.0106953,122.28,26.7763,128.877,142.05,157.591,203.026,1373.06,1517.78,1024,1.71457
adaptive,offered_25,256,5,0.0107217,121.114,30.9233,130.419,142.657,157.928,199.71,1374.25,1502.01,1024,1.70451
adaptive,offered_25,256,6,0.0106816,129.757,76.3821,130.073,144.723,176.218,1574.43,1374.31,1485.67,1022,1.72777
adaptive,offered_25,256,7,0.0107161,130.619,85.4935,129.223,143.351,180.643,1342.93,1374.49,1478.47,1026,1.71156
adaptive,offered_25,256,8,0.0107153,126.054,87.6534,128.445,146.286,200.658,1794.94,1374.78,1518.03,1022,1.70108
adaptive,offered_25,256,9,0.0106976,128.714,57.9567,129.904,146.495,165.408,1229.88,1375.32,1486.8,1023,1.72852
adaptive,offered_25,256,10,0.0106675,126.267,20.9418,129.919,144.538,165.679,200.829,1375.69,1468.23,1025,1.73463
adaptive,offered_25,256,11,0.0107451,121.689,27.7717,127.898,141.746,168.042,251.832,1372.3,1500.48,1024,1.71191
adaptive,offered_25,256,12,0.0107304,123.416,45.9372,128.346,142.909,161.71,331.453,1374.54,1496.07,1028,1.71779
adaptive,offered_25,256,13,0.010677,127.984,66.5644,127.777,142.465,173.268,1391.78,1375.11,1472.4,1023,1.72117
adaptive,offered_25,256,14,0.0106671,127.971,67.6983,128.121,143.64,167.717,1573.13,1376.57,1500.21,1022,1.73101
adaptive,offered_25,256,15,0.010674,127.897,40.3313,129.048,144.164,164.617,200.018,1374.44,1471.64,1024,1.74392
adaptive,offered_25,1024,1,0.0431457,125.86,21.7087,129.106,144.83,178.928,230.483,1369.61,1455.47,256,1.74458
adaptive,offered_25,1024,2,0.043054,127.205,79.6235,127.102,141.593,198.146,1345.46,1373.88,1463.69,256,1.73489
adaptive,offered_25,1024,3,0.0432286,131.758,120.786,129.554,148.874,186.86,1794.97,1369.5,1509.14,255,1.72154
adaptive,offered_25,1024,4,0.043001,128.021,17.6295,130.534,149.295,178.996,190.955,1372.84,1459.32,256,1.77177
adaptive,offered_25,1024,5,0.0430851,121.92,26.356,129.127,141.995,151.888,260.415,1372.88,1486.57,256,1.72113
adaptive,offered_25,1024,6,0.0433401,124.053,22.5587,128.801,148.555,168.67,210.622,1367.63,1455.86,256,1.72006
adaptive,offered_25,1024,7,0.0429876,125.689,21.6066,131.198,141.54,163.877,196.311,1373.75,1461.68,256,1.72992
adaptive,offered_25,1024,8,0.0429952,124.544,23.7448,130.386,143.738,164.687,222.203,1373.64,1489.93,256,1.746
adaptive,offered_25,1024,9,0.0428808,126.725,21.7062,131.321,144.364,176.251,195.679,1372.08,1481.88,256,1.76146
adaptive,offered_25,1024,10,0.0432184,131.437,83.2974,131.435,144.633,177.126,1414.36,1372.6,1457.09,255,1.74118
adaptive,offered_25,1024,11,0.0430397,126.015,24.4501,131.158,143.805,171.113,285.265,1373.43,1460.4,256,1.72845
adaptive,offered_25,1024,12,0.0430364,126.77,42.7769,130.516,142.759,165.225,706.957,1372.27,1474.43,256,1.75256
adaptive,offered_25,1024,13,0.0432377,127.809,49.7934,130.074,143.891,174.061,836.826,1370.82,1492.59,256,1.74545
adaptive,offered_25,1024,14,0.0427826,126.234,19.6686,129.586,143.069,179.859,187.054,1374.33,1473.37,256,1.76172
adaptive,offered_25,1024,15,0.0433666,126.642,73.0055,128.213,142.501,193.968,1211.95,1373.44,1467.2,256,1.70115
adaptive,offered_25,4096,1,0.169993,117.805,53.2729,118.899,137.009,155.023,1227.46,1379.49,1477.04,512,1.78518
adaptive,offered_25,4096,2,0.170628,118.452,69.9153,117.136,138.433,169.754,1622.89,1377.36,1482.53,511,1.78474
adaptive,offered_25,4096,3,0.169736,116.935,25.1,118.17,138.73,174.4,432.396,1379.56,1473.7,512,1.79369
adaptive,offered_25,4096,4,0.169627,118.922,73.489,118.314,139.373,158.379,1711.65,1381.67,1485.67,511,1.78774
adaptive,offered_25,4096,5,0.169693,122.123,85.1738,119.349,138.804,157.844,1760.09,1379.14,1484.63,511,1.79323
adaptive,offered_25,4096,6,0.169188,124.174,104.872,119.606,137.62,171.36,1987.23,1379.91,1500.93,511,1.78573
adaptive,offered_25,4096,7,0.169543,119.778,114.749,118.022,135.868,163.482,2664.1,1380.88,1468.67,511,1.78927
adaptive,offered_25,4096,8,0.171112,117.615,128.813,117.706,138.827,168.644,2671.08,1375.59,1473.15,510,1.75975
adaptive,offered_25,4096,9,0.169477,116.775,19.9638,119.26,138.279,152.437,195.976,1381.15,1472.65,512,1.81042
adaptive,offered_25,4096,10,0.169545,117.478,18.6968,119.91,136.24,163.64,187.421,1380.43,1488.65,512,1.80116
adaptive,offered_25,4096,11,0.16952,122.421,88.4525,119.475,141.934,178.66,1827.61,1380.49,1477.48,511,1.80504
adaptive,offered_25,4096,12,0.169277,119.027,49.0913,118.852,138.286,161.863,904.917,1382.97,1475.49,512,1.79781
adaptive,offered_25,4096,13,0.168985,119.79,69.4638,119.622,137.855,164.83,1613.03,1381.14,1490.9,511,1.80417
adaptive,offered_25,4096,14,0.169355,119.483,31.1167,119.651,140.451,159.862,614.548,1381.65,1476.05,512,1.8091
adaptive,offered_25,4096,15,0.169453,117.285,21.5919,119.442,138.244,154.193,351.151,1381.79,1483.93,512,1.80199
adaptive,offered_25,16384,1,0.671581,101.173,76.2133,96.855,131.757,179.128,912.388,1385.82,1514.09,128,2.02674
adaptive,offered_25,16384,2,0.67101,100.455,77.1101,96.159,155.016,195.258,902.716,1383.38,1544.94,128,2.01745
adaptive,offered_25,16384,3,0.671013,104.716,87.7389,95.844,141.176,186.506,1050.29,1387.86,1522.11,128,1.99288
adaptive,offered_25,16384,4,0.676472,109.562,130.244,97.14,135.66,162.966,1556.45,1377.16,1526.48,127,2.02726
adaptive,offered_25,16384,5,0.664299,106.399,124.814,94.095,132.466,196.236,1493.97,1397.32,1509.25,127,1.97967
adaptive,offered_25,16384,6,0.666107,105.642,124.207,94.832,132.428,184.361,1503.48,1391.7,1493.48,127,1.98061
adaptive,offered_25,16384,7,0.670583,93.8631,22.5812,94.092,130.449,161.578,165.746,1383.62,1470.51,128,1.97864
adaptive,offered_25,16384,8,0.668979,93.1109,21.5863,94.518,126.909,145.091,158.471,1388.42,1464.74,128,1.99887
adaptive,offered_25,16384,9,0.664019,94.7951,19.9335,94.554,125.832,158.553,170.139,1399.02,1465.95,128,1.99291
adaptive,offered_25,16384,10,0.668823,95.12,23.7011,95.234,128.958,161.201,201.283,1391.2,1494.05,128,1.99511
adaptive,offered_25,16384,11,0.671195,98.0763,20.0211,96.18,132.121,151.748,185.647,1382.26,1481.17,128,2.02374
adaptive,offered_25,16384,12,0.675689,98.9033,22.8142,97.608,132.468,175.556,184.608,1378.54,1500.51,128,2.02469
adaptive,offered_25,16384,13,0.677551,101.065,19.1311,98.798,133.11,159.912,188.238,1383.32,1480.62,128,2.04842
adaptive,offered_25,16384,14,0.672601,97.3824,21.9052,97.031,129.958,152.399,188.272,1388.1,1467.93,128,2.03613
adaptive,offered_25,16384,15,0.679099,98.9334,19.1187,98.97,127.932,143.971,157.308,1379.51,1462.81,128,2.05901
adaptive,offered_25,65536,1,2.45317,72.6364,28.8241,73.486,110.805,177.594,199.761,1417.27,1462.55,38,4.15688
adaptive,offered_25,65536,2,2.45078,70.9319,21.9421,71.639,103.557,115.706,134.605,1419.88,1492.74,33,4.14203
adaptive,offered_25,65536,3,2.51422,75.6298,24.8483,74.331,116.115,142.697,160.539,1379.98,1487.5,32,4.18988
adaptive,offered_25,65536,4,2.47446,77.5679,32.8625,73.568,139.123,197.198,213.53,1411.45,1507.05,32,4.1024
adaptive,offered_25,65536,5,2.44944,71.4866,24.4259,72.677,106.638,134.155,147.82,1421.26,1504.87,34,4.17043
adaptive,offered_25,65536,6,2.53139,71.1598,24.5154,69.7,109.96,133.88,150.541,1288.12,1500.37,46,4.19083
adaptive,offered_25,65536,7,2.46425,72.0023,18.8365,71.244,102.484,115.097,129.466,1399.16,1513.55,32,4.19832
adaptive,offered_25,65536,8,2.46648,72.8042,21.6578,72.034,105.578,125.177,138.871,1300.91,1494.3,52,4.10991
adaptive,offered_25,65536,9,2.45402,70.4694,22.6035,71.931,101.691,111.961,133.834,1349.78,1502.76,47,4.08278
adaptive,offered_25,65536,10,2.4821,75.0118,20.4219,72.669,109.791,130.871,133.706,1376.56,1507.29,35,4.15191
adaptive,offered_25,65536,11,2.45652,73.9384,23.1253,72.91,108.451,133.573,151.293,1409.51,1488.77,39,4.18002
adaptive,offered_25,65536,12,2.47566,74.5386,19.6211,73.082,107.76,127.699,135.741,1415.17,1532.77,32,4.07504
adaptive,offered_25,65536,13,2.52346,127.014,283.969,75.663,143.213,1706.99,1713.08,1289.91,2993.83,50,4.04618
adaptive,offered_25,65536,14,2.52421,73.9555,22.4008,72.933,109.285,145.255,164.799,1346.59,1446.94,36,4.09815
adaptive,offered_25,65536,15,2.48347,75.5412,19.893,75.79,106.248,130.158,144.372,1385.92,1491.08,32,4.08778
adaptive,offered_25,262144,1,6.74368,42.828,24.592,34.712,95.785,106.709,113.603,0.094,1473.57,122,15.3459
adaptive,offered_25,262144,2,6.57755,51.877,60.238,34.034,109.252,409.063,419.211,0.094,1754.47,98,15.5086
adaptive,offered_25,262144,3,6.75851,45.2074,25.2855,35.126,100.103,111.515,119.534,0.095,1511.58,81,15.2543
adaptive,offered_25,262144,4,6.68986,45.4221,26.8992,35.364,102.216,117.213,147.766,0.094,1519.19,90,15.3243
adaptive,offered_25,262144,5,6.60664,45.4287,31.1783,35.195,106.168,139.724,162.23,0.094,1510.05,196,15.9332
adaptive,offered_25,262144,6,6.6621,45.7668,26.8033,35.225,100.549,122.945,159.999,0.095,1518.75,79,15.2604
adaptive,offered_25,262144,7,6.67456,54.4701,63.5847,35.498,110.205,456.806,525.55,0.094,1518.63,94,15.8276
adaptive,offered_25,262144,8,6.66227,43.7467,25.7778,34.862,99.136,110.656,118.17,0.094,1520.36,110,15.418
adaptive,offered_25,262144,9,6.6392,42.9265,26.5466,34.225,98.302,109.782,120.44,0.094,1487.12,104,15.4355
adaptive,offered_25,262144,10,6.63913,43.3426,28.5651,35.037,101.416,115.265,122.402,0.094,1484.56,243,15.7356
adaptive,offered_25,262144,11,6.71343,46.0848,26.2563,36.069,100.968,115.158,133.437,0.095,1507.29,112,15.2008
adaptive,offered_25,262144,12,6.68278,45.0377,30.1514,35.646,102.571,136.719,180.959,0.094,1493.88,183,15.7629
adaptive,offered_25,262144,13,6.6243,39.7907,25.7782,33.454,97.394,108.489,118.16,0.094,1521.07,117,15.535
adaptive,offered_25,262144,14,6.72834,45.5147,26.7511,35.069,101.631,117.76,137.301,0.094,1513.02,81,15.3474
adaptive,offered_25,262144,15,6.63365,43.8872,27.4552,34.595,99.175,121.268,185.037,0.095,1531.02,82,15.4447
adaptive,offered_25,1048576,1,7.48943,2.93845,6.43778,3.589,5.086,19.391,112.035,11.04,1372.45,494,102.301
adaptive,offered_25,1048576,2,7.54745,2.95977,7.75585,3.266,4.754,19.368,124.636,7.74,1382.49,500,101.418
adaptive,offered_25,1048576,3,7.51246,10.3141,53.1075,3.64,6.424,367.075,502.061,9.369,1346.95,494,102.508
adaptive,offered_25,1048576,4,7.61511,2.43542,2.63686,1.593,4.583,18.512,20.07,9.902,1383.21,496,100.899
adaptive,offered_25,1048576,5,7.59258,2.44771,2.57253,3.459,4.615,15.422,19.903,9.252,1334.14,496,101.884
adaptive,offered_25,1048576,6,7.54853,11.5993,57.7047,3.695,7.749,328.847,572.853,8.033,1342.14,482,101.833
adaptive,offered_25,1048576,7,7.62987,2.38256,2.40131,3.561,4.513,8.576,19.703,9.638,1326.1,499,100.505
adaptive,offered_25,1048576,8,7.57554,2.45002,3.03173,3.464,4.423,17.484,31.673,8.739,1386.44,501,101.5
adaptive,offered_25,1048576,9,7.57154,2.68399,4.49811,3.558,4.697,19.496,63.164,9.874,1362.57,499,100.98
adaptive,offered_25,1048576,10,7.55358,2.39763,2.54624,3.618,4.498,11.281,20.104,9.551,1391.72,498,101.784
adaptive,offered_25,1048576,11,7.53971,7.06145,34.5928,3.706,6.542,205.65,377.017,9.853,1311.4,483,102.283
adaptive,offered_25,1048576,12,7.54954,13.2464,66.4489,3.688,8.268,421.907,642.593,8.17,1397.83,484,101.605
adaptive,offered_25,1048576,13,7.59391,3.14574,6.46498,1.017,5.232,32.224,73.504,5.737,1365.79,496,103.123
adaptive,offered_25,1048576,14,7.53175,20.0343,85.0834,3.732,64.276,480.414,706.655,8.561,1375.49,469,101.658
adaptive,offered_25,1048576,15,7.61584,2.44043,2.55046,3.035,4.582,9.309,20.261,8.708,1390.41,499,101.059
adaptive,offered_50,64,1,0.00554961,97.9666,47.9363,119.982,144.425,152.651,175.253,621.798,753.269,4187,1.49514
adaptive,offered_50,64,2,0.00555196,98.763,48.4436,120.581,144.243,152.703,181.993,623.332,752.694,4122,1.4956
adaptive,offered_50,64,3,0.00555122,94.0355,49.807,114.156,144.135,152.912,196.25,618.197,752.051,4246,1.49933
adaptive,offered_50,64,4,0.00555338,95.9602,48.7943,116.2,144.366,153.123,166.707,619.364,753.278,4193,1.49967
adaptive,offered_50,64,5,0.00555667,97.8062,52.9945,117.308,144.243,152.313,189.745,621.222,754.478,4211,1.49536
adaptive,offered_50,64,6,0.00554751,93.0687,50.0818,111.746,144.041,152.191,168.904,619.323,753.126,4213,1.50734
adaptive,offered_50,64,7,0.00555324,99.0862,51.1394,120.28,144.667,152.729,180.444,622.975,752.626,4134,1.50026
adaptive,offered_50,64,8,0.00555251,98.8695,52.3343,119.865,144.399,153.152,229.911,623.19,753.666,4133,1.498
adaptive,offered_50,64,9,0.00555107,93.8968,49.6508,112.619,144.211,151.77,167.154,621.647,753.069,4136,1.50556
adaptive,offered_50,64,10,0.00554939,95.3977,56.02,113.682,144.298,152.441,178.819,620.073,755.254,4170,1.50419
adaptive,offered_50,64,11,0.00555461,97.9725,47.917,119.371,144.386,152.061,182.377,622.306,755.008,4162,1.49774
adaptive,offered_50,64,12,0.00554308,88.1474,51.254,105.966,143.496,151.196,173.569,616.839,753.342,4188,1.51526
adaptive,offered_50,64,13,0.00555855,98.2152,47.8293,120.153,144.37,151.672,168.023,621.148,754.029,4161,1.50211
adaptive,offered_50,64,14,0.00555744,98.7454,47.4621,119.843,145.118,154.544,179.46,622.048,753.259,4139,1.49966
adaptive,offered_50,64,15,0.00553666,85.679,61.3056,104.966,143.831,153.272,186.774,615.623,753.033,4135,1.52342
adaptive,offered_50,256,1,0.0221507,97.4611,48.2975,118.885,144.41,153.361,191.963,623.35,752.058,1024,1.53112
adaptive,offered_50,256,2,0.0221607,87.7401,55.4315,110.104,143.798,154.241,186.674,615.387,753.865,1025,1.50498
adaptive,offered_50,256,3,0.0221268,101.618,47.4505,124.987,146.292,157.286,183.931,623.716,754.734,1024,1.53228
adaptive,offered_50,256,4,0.0221689,101.966,46.854,124.14,146.057,157.107,195.446,622.842,755.927,1024,1.52194
adaptive,offered_50,256,5,0.0221724,101.466,59.5441,122.167,144.648,153.614,549.512,623.251,751.965,1023,1.51915
adaptive,offered_50,256,6,0.0221199,89.0825,51.2529,108.774,143.861,154.269,243.245,618.425,752.844,1024,1.5525
adaptive,offered_50,256,7,0.0220949,102.052,87.3855,116.206,144.528,157.902,1361.23,623.06,754.65,1021,1.51892
adaptive,offered_50,256,8,0.0221136,101.197,83.7677,118.384,144.808,154.509,1396.72,624.302,754.469,1021,1.5137
adaptive,offered_50,256,9,0.0221763,100.21,46.6078,120.677,144.541,152.947,211.986,622.121,754.325,1024,1.52737
adaptive,offered_50,256,10,0.0221883,100.532,46.4937,123.017,144.633,152.883,204.301,621.857,752.857,1024,1.52541
adaptive,offered_50,256,11,0.0220968,88.8078,57.2633,108.11,143.153,152.796,184.968,618.575,753.161,1024,1.54206
adaptive,offered_50,256,12,0.022169,99.2578,46.7931,120.126,144.018,151.933,168.226,622.046,754.104,1024,1.52623
adaptive,offered_50,256,13,0.0221503,100.757,46.8703,122.315,145.48,157.069,200.977,622.146,751.428,1026,1.53864
adaptive,offered_50,256,14,0.0221782,99.9842,46.5975,120.741,144.471,155.251,187.849,621.517,753.757,1024,1.5261
adaptive,offered_50,256,15,0.022154,98.7732,47.9495,120.23,145.033,154.076,245.799,622.46,753.344,1024,1.52753
adaptive,offered_50,1024,1,0.0880004,100.455,47.4058,118.483,144.234,155.641,326.713,624.319,758.406,256,1.58693
adaptive,offered_50,1024,2,0.0882085,101.778,44.4619,120.204,143.515,150.346,239.824,628.702,752.467,256,1.58349
adaptive,offered_50,1024,3,0.0880322,95.6605,46.269,113.864,142.893,152.938,159.022,627.74,750.228,256,1.58582
adaptive,offered_50,1024,4,0.0880111,100.496,45.2691,119.91,144.661,157.666,177.037,627.282,754.016,256,1.59686
adaptive,offered_50,1024,5,0.0882515,100.455,44.9648,118.79,145.247,156.112,163.064,622.57,752.55,256,1.59039
adaptive,offered_50,1024,6,0.0877984,94.7588,47.633,115.431,142.7,151.42,156.993,624.745,753.964,256,1.58906
adaptive,offered_50,1024,7,0.0879803,98.762,47.6009,119.625,144.812,157.099,238.888,623.752,754.303,256,1.59067
adaptive,offered_50,1024,8,0.0878332,100.713,46.7615,120.065,145.905,175.246,202.891,624.233,757.652,256,1.58512
adaptive,offered_50,1024,9,0.0880295,101.61,43.9141,120.218,143.565,150.92,159.664,623.38,749.72,256,1.59524
adaptive,offered_50,1024,10,0.0879405,99.7342,45.4918,116.838,144.789,156.043,217.622,624.534,749.96,256,1.59499
adaptive,offered_50,1024,11,0.0878591,102.654,53.3247,120.369,143.952,160.267,583.847,628.557,809.074,256,1.58318
adaptive,offered_50,1024,12,0.0881455,98.3004,45.4118,116.599,143.683,152.506,176.225,625.672,751.784,256,1.59601
adaptive,offered_50,1024,13,0.0880425,101.562,44.8608,120.798,143.664,157.855,172.23,624.897,753.874,256,1.58
adaptive,offered_50,1024,14,0.0879103,97.2355,46.1501,116.654,142.804,149.638,163.127,624.116,753.59,256,1.59839
adaptive,offered_50,1024,15,0.0876233,102.94,103.365,116.108,143.119,164.458,1586.17,625.106,756.516,255,1.59715
adaptive,offered_50,4096,1,0.344178,93.6834,44.3345,108.454,141.964,152.699,184.319,636.172,755.617,512,1.73049
adaptive,offered_50,4096,2,0.343204,96.6167,81.8508,108.297,142.164,153.734,1631.44,637.21,757.421,511,1.71647
adaptive,offered_50,4096,3,0.343601,94.274,73.3906,106.99,140.613,151.432,1399.33,634.301,755.705,511,1.72151
adaptive,offered_50,4096,4,0.34379,91.4934,45.9631,107.166,142.215,153.068,179.182,634.672,756.66,512,1.73203
adaptive,offered_50,4096,5,0.343695,93.0592,44.8562,108.365,140.842,150.324,157.715,636.741,758.164,512,1.73619
adaptive,offered_50,4096,6,0.344163,94.296,44.5506,108.52,140.787,151.615,173.545,637.895,757.989,512,1.70048
adaptive,offered_50,4096,7,0.344363,90.0834,48.0026,107.426,139.787,149.66,407.777,630.838,756.967,512,1.73795
adaptive,offered_50,4096,8,0.34342,96.5955,73.1516,107.85,141.628,152.027,1425.02,636.709,757.317,511,1.7139
adaptive,offered_50,4096,9,0.344341,86.9097,46.705,105.854,140.377,149.647,158.866,630.799,754.231,512,1.74422
adaptive,offered_50,4096,10,0.34527,91.2434,44.2593,106.715,139.934,149.934,163.631,626.316,753.536,512,1.73373
adaptive,offered_50,4096,11,0.343497,92.5684,45.1997,107.991,141.217,151.502,164.534,635.932,755.444,512,1.7198
adaptive,offered_50,4096,12,0.34451,91.6562,44.5977,107.245,140.643,149.671,169.708,630.651,756.822,512,1.74405
adaptive,offered_50,4096,13,0.345324,91.6263,43.539,106.298,140.449,149.994,160.558,630.17,758.153,512,1.7393
adaptive,offered_50,4096,14,0.343667,93.2032,45.1457,107.746,142.013,152.06,167.053,636.006,755.254,512,1.72592
adaptive,offered_50,4096,15,0.344125,90.1856,46.0454,107.606,140.941,150.293,168.509,631.812,755.86,512,1.73631
adaptive,offered_50,16384,1,1.33129,86.5217,44.9327,108.276,134.842,150.22,154.713,616.05,738.702,129,2.35281
adaptive,offered_50,16384,2,1.33059,91.3088,40.6677,108.55,132.601,144.211,157.186,618.345,751.811,128,2.33424
adaptive,offered_50,16384,3,1.33084,87.0752,43.8271,108.048,131.789,147.053,154.067,619.153,744.802,128,2.33785
adaptive,offered_50,16384,4,1.33109,86.5485,45.1631,107.47,133.135,151.547,205.971,619.805,746.397,128,2.34495
adaptive,offered_50,16384,5,1.33183,87.7801,41.632,107.054,131.683,143.034,150.004,623.118,742.454,128,2.33172
adaptive,offered_50,16384,6,1.32493,84.2902,44.1099,107.1,130.891,141.558,149.648,620.513,738.636,128,2.3682
adaptive,offered_50,16384,7,1.33109,85.9347,42.9536,107.675,130.023,144.069,153.704,622.13,746.113,128,2.33747
adaptive,offered_50,16384,8,1.33016,88.1501,41.9207,107.609,129.826,142.669,154.123,623.796,741.876,128,2.34259
adaptive,offered_50,16384,9,1.33752,86.757,87.2859,105.153,133.85,155.18,933.021,608.38,801.545,127,2.28719
adaptive,offered_50,16384,10,1.33088,89.9407,42.1532,108.096,131.965,150.82,159.291,620.011,741.683,129,2.32902
adaptive,offered_50,16384,11,1.32664,89.5935,42.815,108.025,135.768,151.761,158.669,619.682,737.429,128,2.3366
adaptive,offered_50,16384,12,1.32967,85.8205,43.6134,106.837,130.429,143.695,152.568,619.627,747.133,128,2.34246
adaptive,offered_50,16384,13,1.32917,87.3335,44.0483,107.906,132.666,150.151,191.565,620.326,749.805,128,2.35574
adaptive,offered_50,16384,14,1.32761,84.4327,44.5566,106.458,133.276,149.622,155.683,621.876,744.582,128,2.34365
adaptive,offered_50,16384,15,1.33308,91.6791,43.5911,108.486,133.019,207.413,220.096,622.565,739.842,127,2.33235
adaptive,offered_50,65536,1,4.31299,58.3354,27.6327,62.199,99.846,113.048,130.712,609.298,752.316,45,4.62181
adaptive,offered_50,65536,2,4.33028,61.7342,26.6114,67.422,98.667,120.506,135.25,659.867,723.904,32,4.46497
adaptive,offered_50,65536,3,4.32023,62.7535,29.6719,66.084,109.881,135.224,143.692,674.307,728.605,35,4.43509
adaptive,offered_50,65536,4,4.34064,60.9871,27.2592,66.273,98.123,124.505,143.911,0.094,779.628,94,4.51576
adaptive,offered_50,65536,5,4.32201,61.4723,28.4026,63.679,106.165,125.512,149.145,631.266,742.664,41,4.51772
adaptive,offered_50,65536,6,4.34105,64.1027,25.897,67.738,101.453,124.01,154.458,667.187,726.385,32,4.43885
adaptive,offered_50,65536,7,4.32017,59.664,28.546,63.131,100.71,130.867,142.284,594.162,724.729,56,4.58126
adaptive,offered_50,65536,8,4.31883,58.5695,28.3437,61.257,102.629,127.319,142.85,661.077,749.213,32,4.62417
adaptive,offered_50,65536,9,4.32826,62.5887,24.855,62.986,100.71,117.307,150.894,660.103,721.854,32,4.57535
adaptive,offered_50,65536,10,4.30847,63.0608,27.7239,65.128,102.797,137.145,153.312,681.587,733.025,32,4.48452
adaptive,offered_50,65536,11,4.30551,56.6139,27.9161,60.777,98.075,125.151,143.483,608.542,743.734,46,4.64481
adaptive,offered_50,65536,12,4.32131,61.3661,28.6748,65.318,104.794,123.821,153.237,634.201,752.964,44,4.52776
adaptive,offered_50,65536,13,4.34008,61.7398,27.9812,66.469,102.536,116.434,146.977,0.119,777.499,63,4.4521
adaptive,offered_50,65536,14,4.34396,65.3638,32.0396,65.201,109.472,175.511,196.214,588.306,712.385,55,4.50608
adaptive,offered_50,65536,15,4.30332,60.7693,29.796,62.843,105.182,127.181,146.991,0.118,819.531,65,4.55781
adaptive,offered_50,262144,1,9.45769,44.3112,23.2762,35.847,98.283,107.853,115.292,0.095,857.48,82,15.185
adaptive,offered_50,262144,2,9.14157,47.6288,51.0134,35.067,104.496,338.472,460.611,0.094,870.001,152,16.1227
adaptive,offered_50,262144,3,9.46744,43.4118,22.2485,35.05,96.131,109.099,126.183,0.095,863.839,90,15.4162
adaptive,offered_50,262144,4,9.42208,41.3889,23.8008,34.814,95.288,106.777,118.783,0.095,857.2,81,15.4868
adaptive,offered_50,262144,5,9.16141,44.1894,40.9231,34.563,100.792,220.178,404.463,0.094,854.696,205,16.0676
adaptive,offered_50,262144,6,9.47119,43.3934,22.9484,35.442,96.019,105.733,122.835,0.095,916.764,84,15.3283
adaptive,offered_50,262144,7,9.40525,42.403,23.6958,35.335,94.883,107.802,118.519,0.095,864.048,89,15.3577
adaptive,offered_50,262144,8,9.23626,41.7348,24.2304,35.015,97.247,112.99,120.808,0.094,859.42,167,15.8833
adaptive,offered_50,262144,9,9.39283,43.6494,23.8913,35.325,98.118,113.145,145.861,0.115,895.342,81,15.506
adaptive,offered_50,262144,10,9.494,42.9188,24.1246,35.449,97.612,108.923,121.725,0.095,835.362,84,15.3977
adaptive,offered_50,262144,11,9.45491,43.8336,22.1772,35.775,95.149,108.253,130.371,0.095,935.494,81,15.3532
adaptive,offered_50,262144,12,9.28153,42.7031,24.9164,35.335,96.151,109.918,121.238,0.094,838.637,139,15.7503
adaptive,offered_50,262144,13,9.5286,43.4768,23.2233,35.431,97.195,108.634,115.214,0.095,854.855,88,15.4279
adaptive,offered_50,262144,14,9.4967,45.2665,23.1842,36.027,97.916,108.5,124.257,0.094,923.889,92,15.2888
adaptive,offered_50,262144,15,9.37958,50.0136,49.6528,36.207,109.31,361.718,420.146,0.094,833.178,149,15.9387
adaptive,offered_50,1048576,1,8.36386,2.54582,3.71426,3.532,4.685,15.803,61.51,11.915,669.394,493,98.4973
adaptive,offered_50,1048576,2,8.28543,3.8659,13.2446,3.669,4.952,51.707,181.886,8.821,668.315,487,100.518
adaptive,offered_50,1048576,3,8.32419,8.85393,42.7815,3.717,11.379,275.098,443.535,7.049,731.643,487,99.4585
adaptive,offered_50,1048576,4,8.31148,2.92832,5.90142,2.557,4.704,31.05,71.292,9.5,673.101,493,98.7825
adaptive,offered_50,1048576,5,8.28381,2.39509,2.33545,3.538,4.616,7.624,18.274,13.605,716.367,492,98.417
adaptive,offered_50,1048576,6,8.29222,3.35883,7.58971,3.56,5.63,36.61,86.918,9.21,679.045,496,99.1215
adaptive,offered_50,1048576,7,8.13782,12.6602,55.628,3.666,24.056,311.002,544.407,7.676,667.758,468,102.282
adaptive,offered_50,1048576,8,8.25203,3.37695,8.05726,0.886,7.15,34.493,99.138,0.096,692.902,491,98.6839
adaptive,offered_50,1048576,9,8.08999,6.21065,23.7978,3.666,13.334,164.636,221.389,8.371,694.415,484,100.862
adaptive,offered_50,1048576,10,7.97772,12.4401,56.4079,3.682,32.311,323.723,559.784,8.53,660.703,477,102.914
adaptive,offered_50,1048576,11,8.05765,13.5521,58.0352,3.711,52.667,382.993,554.055,8.522,685.862,466,101.887
adaptive,offered_50,1048576,12,8.2171,4.82328,13.7818,3.602,9.217,83.188,126.6,9.522,735.172,481,99.596
adaptive,offered_50,1048576,13,8.21002,5.24351,19.0391,3.659,6.071,114.942,202.695,10.86,648.688,489,99.8344
adaptive,offered_50,1048576,14,8.33757,2.45593,2.82096,3.579,4.509,10.64,36.497,12.66,695.804,498,98.4358
adaptive,offered_50,1048576,15,8.27824,2.39021,2.32576,3.521,4.634,10.915,17.011,11.635,705.07,500,98.8498
adaptive,offered_75,64,1,0.0145039,2.98448,2.50256,2.95,3.993,4.47,51.185,196.473,198.639,4210,1.07882
adaptive,offered_75,64,2,0.0144484,4.27681,52.8707,2.962,4.052,5.603,63.116,196.467,198.622,4245,1.08037
adaptive,offered_75,64,3,0.014503,3.07116,3.6116,2.957,4.019,4.712,55.372,196.458,198.918,4291,1.08006
adaptive,offered_75,64,4,0.0144994,2.99735,2.6196,2.947,4.006,4.567,50.681,196.48,199.283,4129,1.07976
adaptive,offered_75,64,5,0.0144807,3.48072,29.8987,2.972,4.019,4.617,49.739,196.462,198.864,4275,1.07899
adaptive,offered_75,64,6,0.014476,3.58035,26.3841,2.964,4.005,4.604,55.754,196.474,198.462,4232,1.07933
adaptive,offered_75,64,7,0.0145035,3.00378,2.67449,2.952,3.995,4.608,53.315,196.471,198.744,4219,1.0794
adaptive,offered_75,64,8,0.0145017,3.00199,2.9253,2.957,3.998,4.508,50.219,196.469,198.113,4135,1.07957
adaptive,offered_75,64,9,0.0145062,3.02275,2.73386,2.968,4.043,4.596,53.106,196.463,200.447,4339,1.07919
adaptive,offered_75,64,10,0.0145,3.03463,2.70334,2.976,4.013,4.547,51.275,196.456,198.237,4174,1.07955
adaptive,offered_75,64,11,0.014506,3.04991,3.04005,2.972,4.03,4.658,54.111,196.465,198.499,4279,1.07927
adaptive,offered_75,64,12,0.0145044,3.00341,2.70196,2.941,3.969,4.497,49.594,196.488,198.778,4161,1.07977
adaptive,offered_75,64,13,0.014507,3.01562,2.59003,2.977,4.026,4.584,50.462,196.499,198.66,4234,1.07875
adaptive,offered_75,64,14,0.0145017,3.01027,2.73048,2.966,4.008,4.505,53.05,196.47,198.208,4186,1.07923
adaptive,offered_75,64,15,0.0144741,3.93451,45.3189,2.993,4.135,6.621,58.608,196.467,198.49,4231,1.08136
adaptive,offered_75,256,1,0.0580753,4.01728,5.32898,3.486,4.798,47.933,54.883,196.208,197.864,1024,1.1067
adaptive,offered_75,256,2,0.0580353,4.01177,5.12047,3.546,4.802,47.204,59.177,196.152,197.85,1024,1.10518
adaptive,offered_75,256,3,0.0580618,4.12971,6.68962,3.524,4.844,48.027,62.711,196.253,198.023,1024,1.10588
adaptive,offered_75,256,4,0.0580702,3.97911,5.01507,3.529,4.785,47.514,55.83,196.168,197.74,1024,1.10465
adaptive,offered_75,256,5,0.0580653,3.99191,6.0662,3.434,4.686,48.785,64.944,196.257,197.969,1024,1.1051
adaptive,offered_75,256,6,0.0579825,4.11239,7.11178,3.47,4.786,48.471,59.676,196.257,201.293,1043,1.10635
adaptive,offered_75,256,7,0.0579738,3.8139,4.33356,3.488,4.751,5.779,54.468,196.173,197.901,1024,1.10513
adaptive,offered_75,256,8,0.0579327,4.03024,6.47743,3.511,4.793,22.143,64.53,196.21,200.514,1027,1.1068
adaptive,offered_75,256,9,0.0579633,4.12558,6.11459,3.518,4.808,49.329,67.813,196.192,198.574,1024,1.10585
adaptive,offered_75,256,10,0.0579166,3.94752,4.90059,3.51,4.799,21.149,57.334,196.226,198.194,1025,1.10695
adaptive,offered_75,256,11,0.0579263,3.95196,4.95928,3.494,4.809,24.567,56.333,196.238,197.934,1025,1.10792
adaptive,offered_75,256,12,0.057929,3.89742,4.77993,3.491,4.767,7.723,54.133,196.222,197.818,1024,1.10605
adaptive,offered_75,256,13,0.0576379,5.75608,56.1341,3.527,4.872,47.138,66.613,196.205,199.222,1023,1.10568
adaptive,offered_75,256,14,0.0580395,4.02372,5.53201,3.517,4.823,47.714,66.74,196.164,197.804,1024,1.10519
adaptive,offered_75,256,15,0.0579641,3.85647,4.49241,3.485,4.763,9.016,52.754,196.234,197.877,1024,1.10672
adaptive,offered_75,1024,1,0.232803,5.69972,4.20363,5.519,6.715,9.251,54.589,192.586,194.415,256,1.16714
adaptive,offered_75,1024,2,0.232431,6.82307,8.48597,5.552,6.768,54.355,66.218,192.529,194.612,256,1.17417
adaptive,offered_75,1024,3,0.232292,6.89957,9.22172,5.439,6.71,56.074,78.58,192.619,237.256,256,1.17011
adaptive,offered_75,1024,4,0.232298,6.07024,13.9729,5.394,6.496,7.814,229.002,192.568,194.21,256,1.16493
adaptive,offered_75,1024,5,0.232539,6.02792,10.1868,5.342,7.014,12.826,160.581,192.62,226.482,256,1.16856
adaptive,offered_75,1024,6,0.232473,5.28301,1.04439,5.455,6.587,7.814,10.225,192.548,194.787,256,1.16538
adaptive,offered_75,1024,7,0.232523,5.21868,1.0153,5.383,6.588,7.621,8.79,192.573,194.445,256,1.16564
adaptive,offered_75,1024,8,0.232464,7.89355,14.0989,5.418,7.063,68.069,155.402,192.621,235.729,256,1.17555
adaptive,offered_75,1024,9,0.23246,7.40321,10.2187,5.535,7.016,56.081,73.84,192.538,195.378,256,1.17272
adaptive,offered_75,1024,10,0.232615,8.1437,17.8617,5.56,7.855,55.303,254.415,192.581,211.647,255,1.17147
adaptive,offered_75,1024,11,0.233255,7.24126,9.64579,5.575,6.953,57.24,67.535,192.619,242.285,256,1.17019
adaptive,offered_75,1024,12,0.232718,7.01142,8.57129,5.622,7.003,53.055,56.226,192.553,214.872,256,1.17426
adaptive,offered_75,1024,13,0.232504,8.10533,16.6747,5.497,7.382,55.359,227.196,192.59,195.89,256,1.17048
adaptive,offered_75,1024,14,0.232331,5.2085,1.04397,5.371,6.495,7.752,11.259,192.58,194.22,256,1.16931
adaptive,offered_75,1024,15,0.231124,6.27139,14.3666,5.379,6.963,24.511,233.745,192.581,198.122,257,1.1676
adaptive,offered_75,4096,1,0.89652,4.35557,6.50078,3.43,4.238,52.217,56.967,193.458,194.556,512,1.32665
adaptive,offered_75,4096,2,0.896027,3.46626,0.486715,3.4,4.166,4.714,8.884,193.412,194.705,512,1.3279
adaptive,offered_75,4096,3,0.896188,4.20772,5.9873,3.381,4.176,50.167,55.06,193.382,195.03,512,1.32777
adaptive,offered_75,4096,4,0.895586,3.52275,1.64938,3.369,4.171,5.333,38.46,193.372,194.422,512,1.32742
adaptive,offered_75,4096,5,0.895302,4.70786,9.2751,3.436,4.245,52.713,148.282,193.444,195.689,513,1.3287
adaptive,offered_75,4096,6,0.894936,4.84706,11.3246,3.456,4.365,53.644,209.1,193.393,195.555,513,1.32985
adaptive,offered_75,4096,7,0.896134,4.6168,7.35236,3.512,4.351,52.856,68.359,193.434,200.399,512,1.32875
adaptive,offered_75,4096,8,0.895985,4.59735,7.78519,3.461,4.226,55.162,70.556,193.461,195.142,512,1.32906
adaptive,offered_75,4096,9,0.89584,4.37977,6.74417,3.442,4.277,52.853,63.113,193.458,194.838,513,1.32825
adaptive,offered_75,4096,10,0.89605,4.61971,7.15416,3.512,4.403,52.639,56.627,193.463,195.629,512,1.32864
adaptive,offered_75,4096,11,0.897124,4.51681,7.31636,3.407,4.212,54.04,59.059,193.395,194.336,512,1.32619
adaptive,offered_75,4096,12,0.896437,4.69822,7.69819,3.556,4.422,55.448,80.975,193.478,200.951,512,1.32885
adaptive,offered_75,4096,13,0.895839,4.33243,6.39953,3.392,4.244,51.05,56.451,193.432,195.596,512,1.32854
adaptive,offered_75,4096,14,0.896761,5.01552,10.7544,3.533,4.445,55.445,178.692,193.479,194.754,512,1.32841
adaptive,offered_75,4096,15,0.896506,4.74215,7.26527,3.562,4.575,51.626,56.794,193.434,194.745,512,1.329
adaptive,offered_75,16384,1,3.23378,13.9819,12.8115,11.685,53.772,65.527,69.931,181.537,226.53,128,1.98848
adaptive,offered_75,16384,2,3.24039,13.9718,13.6938,11.448,53.403,68.45,95.823,181.557,223.68,128,1.97692
adaptive,offered_75,16384,3,3.22543,13.097,11.3591,11.415,47.945,62.958,69.785,181.726,220.786,128,1.98483
adaptive,offered_75,16384,4,3.23376,13.1848,11.6746,11.512,49.053,65.146,77.223,181.687,238.109,128,1.9803
adaptive,offered_75,16384,5,3.23275,13.1259,11.894,11.346,50.992,66.061,73.557,181.69,223.167,128,1.976
adaptive,offered_75,16384,6,3.23347,13.2287,11.8665,11.48,49.219,66.363,74.791,181.51,233.083,128,1.98051
adaptive,offered_75,16384,7,3.23015,13.295,12.1233,11.407,48.641,67.76,79.578,181.601,223.878,128,1.98394
adaptive,offered_75,16384,8,3.21747,10.5554,3.98137,10.879,15.797,18.586,22.585,181.635,187.167,128,1.98614
adaptive,offered_75,16384,9,3.24199,15.2017,15.4422,11.694,58.999,75.061,90.403,181.668,225.148,128,1.98025
adaptive,offered_75,16384,10,3.22854,12.8462,10.6917,11.529,21.211,63.349,67.697,181.634,216.596,128,1.98517
adaptive,offered_75,16384,11,3.23255,12.6239,10.6628,11.24,16.866,63.136,68.954,181.626,186.235,128,1.97875
adaptive,offered_75,16384,12,3.24211,13.9244,13.2038,11.534,53.755,67.237,77.294,181.532,228.061,128,1.98058
adaptive,offered_75,16384,13,3.22954,10.3836,3.98648,10.739,15.361,17.584,26.48,181.778,186.802,128,1.97401
adaptive,offered_75,16384,14,3.23268,13.6981,12.6755,11.599,53.373,67.751,74.428,181.593,232.199,128,1.97857
adaptive,offered_75,16384,15,3.22707,13.1587,11.9846,11.345,48.752,66.669,78.679,181.633,224.532,128,1.98542
adaptive,offered_75,65536,1,8.25671,42.2766,17.8017,51.633,60.388,67.433,69.548,189.944,218.048,32,4.70899
adaptive,offered_75,65536,2,8.27648,41.6638,18.8077,51.107,61.62,69.151,74.306,0.094,296.39,91,4.72486
adaptive,offered_75,65536,3,8.23445,33.7003,18.6243,30.03,59.29,64.437,65.697,165.053,259.113,41,4.81629
adaptive,offered_75,65536,4,8.3185,42.6539,18.5395,52.159,61.681,65.511,66.66,147.144,258.151,58,4.65882
adaptive,offered_75,65536,5,8.32369,40.7416,18.8087,50.801,60.196,63.158,65.112,187.526,273.383,35,4.68563
adaptive,offered_75,65536,6,8.2521,45.1901,17.6225,52.708,62.916,76.752,78.6,191.226,216.012,32,4.67394
adaptive,offered_75,65536,7,8.26562,37.6344,19.7058,36.102,62.375,68.725,74.253,146.02,299.472,53,4.73007
adaptive,offered_75,65536,8,8.24789,43.36,18.4657,52.221,64.111,71.109,76.516,189.256,225.296,32,4.6849
adaptive,offered_75,65536,9,8.20166,45.4901,16.3643,52.324,61.652,63.878,66.136,191.912,220.418,32,4.70047
adaptive,offered_75,65536,10,8.31593,44.048,19.995,51.508,69.607,103.742,119.369,187.288,275.804,32,4.69631
adaptive,offered_75,65536,11,8.24315,44.2879,17.3764,52.196,62.086,73.384,79.693,190.554,223.802,32,4.68837
adaptive,offered_75,65536,12,8.24767,38.0164,19.0296,46.836,61.112,64.092,65.084,174.769,235.796,32,4.77498
adaptive,offered_75,65536,13,8.29372,36.804,19.0337,33.129,59.463,62.605,65.473,165.451,240.962,40,4.77146
adaptive,offered_75,65536,14,8.23266,43.8699,17.9747,52.04,64.722,68.133,72.061,190.585,224.172,32,4.6997
adaptive,offered_75,65536,15,8.2443,43.3476,17.5267,51.862,62.06,67.524,69.382,192.156,239.842,32,4.69535
adaptive,offered_75,262144,1,12.3599,41.1494,78.0852,31.162,55.477,540.377,702.519,0.094,274.069,234,16.6507
adaptive,offered_75,262144,2,12.6824,26.6577,13.0035,28.992,48.734,56.783,70.336,0.094,265.303,85,16.1428
adaptive,offered_75,262144,3,12.8674,28.6825,11.1845,30.469,48.247,52.551,65.428,0.094,258.641,99,15.9594
adaptive,offered_75,262144,4,12.7794,29.1751,11.943,30.712,49.877,57.296,74.202,0.094,252.639,95,16.0253
adaptive,offered_75,262144,5,12.2962,27.353,13.881,30.077,50.249,59.458,70.52,0.094,263.242,250,16.6141
adaptive,offered_75,262144,6,12.7777,28.7635,11.4091,29.749,49.214,53.442,61.548,0.094,245.836,126,16.0747
adaptive,offered_75,262144,7,12.8577,29.7486,11.1528,31.626,49.433,53.143,60.495,0.095,263.578,78,15.9603
adaptive,offered_75,262144,8,12.6044,32.7934,34.8785,30.197,51.217,238.243,302.516,0.094,268.894,172,16.2527
adaptive,offered_75,262144,9,12.3412,26.9411,13.6919,29.981,49.551,56.37,64.409,0.094,279.981,279,16.634
adaptive,offered_75,262144,10,12.8388,28.819,11.2937,30.553,48.101,53.374,74.654,0.094,328.077,91,16.0746
adaptive,offered_75,262144,11,12.8163,29.4856,10.8205,30.863,48.881,55.26,61.861,0.095,274.34,80,16.0339
adaptive,offered_75,262144,12,12.7434,28.5749,12.636,30.649,49.75,57.331,64.868,0.094,284.895,168,16.0728
adaptive,offered_75,262144,13,12.6086,26.9898,12.8333,28.436,49.535,55.362,68.6,0.094,243.837,170,16.3402
adaptive,offered_75,262144,14,12.8435,30.0127,11.1492,31.278,49.502,54.626,68.747,0.095,269.243,91,15.9488
adaptive,offered_75,262144,15,12.6768,26.6904,11.9196,28.723,48.676,52.253,56.579,0.094,231.854,115,16.2063
adaptive,offered_75,1048576,1,8.63492,7.01318,32.7425,3.681,4.715,186.036,360.766,11.05,230.015,492,99.7288
adaptive,offered_75,1048576,2,8.8054,2.28927,1.9176,3.567,4.563,5.322,10.569,15.352,269.41,500,97.3658
adaptive,offered_75,1048576,3,8.79993,7.67895,39.0315,3.764,5.094,246.946,400.569,13.904,234.104,490,97.3801
adaptive,offered_75,1048576,4,8.71457,9.60091,48.1787,3.685,4.997,296.786,461.369,1.342,273.274,491,98.4109
adaptive,offered_75,1048576,5,8.82503,2.3351,2.00345,3.712,4.568,5.172,12.741,11.697,268.81,504,97.0066
adaptive,offered_75,1048576,6,8.85343,2.29886,1.93028,3.622,4.501,5.814,10.705,12.012,238.58,508,96.7535
adaptive,offered_75,1048576,7,8.69865,88.8359,282.733,3.844,819.332,1334.39,1369,14.955,270.96,452,97.1198
adaptive,offered_75,1048576,8,8.79081,2.27588,1.9009,3.55,4.49,4.812,10.448,11.324,232.444,512,97.4296
adaptive,offered_75,1048576,9,8.89172,2.30888,1.90325,3.695,4.622,4.94,7.565,14.004,233.029,501,96.4898
adaptive,offered_75,1048576,10,8.64787,2.92908,7.49057,3.667,4.867,8.475,124.872,8.586,233.97,499,99.7534
adaptive,offered_75,1048576,11,8.77932,401.683,962.071,3.958,3065.81,3737.92,3781.86,6.28,267.165,414,92.9332
adaptive,offered_75,1048576,12,8.68831,8.33571,40.1853,3.8,5.133,262.234,412.856,9.402,236.146,488,100.991
adaptive,offered_75,1048576,13,8.71065,13.9724,71.0609,3.783,6.121,396.96,706.252,6.813,233.587,484,99.7061
adaptive,offered_75,1048576,14,8.82317,2.62922,4.21227,0.617,4.678,18.474,57.916,0.095,232.44,507,99.0166
adaptive,offered_75,1048576,15,8.84185,2.31577,1.96545,3.666,4.553,6.326,11.327,12.088,234.031,504,96.7289
adaptive,offered_90,64,1,0.0343292,2.87429,0.503078,2.944,3.466,3.729,6.791,45.377,46.314,4096,1.07693
adaptive,offered_90,64,2,0.0343312,2.919,1.58632,2.936,3.471,3.802,21.823,45.371,46.287,4101,1.07583
adaptive,offered_90,64,3,0.0343111,3.01387,4.99575,2.945,3.473,3.807,26.496,45.37,46.465,4096,1.07616
adaptive,offered_90,64,4,0.0343097,3.01832,4.33057,2.977,3.576,3.878,12.971,45.33,46.372,4099,1.07539
adaptive,offered_90,64,5,0.0343254,2.95729,1.93,2.95,3.518,3.965,49.532,45.331,46.611,4100,1.07635
adaptive,offered_90,64,6,0.0340191,3.22579,17.0948,2.956,3.491,3.898,51.818,45.359,46.975,4120,1.07567
adaptive,offered_90,64,7,0.0341024,2.92398,1.60584,2.946,3.499,3.83,25.76,45.396,46.851,4104,1.07578
adaptive,offered_90,64,8,0.0343378,2.95428,1.9642,2.946,3.505,3.84,49.985,45.369,46.438,4098,1.07528
adaptive,offered_90,64,9,0.0343279,2.92546,1.65578,2.938,3.485,3.877,19.747,45.377,46.586,4100,1.07563
adaptive,offered_90,64,10,0.0343273,2.98502,1.96354,2.978,3.567,3.861,49.396,45.349,46.487,4099,1.07528
adaptive,offered_90,64,11,0.0343083,3.01595,5.48327,2.969,3.495,3.808,39.597,45.358,46.274,4101,1.07605
adaptive,offered_90,64,12,0.032975,7.85886,104.679,2.997,3.706,5.496,1888.9,45.373,48.022,4090,1.07495
adaptive,offered_90,64,13,0.03432,2.94373,2.06289,2.934,3.489,3.808,49.777,45.317,46.215,4099,1.07646
adaptive,offered_90,64,14,0.0343315,2.98024,2.04971,2.97,3.542,3.856,49.81,45.357,46.412,4101,1.07572
adaptive,offered_90,64,15,0.0343278,2.86555,0.483522,2.942,3.447,3.679,4.959,45.391,46.369,4096,1.07675
adaptive,offered_90,256,1,0.137354,3.42053,0.788446,3.494,4.092,4.533,16.668,44.891,45.618,1024,1.09711
adaptive,offered_90,256,2,0.137262,3.38888,0.988273,3.461,4.032,4.307,13.145,44.875,45.693,1024,1.09636
adaptive,offered_90,256,3,0.137313,3.39141,0.687294,3.475,4.057,4.44,7.409,44.879,45.699,1024,1.09819
adaptive,offered_90,256,4,0.137359,3.3776,0.576261,3.475,4.035,4.342,10.124,44.861,45.495,1024,1.09619
adaptive,offered_90,256,5,0.137314,3.37505,0.516585,3.476,4.04,4.311,5.378,44.87,45.568,1024,1.09734
adaptive,offered_90,256,6,0.137258,3.43553,0.950927,3.505,4.105,4.441,14.677,44.839,45.8,1024,1.09857
adaptive,offered_90,256,7,0.137409,3.38784,0.510924,3.486,4.055,4.338,6.519,44.832,45.478,1024,1.09648
adaptive,offered_90,256,8,0.137308,3.42294,0.59284,3.511,4.138,4.506,6.56,44.843,45.865,1024,1.09715
adaptive,offered_90,256,9,0.137288,3.47991,1.95257,3.503,4.113,5.097,12.402,44.851,45.993,1024,1.09665
adaptive,offered_90,256,10,0.137335,3.38879,0.661605,3.482,4.055,4.325,6.61,44.865,45.794,1025,1.09611
adaptive,offered_90,256,11,0.137224,3.42435,0.824722,3.495,4.092,4.546,13.385,44.878,45.961,1024,1.09785
adaptive,offered_90,256,12,0.13726,3.38646,0.604943,3.475,4.056,4.334,11.751,44.856,45.498,1024,1.09723
adaptive,offered_90,256,13,0.13734,3.39084,0.844948,3.465,4.033,4.349,9.698,44.879,45.625,1024,1.09629
adaptive,offered_90,256,14,0.137315,3.39565,0.853807,3.468,4.043,4.42,11.7,44.892,45.948,1024,1.09725
adaptive,offered_90,256,15,0.137349,3.36453,0.522631,3.465,4.029,4.302,5.312,44.892,45.636,1024,1.09594
adaptive,offered_90,1024,1,0.547574,5.04666,1.13677,5.343,6.007,6.514,13.862,42.058,44.047,256,1.16565
adaptive,offered_90,1024,2,0.549595,4.98736,0.996365,5.315,5.99,6.292,9.456,42.102,43.296,256,1.16164
adaptive,offered_90,1024,3,0.550211,5.02522,1.01845,5.354,6.059,6.864,8.659,42.078,43.707,256,1.16256
adaptive,offered_90,1024,4,0.549241,5.01908,1.10847,5.316,6.017,6.423,13.02,42.111,43.451,256,1.16527
adaptive,offered_90,1024,5,0.547734,5.07239,1.06087,5.387,6.115,6.953,12.606,42.056,43.481,256,1.16773
adaptive,offered_90,1024,6,0.549988,4.99371,0.987265,5.323,5.995,6.341,8.679,42.085,44.069,255,1.16195
adaptive,offered_90,1024,7,0.548709,5.02695,1.00889,5.368,6.057,6.421,9.012,41.983,43.884,256,1.16142
adaptive,offered_90,1024,8,0.505109,5.15611,1.7427,5.36,6.172,10.797,20.776,42.102,101.091,256,1.16
adaptive,offered_90,1024,9,0.549278,4.9937,1.0598,5.297,5.998,6.705,13.368,42.204,44.28,256,1.16597
adaptive,offered_90,1024,10,0.548986,5.01058,1.06803,5.349,6.076,6.364,11.957,42.125,44.798,256,1.16205
adaptive,offered_90,1024,11,0.549879,4.98953,1.07593,5.307,6.046,7.734,10.323,42.149,46.251,256,1.16145
adaptive,offered_90,1024,12,0.549855,5.04612,1.06481,5.366,6.058,6.989,10.418,42.086,43.328,256,1.16244
adaptive,offered_90,1024,13,0.547521,4.99248,1.01545,5.318,6.026,6.314,11.389,42.127,44.852,256,1.16739
adaptive,offered_90,1024,14,0.550891,4.99978,1.0146,5.353,5.993,6.252,9.509,42.057,43.514,256,1.1584
adaptive,offered_90,1024,15,0.548038,5.03391,1.04599,5.349,6.049,6.374,11.954,42.068,43.73,256,1.16739
adaptive,offered_90,4096,1,1.95288,3.17765,0.368746,3.149,3.761,4.439,6.616,43.03,43.723,512,1.32024
adaptive,offered_90,4096,2,1.95548,3.30216,1.41145,3.19,3.981,4.698,32.328,43.02,46.61,512,1.31625
adaptive,offered_90,4096,3,1.95303,3.20838,0.418604,3.17,3.855,4.572,8.086,43.007,45.86,512,1.31734
adaptive,offered_90,4096,4,1.95278,3.24262,0.538852,3.189,3.911,4.652,11.369,42.968,45.818,512,1.3188
adaptive,offered_90,4096,5,1.95464,3.26916,1.92634,3.155,3.83,4.496,45.649,43.021,43.724,512,1.31728
adaptive,offered_90,4096,6,1.95293,3.19368,0.510214,3.152,3.79,4.485,11.155,43.026,44.979,514,1.31889
adaptive,offered_90,4096,7,1.95407,3.23939,1.36602,3.15,3.817,4.523,32.633,43.041,44.158,512,1.31906
adaptive,offered_90,4096,8,1.95013,3.32347,1.99758,3.196,3.915,4.72,46.986,43.042,51.786,513,1.31759
adaptive,offered_90,4096,9,1.95515,3.19376,0.377377,3.162,3.827,4.439,6.903,43.016,43.756,512,1.31842
adaptive,offered_90,4096,10,1.95249,3.17169,0.366465,3.142,3.75,4.374,6.534,43.019,43.822,512,1.32034
adaptive,offered_90,4096,11,1.95128,3.57802,7.79675,3.167,3.849,4.634,178.607,42.977,45.837,511,1.31731
adaptive,offered_90,4096,12,1.9536,3.20492,0.40228,3.173,3.814,4.422,8.721,43.026,43.709,512,1.32086
adaptive,offered_90,4096,13,1.93904,4.66626,23.6413,3.174,3.984,6.518,507.798,43.039,45.928,510,1.31649
adaptive,offered_90,4096,14,1.95306,3.16798,0.373749,3.137,3.748,4.407,6.764,43.051,43.848,512,1.31999
adaptive,offered_90,4096,15,1.95282,3.22708,0.679493,3.171,3.821,4.537,15.605,43.008,46.169,512,1.31544
adaptive,offered_90,16384,1,6.35005,9.4012,3.75121,9.573,14.423,15.198,17.468,32.044,87.794,128,1.95363
adaptive,offered_90,16384,2,6.31264,9.49776,3.67419,9.64,14.432,15.123,16.883,32.077,35.161,128,1.96856
adaptive,offered_90,16384,3,6.33794,9.54463,3.81971,9.666,14.506,17.094,22.155,31.971,39.442,128,1.9619
adaptive,offered_90,16384,4,6.32058,9.48961,3.71336,9.669,14.357,15.066,18.556,32.035,34.525,128,1.97057
adaptive,offered_90,16384,5,6.32764,9.49601,3.7163,9.636,14.413,15.042,19.989,31.988,35.311,128,1.96935
adaptive,offered_90,16384,6,6.36646,9.43546,3.74149,9.571,14.392,15.435,17.908,32.106,44.112,128,1.95446
adaptive,offered_90,16384,7,6.35656,9.47764,3.70067,9.659,14.377,14.975,19.296,31.988,33.652,128,1.95851
adaptive,offered_90,16384,8,6.31965,9.43901,3.75337,9.584,14.43,15.27,18,31.973,34.971,137,1.96888
adaptive,offered_90,16384,9,6.3552,9.51574,3.73666,9.684,14.497,15.495,17.207,31.917,34.351,128,1.96094
adaptive,offered_90,16384,10,6.32426,9.51776,3.71217,9.678,14.515,15.443,16.796,32.097,34.251,128,1.97173
adaptive,offered_90,16384,11,6.32469,9.54062,3.74855,9.689,14.464,15.439,17.909,32.07,74.164,128,1.96007
adaptive,offered_90,16384,12,6.36046,9.55828,3.82214,9.694,14.488,16.068,23.251,31.962,34.17,128,1.95966
adaptive,offered_90,16384,13,6.31711,9.50017,3.71261,9.651,14.456,15.27,17.006,32.056,34.081,128,1.97049
adaptive,offered_90,16384,14,6.36586,9.43414,3.70436,9.553,14.4,15.301,18.008,32.006,33.859,128,1.95829
adaptive,offered_90,16384,15,6.30742,9.43618,3.76959,9.581,14.497,15.624,18.304,31.849,34.677,140,1.97624
adaptive,offered_90,65536,1,11.8046,19.6246,9.55274,20.506,31.971,41.181,44.716,0.116,86.306,81,4.89486
adaptive,offered_90,65536,2,11.8878,21.2037,10.7165,21.316,36.475,52.535,77.915,17.756,54.032,32,4.89026
adaptive,offered_90,65536,3,11.7226,20.9265,10.0171,21.513,37.196,45.466,53.644,17.959,81.787,32,4.92067
adaptive,offered_90,65536,4,11.9052,20.5684,10.7532,20.534,35.886,52.094,71.21,17.881,56.934,32,4.88712
adaptive,offered_90,65536,5,11.7878,19.1042,8.52151,19.878,30.471,31.899,34.873,18.268,150.572,32,4.869
adaptive,offered_90,65536,6,11.7681,19.0163,9.25101,19.913,31.083,36.473,40.821,13.328,75.214,60,4.89692
adaptive,offered_90,65536,7,11.846,19.6868,9.42111,20.517,32.63,37.177,39.139,16.13,55.585,54,4.8923
adaptive,offered_90,65536,8,11.8025,19.1186,9.1056,20.004,30.941,36.15,39.984,17.598,65.148,40,4.89176
adaptive,offered_90,65536,9,11.4904,25.7269,16.9584,24.003,60.703,74.564,94.064,0.094,131.067,66,4.84923
adaptive,offered_90,65536,10,11.8757,23.7686,14.9568,22.854,46.043,82.347,92.669,17.104,86.518,32,4.8567
adaptive,offered_90,65536,11,11.7395,19.645,10.4046,19.137,31.987,52.095,72.619,18.197,58.161,32,4.9346
adaptive,offered_90,65536,12,11.9698,23.1243,13.7801,22.17,47.787,64.766,81.988,16.561,99.764,32,4.78032
adaptive,offered_90,65536,13,11.8553,24.9546,15.096,23.678,57.626,65.747,69.524,17.262,119.507,32,4.72477
adaptive,offered_90,65536,14,11.932,23.1332,14.5698,22.305,56.318,62.672,64.13,0.117,137.693,87,4.71271
adaptive,offered_90,65536,15,11.8884,25.2589,16.6511,23.556,63.38,68.162,70.979,16.682,145.425,47,4.67572
adaptive,offered_90,262144,1,13.8216,15.2792,12.3331,14.67,32.949,38.404,56.431,0.094,74.5,449,17.0662
adaptive,offered_90,262144,2,14.7097,25.7072,9.52799,27.71,35.72,51.428,65.049,0.095,151.186,91,16.2337
adaptive,offered_90,262144,3,14.525,23.2313,10.693,25.248,35.194,50.398,72.22,0.094,96.467,127,16.3895
adaptive,offered_90,262144,4,14.6255,24.9926,10.9472,27.025,34.382,54.548,107.665,0.094,156.449,89,16.2879
adaptive,offered_90,262144,5,14.5403,22.9224,10.6944,25.586,34.372,47.838,71.403,0.094,137,154,16.3192
adaptive,offered_90,262144,6,13.8213,20.9119,13.1489,24.326,35.836,53.433,72.871,0.093,115.629,397,16.9612
adaptive,offered_90,262144,7,14.8207,23.6588,11.3313,27.378,34.902,42.777,79.449,0.094,84.194,123,16.1584
adaptive,offered_90,262144,8,14.5475,22.3544,10.4571,24.778,35.598,50.364,72.297,0.094,121.001,119,16.3077
adaptive,offered_90,262144,9,14.7411,25.2686,12.005,28.7,38.641,57.762,86.496,0.094,151.45,115,16.0323
adaptive,offered_90,262144,10,13.6793,43.3914,112.488,16.306,287.571,618.198,719.253,0.094,103.906,547,17.0118
adaptive,offered_90,262144,11,14.7136,25.3478,9.45406,27.406,35.166,48.898,72.01,0.094,150.163,92,16.2294
adaptive,offered_90,262144,12,14.558,23.7644,11.4246,26.403,36.977,54.873,72.626,0.094,105.468,108,16.2972
adaptive,offered_90,262144,13,14.6583,24.7587,10.2673,27.365,34.774,50.652,71.537,0.094,165.837,99,16.2352
adaptive,offered_90,262144,14,14.3041,12.2877,10.402,9.423,28.431,39.383,51.993,0.094,106.218,274,16.4072
adaptive,offered_90,262144,15,14.0389,46.9077,122.014,25.48,195.64,772.881,917.47,0.094,71.52,323,16.8731
adaptive,offered_90,1048576,1,8.90542,2.28854,1.96139,3.602,4.513,6.299,11.766,12.246,118.616,502,98.2384
adaptive,offered_90,1048576,2,8.77204,20.873,107.337,3.76,6.466,656.829,968.01,14.161,119.579,479,100.177
adaptive,offered_90,1048576,3,8.89404,2.47214,3.33429,3.67,4.617,7.504,59.977,7.365,116.033,497,100.78
adaptive,offered_90,1048576,4,9.0144,3.46522,8.79095,3.763,4.804,56.628,100.476,9.984,113.759,490,98.3624
adaptive,offered_90,1048576,5,8.70357,37.1602,139.774,3.916,274.72,796.485,980.849,8.602,117.468,455,102.927
adaptive,offered_90,1048576,6,8.95845,2.63523,4.3304,1.945,4.625,9.171,66.323,7.048,114.756,497,100.031
adaptive,offered_90,1048576,7,8.87642,2.86579,5.97093,3.62,4.701,17.917,82.029,9.025,116.973,488,101.01
adaptive,offered_90,1048576,8,8.79536,11.6568,61.0008,3.742,5.254,334.309,643.826,6.831,112.133,478,102.4
adaptive,offered_90,1048576,9,8.88779,2.87587,5.80051,3.754,4.728,23.137,79.859,10.104,115.355,484,100.484
adaptive,offered_90,1048576,10,8.94992,2.62216,4.25166,3.763,4.689,9.917,62,7.655,114.355,500,100.341
adaptive,offered_90,1048576,11,8.70679,13.6084,63.6164,3.769,4.993,385.913,574.011,7.942,117.368,480,102.799
adaptive,offered_90,1048576,12,8.87674,2.91514,6.27212,3.728,4.662,21.635,79.028,8.082,116.749,492,100.794
adaptive,offered_90,1048576,13,8.99731,2.60726,4.13732,3.601,4.652,10.376,61.276,9.159,120.006,490,99.3299
adaptive,offered_90,1048576,14,8.63115,14.5721,67.3517,3.861,19.297,428.457,562.718,9.879,100.668,459,104.182
adaptive,offered_90,1048576,15,8.87473,2.24737,1.87332,3.586,4.462,4.877,7.284,9.5,120.643,495,99.5503
adaptive,saturated,64,1,0.307043,0.230446,0.270074,0.218,0.356,0.429,4.643,0.093,0.096,76943,0.194039
adaptive,saturated,64,2,0.306693,0.244237,1.00674,0.218,0.355,0.428,4.691,0.093,0.096,76938,0.193896
adaptive,saturated,64,3,0.306677,0.22176,0.107234,0.218,0.355,0.423,1.778,0.093,0.096,78711,0.194366
adaptive,saturated,64,4,0.306859,0.25336,1.29115,0.218,0.355,0.432,6.079,0.093,0.096,77609,0.193796
adaptive,saturated,64,5,0.306912,0.255338,1.03985,0.218,0.356,0.435,8.337,0.093,0.096,76902,0.193641
adaptive,saturated,64,6,0.307234,0.225852,0.17758,0.218,0.355,0.422,3.196,0.093,0.096,77346,0.19401
adaptive,saturated,64,7,0.306782,0.240767,0.882346,0.218,0.355,0.425,5.284,0.093,0.096,77715,0.193904
adaptive,saturated,64,8,0.306962,0.25692,1.23322,0.218,0.356,0.433,8.032,0.093,0.096,76801,0.193752
adaptive,saturated,64,9,0.307717,0.234035,0.499859,0.218,0.355,0.428,4.223,0.093,0.096,76719,0.193581
adaptive,saturated,64,10,0.306377,0.248434,1.35109,0.218,0.355,0.427,3.687,0.093,0.096,77595,0.193926
adaptive,saturated,64,11,0.306912,0.250986,0.860218,0.219,0.369,0.435,5.471,0.093,0.098,72945,0.19359
adaptive,saturated,64,12,0.307723,0.229031,0.292639,0.218,0.355,0.426,3.789,0.093,0.096,76638,0.193665
adaptive,saturated,64,13,0.307338,0.230732,0.37025,0.218,0.355,0.427,3.144,0.093,0.096,76897,0.193872
adaptive,saturated,64,14,0.305989,0.257056,1.31293,0.218,0.355,0.43,6.816,0.093,0.096,77463,0.194064
adaptive,saturated,64,15,0.30669,0.260667,1.01954,0.219,0.37,0.44,8.028,0.093,0.096,73633,0.193772
adaptive,saturated,256,1,1.18194,0.49136,2.27916,0.357,0.761,1.226,28.345,0.094,0.096,5718,0.199921
adaptive,saturated,256,2,1.16492,0.462618,2.06035,0.349,0.569,1.03,17.995,0.094,0.097,6407,0.20266
adaptive,saturated,256,3,1.20933,0.349079,0.273731,0.329,0.591,1.248,4.561,0.094,0.118,4711,0.197181
adaptive,saturated,256,4,1.18348,0.378034,0.235492,0.352,0.593,0.932,4.077,0.094,0.117,5988,0.201491
adaptive,saturated,256,5,1.18523,0.431804,0.874114,0.354,0.623,1.135,16.1,0.094,0.096,5920,0.200963
adaptive,saturated,256,6,1.1783,0.455304,1.75201,0.353,0.586,1.073,18.456,0.094,0.096,5762,0.200612
adaptive,saturated,256,7,1.20097,0.394042,0.241595,0.355,0.701,1.19,3.766,0.094,0.117,5278,0.198546
adaptive,saturated,256,8,1.17654,0.477841,2.43485,0.351,0.586,1.007,18.806,0.094,0.097,6047,0.20109
adaptive,saturated,256,9,1.19367,0.410131,0.39738,0.354,0.679,1.494,7.507,0.094,0.118,5550,0.199762
adaptive,saturated,256,10,1.1843,0.485503,1.78111,0.352,0.602,2.873,13.231,0.094,0.118,5940,0.200637
adaptive,saturated,256,11,1.19266,0.400237,0.459821,0.353,0.614,1.215,9.502,0.094,0.118,5872,0.199937
adaptive,saturated,256,12,1.18695,0.457853,0.959756,0.356,0.746,2.212,17.783,0.094,0.115,5776,0.20025
adaptive,saturated,256,13,1.18364,0.467817,1.72009,0.359,0.705,1.271,17.229,0.094,0.096,5600,0.199598
adaptive,saturated,256,14,1.17812,0.361609,0.28283,0.347,0.553,0.634,5.508,0.094,0.096,6238,0.201704
adaptive,saturated,256,15,1.1811,0.544019,2.93632,0.355,0.69,1.707,29.981,0.094,0.096,5598,0.199818
adaptive,saturated,1024,1,4.63662,12.1591,0.732945,12.059,13.491,14.913,16.22,0.117,0.117,1,0.20577
adaptive,saturated,1024,2,4.66603,12.143,0.764416,12.098,12.997,15.017,16.315,0.095,0.095,1,0.204464
adaptive,saturated,1024,3,4.60446,12.1247,2.43631,11.898,13.606,22.736,42.673,0.118,0.118,1,0.20721
adaptive,saturated,1024,4,4.56366,12.3465,0.874866,12.262,13.5,14.877,19.384,3.855,3.855,1,0.209077
adaptive,saturated,1024,5,4.44076,12.1869,2.33745,11.965,14.279,24.175,34.206,0.117,0.117,2,0.214942
adaptive,saturated,1024,6,4.53849,12.3257,4.64608,11.922,12.819,15.348,87.845,127.7,127.7,1,0.203357
adaptive,saturated,1024,7,4.41369,12.3662,3.6594,12.022,12.972,17.623,72.188,127.07,127.07,1,0.209298
adaptive,saturated,1024,8,4.41622,12.4328,1.51741,12.284,13.227,16.021,33.491,38.687,38.687,1,0.213591
adaptive,saturated,1024,9,4.65709,12.0652,0.76653,11.906,13.36,14.631,16.159,0.117,0.117,1,0.204876
adaptive,saturated,1024,10,4.26855,12.8876,4.38213,12.545,13.561,22.224,79.519,122.817,122.817,1,0.216939
adaptive,saturated,1024,11,4.44481,12.316,0.898359,12.193,13.951,15.324,20.115,49.638,49.638,1,0.212236
adaptive,saturated,1024,12,4.6574,12.0057,1.5544,11.934,13.621,16.126,30.146,0.164,0.164,1,0.204897
adaptive,saturated,1024,13,4.69347,11.985,0.698497,11.917,12.791,14.515,16.318,0.118,0.118,1,0.203291
adaptive,saturated,1024,14,4.39086,12.5453,5.61266,12.014,13.006,17.342,104.136,151.146,151.146,1,0.209044
adaptive,saturated,1024,15,4.41723,12.3683,3.52474,12.014,13.019,16.784,69.456,134.103,134.103,1,0.20868
adaptive,saturated,4096,1,10.5328,5.78144,3.28533,4.348,13.42,16.335,20.007,53.649,53.649,1,0.36097
adaptive,saturated,4096,2,10.5297,9.52381,6.1943,6.298,21.593,21.987,31.887,16.811,16.811,2,0.36143
adaptive,saturated,4096,3,10.561,8.37731,4.6007,6.249,18.267,19.341,22.268,49.289,49.289,2,0.360061
adaptive,saturated,4096,4,10.5894,7.7802,5.51254,5.29,20.33,22.123,28.518,50.576,50.576,1,0.35907
adaptive,saturated,4096,5,10.5073,12.3681,7.34997,11.34,21.797,26.521,67.841,127.914,127.914,1,0.359233
adaptive,saturated,4096,6,10.6138,5.2336,1.37038,4.849,7.584,8.337,10.488,0.117,0.117,1,0.35945
adaptive,saturated,4096,7,10.5905,6.57418,3.59183,5.061,15.69,17.235,20.288,51.276,51.276,1,0.358997
adaptive,saturated,4096,8,10.5982,4.47841,0.790007,4.431,5.968,6.421,8.826,0.118,0.118,1,0.359981
adaptive,saturated,4096,9,10.6476,8.76379,4.97143,6.499,18.839,19.671,23.728,50.571,50.571,1,0.357093
adaptive,saturated,4096,10,10.5362,11.9702,6.64057,12.945,21.573,26.185,62.695,125.772,125.772,1,0.358742
adaptive,saturated,4096,11,10.6446,12.8841,4.50106,12.744,20.104,21.44,23.218,48.899,48.899,1,0.356915
adaptive,saturated,4096,12,10.6138,5.44084,1.75199,4.948,9.767,11.278,13.581,0.116,0.116,1,0.359456
adaptive,saturated,4096,13,10.6292,4.59551,0.72494,4.551,5.773,6.332,8.926,0.117,0.117,1,0.358971
adaptive,saturated,4096,14,10.466,6.84117,6.31364,4.518,20.961,27.061,67.808,167.749,167.749,2,0.359907
adaptive,saturated,4096,15,10.5655,4.70831,1.00758,4.626,6.426,7.921,9.297,0.117,4.377,3,0.361099
adaptive,saturated,16384,1,15.8941,51.6456,5.78708,53.579,55.217,57.8,59.714,53.781,53.781,1,0.955271
adaptive,saturated,16384,2,16.1293,52.279,5.30106,53.72,55.167,56.993,57.978,0.115,0.115,1,0.946295
adaptive,saturated,16384,3,16.0767,52.3237,5.92755,53.586,56.626,58.982,59.537,0.117,0.117,1,0.949431
adaptive,saturated,16384,4,15.8449,53.6953,2.60412,53.818,56.931,65.53,68.525,172.137,172.137,1,0.944074
adaptive,saturated,16384,5,15.5469,54.2639,8.68673,53.711,57.289,103.159,150.744,159.12,159.12,1,0.96322
adaptive,saturated,16384,6,15.9049,52.2117,7.13319,53.685,58.036,61.296,92.478,0.118,0.118,1,0.959558
adaptive,saturated,16384,7,16.0541,53.1242,3.06471,53.763,55.379,57.631,63.955,51.165,51.165,1,0.945718
adaptive,saturated,16384,8,16.0686,52.0379,6.95575,53.693,55.37,57.047,58.23,0.118,0.118,1,0.949888
adaptive,saturated,16384,9,15.8235,53.4213,2.34769,53.847,55.599,58.866,63.282,175.163,175.163,1,0.945135
adaptive,saturated,16384,10,15.9912,51.7671,6.19956,53.626,55.337,57.276,58.201,0.178,0.178,1,0.954441
adaptive,saturated,16384,11,15.8498,52.4558,6.10681,53.722,56.254,59.129,85.687,4.263,4.263,1,0.962912
adaptive,saturated,16384,12,15.9104,53.8375,2.20041,53.966,57.56,61.618,65.071,120.602,120.602,1,0.946232
adaptive,saturated,16384,13,16.0662,52.6534,5.17245,53.816,55.347,57.472,58.116,0.116,0.116,1,0.94999
adaptive,saturated,16384,14,16.0348,53.4941,2.84346,53.801,56.543,62.097,77.755,123.833,123.833,1,0.938768
adaptive,saturated,16384,15,15.7161,53.2258,5.46388,53.882,58.834,67.937,88.504,113.083,113.083,1,0.958978
adaptive,saturated,65536,1,16.3973,48.9548,8.77117,51.382,53.554,55.785,56.507,0.116,0.116,1,3.72306
adaptive,saturated,65536,2,16.3179,51.2487,4.68863,51.839,55.381,70.726,85.715,138.756,138.756,1,3.68178
adaptive,saturated,65536,3,16.1948,48.3031,10.8546,51.586,53.933,55.785,57.331,0.094,7.522,28,3.76972
adaptive,saturated,65536,4,16.1011,48.5324,13.9508,51.78,62.927,87.09,116.709,0.115,0.119,29,3.79216
adaptive,saturated,65536,5,16.1966,50.4936,3.47287,51.309,54.038,59.025,62.774,168.423,168.423,1,3.69461
adaptive,saturated,65536,6,16.2832,50.0292,11.0585,51.979,57.492,87.001,95.853,0.095,6.284,41,3.7494
adaptive,saturated,65536,7,16.1059,52.9872,7.63194,52.07,64.99,95.721,98.29,132.018,132.018,1,3.73296
adaptive,saturated,65536,8,16.3623,49.3198,7.60778,51.608,53.918,56.628,61.75,0.116,0.116,1,3.7311
adaptive,saturated,65536,9,16.2515,48.6218,10.7397,52.009,54.546,56.681,58.918,0.094,63.346,47,3.72999
adaptive,saturated,65536,10,15.8207,48.2469,10.0126,51.493,53.91,55.417,56.788,0.093,37.562,43,3.84499
adaptive,saturated,65536,11,16.342,53.7931,9.28071,52.381,65.713,103.103,120.798,47.092,47.092,1,3.718
adaptive,saturated,65536,12,16.3258,49.2908,6.44129,51.343,53.574,55.999,56.679,13.787,13.787,1,3.73689
adaptive,saturated,65536,13,16.0814,50.8525,3.98857,51.564,54.956,65.119,73.177,131.116,131.116,1,3.74022
adaptive,saturated,65536,14,16.1639,48.3822,10.659,51.782,53.687,55.602,56.606,0.094,13.117,24,3.77762
adaptive,saturated,65536,15,16.1574,51.9251,9.6341,52.008,64.234,88.844,113.77,82.545,82.545,1,3.74204
adaptive,saturated,262144,1,15.7665,21.2075,10.0203,24.253,32.549,36.46,39.219,0.093,12.278,159,15.4015
adaptive,saturated,262144,2,16.0341,26.4309,7.65048,28.379,33.482,38.719,44.342,0.094,137.088,65,15.1615
adaptive,saturated,262144,3,15.8495,22.9194,11.2796,26.738,33.736,41.797,75.31,0.094,28.52,130,15.3193
adaptive,saturated,262144,4,15.5177,7.0066,9.58767,1.919,26.764,28.883,32.798,0.094,6.445,542,15.7038
adaptive,saturated,262144,5,15.3245,24.0325,9.6476,27.399,32.55,36.616,48.662,0.093,29.045,182,15.8056
adaptive,saturated,262144,6,15.9018,24.0559,9.78214,27.7,33.22,37.563,53.656,0.093,13.982,128,15.2668
adaptive,saturated,262144,7,16.1529,27.6146,7.9637,29.724,34.175,38.42,63.483,0.094,199.617,72,15.016
adaptive,saturated,262144,8,16.1749,27.6815,7.4779,29.561,33.757,37.975,55.078,0.093,141.718,75,15.0193
adaptive,saturated,262144,9,15.9897,25.5238,9.99786,28.812,33.892,38.508,63.545,0.093,18.655,157,15.1708
adaptive,saturated,262144,10,14.9692,16.4228,11.1549,19.18,30.272,34.101,55.378,0.094,12.261,435,16.1957
adaptive,saturated,262144,11,15.3902,19.1392,12.3325,24.075,32.588,38.897,62.602,0.094,11.164,378,15.7872
adaptive,saturated,262144,12,16.0392,25.5141,10.4757,29.09,34.081,39.2,72.337,0.094,15.083,144,15.1495
adaptive,saturated,262144,13,16.1279,27.5557,8.29422,29.821,33.942,38.302,59.134,0.094,120.955,75,15.0782
adaptive,saturated,262144,14,16.117,27.7426,7.82671,29.626,33.963,38.804,67.063,0.094,130.8,75,15.0856
adaptive,saturated,262144,15,15.5872,21.4708,8.34057,24.079,29.647,34.766,67.326,0.094,30.24,138,15.5431
adaptive,saturated,1048576,1,9.11663,2.28993,1.88857,3.649,4.473,4.985,9.694,10.371,36.191,508,97.7387
adaptive,saturated,1048576,2,8.95847,3.24871,10.7366,3.605,4.759,35.69,192.339,11.106,38.366,502,98.5484
adaptive,saturated,1048576,3,9.15369,2.31647,1.93874,3.677,4.564,6.736,8.192,12.668,36.183,509,96.5512
adaptive,saturated,1048576,4,9.14362,2.2983,1.9397,3.622,4.531,5.802,9.312,11.516,36.163,508,96.9183
adaptive,saturated,1048576,5,8.98307,2.94248,6.96107,3.641,4.885,23.963,100.724,13.495,35.502,493,98.7263
adaptive,saturated,1048576,6,9.02738,9.285,48.6912,3.677,5.018,338.143,473.024,10.558,37.625,495,98.4629
adaptive,saturated,1048576,7,9.14655,2.30714,1.94303,3.616,4.569,5.384,12.341,11.878,33.939,507,96.8659
adaptive,saturated,1048576,8,8.98978,7.16668,34.7712,3.671,5.007,207.206,360.488,9.93,38.495,492,98.8355
adaptive,saturated,1048576,9,9.12624,2.28923,1.90363,3.588,4.573,5.101,7.25,7.73,34.718,509,97.138
adaptive,saturated,1048576,10,9.1778,2.32333,2.06254,3.647,4.621,5.55,20.856,13.141,35.866,506,96.3959
adaptive,saturated,1048576,11,8.93095,24.4677,116.183,3.776,10.538,728.566,968.459,13.417,35.362,482,99.4452
adaptive,saturated,1048576,12,8.94574,2.3316,2.04512,3.623,4.555,5.425,19.107,12.041,39.229,508,98.6379
adaptive,saturated,1048576,13,9.02885,2.31317,1.92577,3.644,4.609,5.566,10.275,11.696,40.308,509,97.9177
adaptive,saturated,1048576,14,9.11556,2.31929,1.95951,3.612,4.544,5.929,11.678,12.246,35.462,508,97.3772
adaptive,saturated,1048576,15,9.00855,8.74609,43.7444,3.691,4.667,277.169,438.962,12.071,33.935,490,98.9452
busy_poll,bursty,64,1,0.00345078,0.242165,0.175792,0.192,0.462,0.518,2.11,0.022,0.108,66088,17.2706
busy_poll,bursty,64,2,0.00352249,0.293399,0.158481,0.263,0.477,0.623,0.977,0.022,0.025,92414,16.919
busy_poll,bursty,64,3,0.00349807,0.276254,0.228776,0.213,0.472,0.581,0.976,0.022,0.025,83644,17.0372
busy_poll,bursty,64,4,0.00352308,0.292478,0.222096,0.243,0.477,0.626,1.487,0.022,0.025,90987,16.9159
busy_poll,bursty,64,5,0.00346598,0.258268,0.606086,0.195,0.465,0.538,2.119,0.022,0.105,69195,17.1949
busy_poll,bursty,64,6,0.00352316,0.292065,0.169342,0.251,0.476,0.619,1.005,0.022,0.025,92015,16.9156
busy_poll,bursty,64,7,0.00346422,0.255779,0.447712,0.195,0.465,0.536,1.371,0.022,0.105,70924,17.2037
busy_poll,bursty,64,8,0.00340992,0.219094,0.39553,0.181,0.426,0.479,2.322,0.022,0.112,50493,17.4773
busy_poll,bursty,64,9,0.00352199,0.297685,0.572721,0.24,0.475,0.634,1.029,0.022,0.025,91684,16.9213
busy_poll,bursty,64,10,0.00352368,0.288366,0.15796,0.235,0.475,0.615,0.986,0.022,0.025,90253,16.9135
busy_poll,bursty,64,11,0.00352139,0.288941,0.14947,0.243,0.474,0.62,0.968,0.022,0.025,90728,16.9242
busy_poll,bursty,64,12,0.00346795,0.254188,0.165903,0.196,0.466,0.536,1.118,0.022,0.101,72105,17.1852
busy_poll,bursty,64,13,0.00339959,0.210886,0.403619,0.18,0.357,0.464,2.234,0.022,0.113,46047,17.5307
busy_poll,bursty,64,14,0.00342762,0.223337,0.147175,0.185,0.452,0.493,0.931,0.022,0.111,56811,17.3875
busy_poll,bursty,64,15,0.003507,0.281889,0.209836,0.218,0.474,0.594,0.97,0.022,0.025,85690,16.9936
busy_poll,bursty,256,1,0.0136276,0.271728,0.196886,0.231,0.484,1.24,2.319,0.022,0.116,3969,17.4928
busy_poll,bursty,256,2,0.0138567,0.455821,0.362514,0.339,1.258,1.72,2.716,0.022,0.113,3461,17.2043
busy_poll,bursty,256,3,0.014098,0.664384,0.438928,0.531,1.567,1.892,3.98,0.023,0.025,2563,16.9092
busy_poll,bursty,256,4,0.0141002,0.60884,0.430767,0.445,1.463,1.866,4.029,0.022,0.025,3775,16.907
busy_poll,bursty,256,5,0.0141002,0.63481,0.402256,0.501,1.489,1.873,3.153,0.022,0.025,2979,16.9068
busy_poll,bursty,256,6,0.0141009,0.631299,0.434047,0.468,1.49,1.888,3.413,0.022,0.025,3291,16.9062
busy_poll,bursty,256,7,0.0140984,0.636128,0.432655,0.478,1.51,1.884,3.991,0.022,0.025,2829,16.9093
busy_poll,bursty,256,8,0.0141083,0.668396,0.427752,0.535,1.537,1.879,3.455,0.022,0.025,2477,16.8968
busy_poll,bursty,256,9,0.014111,0.653553,0.442717,0.518,1.518,1.878,4.421,0.022,0.025,2499,16.8948
busy_poll,bursty,256,10,0.0141056,0.658211,0.48729,0.519,1.525,1.918,6.213,0.022,0.029,2496,16.9003
busy_poll,bursty,256,11,0.0140222,0.570236,0.441524,0.422,1.412,1.82,4.398,0.022,0.11,2898,17.0015
busy_poll,bursty,256,12,0.0140972,0.641077,0.414268,0.508,1.507,1.887,2.883,0.022,0.028,2736,16.9103
busy_poll,bursty,256,13,0.0141083,0.636128,0.425207,0.482,1.484,1.837,3.429,0.022,0.026,2857,16.8975
busy_poll,bursty,256,14,0.0139876,0.562649,0.429977,0.41,1.446,1.865,4.067,0.022,0.108,2965,17.0427
busy_poll,bursty,256,15,0.0141043,0.657759,0.433706,0.525,1.524,1.925,3.879,0.022,0.026,2635,16.9023
busy_poll,bursty,1024,1,0.0565155,4.57547,2.83327,4.153,9.778,12.674,22.08,0.023,0.148,258,16.8716
busy_poll,bursty,1024,2,0.0564875,4.4523,2.59566,4.082,9.689,12.003,16.52,0.023,0.143,254,16.8811
busy_poll,bursty,1024,3,0.0565356,4.59145,2.74514,4.184,10.064,12.82,18.537,0.023,0.135,256,16.8654
busy_poll,bursty,1024,4,0.0565136,4.50784,2.6902,4.125,9.866,12.998,16.699,0.023,0.139,256,16.873
busy_poll,bursty,1024,5,0.0565776,4.30497,2.43881,3.982,9.406,11.409,14.099,0.023,0.138,257,16.8529
busy_poll,bursty,1024,6,0.0565902,4.25335,2.62838,3.927,9.623,12.739,16.565,0.023,0.143,262,16.8471
busy_poll,bursty,1024,7,0.0564997,4.51798,2.61021,4.144,9.61,12.397,19.284,0.023,0.13,255,16.8778
busy_poll,bursty,1024,8,0.0565396,4.49144,2.66054,4.08,9.961,12.542,15.616,0.023,0.147,254,16.8646
busy_poll,bursty,1024,9,0.0565006,4.28601,2.48579,4.018,9.417,11.577,15.158,0.023,0.14,260,16.8777
busy_poll,bursty,1024,10,0.0565356,4.43619,2.60306,4.062,9.612,12.931,15.78,0.023,0.132,254,16.8667
busy_poll,bursty,1024,11,0.0564564,4.58146,2.69003,4.166,9.921,12.821,16.139,0.023,0.145,256,16.8916
busy_poll,bursty,1024,12,0.0564881,4.5316,2.63769,4.095,9.762,12.358,16.387,0.023,0.143,258,16.8794
busy_poll,bursty,1024,13,0.0565372,4.50969,2.63146,4.077,9.899,12.25,15.657,0.023,0.139,253,16.8646
busy_poll,bursty,1024,14,0.056493,4.57714,2.74666,4.127,10.13,13.175,16.851,0.023,0.131,255,16.8787
busy_poll,bursty,1024,15,0.056508,4.51637,2.51563,4.152,9.638,11.932,14.528,0.023,0.133,258,16.8769
busy_poll,bursty,4096,1,0.220959,3.99629,2.45341,3.318,10.271,13.83,18.483,0.022,0.135,510,17.2614
busy_poll,bursty,4096,2,0.223259,4.27898,2.64089,3.438,10.895,14.148,18.72,0.022,0.125,506,17.0835
busy_poll,bursty,4096,3,0.223397,4.21397,2.58304,3.389,10.75,13.973,17.857,0.022,0.128,504,17.0735
busy_poll,bursty,4096,4,0.222396,4.26641,2.69429,3.375,10.917,14.481,19.15,0.022,0.13,511,17.1515
busy_poll,bursty,4096,5,0.219479,3.74516,2.24478,3.23,9.412,13.438,17.087,0.023,0.132,507,17.377
busy_poll,bursty,4096,6,0.223272,4.31983,2.61187,3.474,10.967,13.78,18.026,0.022,0.121,504,17.0846
busy_poll,bursty,4096,7,0.223246,4.38339,2.91354,3.416,11.233,15.547,23.98,0.022,0.143,510,17.0852
busy_poll,bursty,4096,8,0.223286,4.36568,2.69865,3.468,11.162,14.232,18.259,0.022,0.134,505,17.0835
busy_poll,bursty,4096,9,0.223339,4.2104,2.5822,3.412,10.608,13.663,20.476,0.022,0.129,503,17.0774
busy_poll,bursty,4096,10,0.223235,4.22961,2.62123,3.418,10.655,13.789,18.617,0.022,0.138,516,17.0861
busy_poll,bursty,4096,11,0.22309,4.3286,2.69085,3.421,11.024,14.305,18.443,0.022,0.139,505,17.0982
busy_poll,bursty,4096,12,0.22335,4.17452,2.55898,3.357,10.554,13.711,18.628,0.022,0.025,508,17.0755
busy_poll,bursty,4096,13,0.223393,4.07711,2.42074,3.346,10.324,12.96,18.301,0.022,0.15,509,17.0748
busy_poll,bursty,4096,14,0.223492,4.07302,2.41878,3.34,10.357,13.125,17.029,0.022,0.137,510,17.0659
busy_poll,bursty,4096,15,0.223473,4.13456,2.50531,3.346,10.392,13.369,19.353,0.022,0.129,507,17.069
busy_poll,bursty,16384,1,0.873521,8.68344,4.47684,8.702,13.918,25.035,30.285,0.022,0.025,127,17.4612
busy_poll,bursty,16384,2,0.873119,8.46652,3.99082,8.703,13.696,14.741,23.861,0.022,0.027,119,17.4741
busy_poll,bursty,16384,3,0.871801,8.40226,3.90041,8.646,13.561,14.623,16.729,0.022,0.025,121,17.5021
busy_poll,bursty,16384,4,0.859795,7.93514,3.84285,8.201,13.429,14.54,17.895,0.023,0.115,125,17.7472
busy_poll,bursty,16384,5,0.868694,8.40444,4.07329,8.502,14.265,15.403,20.414,0.023,0.112,122,17.5654
busy_poll,bursty,16384,6,0.872052,8.62723,4.05718,8.841,14.153,15.361,23.108,0.022,0.025,126,17.4947
busy_poll,bursty,16384,7,0.871427,8.80736,4.65708,8.832,14.272,16.837,36.876,0.023,0.117,126,17.5045
busy_poll,bursty,16384,8,0.871499,8.58811,4.09981,8.847,14.003,15.596,27.014,0.022,0.109,127,17.508
busy_poll,bursty,16384,9,0.872981,8.58477,4.09152,8.777,14.281,15.568,20.961,0.023,0.105,129,17.4777
busy_poll,bursty,16384,10,0.871397,8.65294,4.02823,8.903,14.166,15.513,19.486,0.022,0.025,123,17.5094
busy_poll,bursty,16384,11,0.872381,8.7125,4.15287,8.868,14.531,16.164,23.822,0.022,0.104,126,17.4894
busy_poll,bursty,16384,12,0.87206,8.57833,4.10189,8.697,14.074,15.653,24.547,0.022,0.025,123,17.4953
busy_poll,bursty,16384,13,0.871469,8.66211,4.1202,8.836,14.203,15.787,24.959,0.022,0.027,123,17.507
busy_poll,bursty,16384,14,0.872054,8.72869,4.12198,8.898,14.485,16.054,21.647,0.022,0.025,124,17.4827
busy_poll,bursty,16384,15,0.873767,8.76589,4.11205,9.022,14.33,15.912,18.617,0.022,0.029,129,17.4618
busy_poll,bursty,65536,1,3.06615,16.2881,9.40611,16.749,29.641,31.392,33,0.022,0.029,77,19.9072
busy_poll,bursty,65536,2,3.05552,15.7556,9.44648,15.812,29.527,31.29,37.273,0.023,0.111,63,19.9767
busy_poll,bursty,65536,3,3.06557,16.7711,9.56046,17.375,29.851,32.299,33.305,0.023,0.028,74,19.9111
busy_poll,bursty,65536,4,3.06892,16.3451,9.42738,16.421,29.9,32.182,33.724,0.022,0.105,43,19.8894
busy_poll,bursty,65536,5,3.05609,16.282,9.56893,16.694,29.701,31.275,33.485,0.022,0.028,54,19.9726
busy_poll,bursty,65536,6,3.05081,15.7069,9.60014,15.923,29.629,32.495,34.608,0.022,4.618,72,20.0074
busy_poll,bursty,65536,7,3.06177,16.2411,9.45294,16.689,29.544,31.767,34.011,0.023,0.093,62,19.9303
busy_poll,bursty,65536,8,3.06881,16.7516,9.59376,17.157,29.779,31.368,35.364,0.022,0.024,66,19.8898
busy_poll,bursty,65536,9,3.05805,16.1926,9.27492,16.752,29.167,30.347,34.806,0.023,0.03,73,19.96
busy_poll,bursty,65536,10,3.05913,15.7319,9.46708,15.629,29.441,31.139,33.554,0.023,0.109,54,19.9528
busy_poll,bursty,65536,11,3.07409,16.7584,9.65468,17.221,30.084,31.877,33.828,0.023,0.03,63,19.8556
busy_poll,bursty,65536,12,3.07021,16.5519,9.47752,16.949,29.871,30.879,32.058,0.023,0.11,66,19.8809
busy_poll,bursty,65536,13,3.05233,16.1221,9.36184,16.541,29.193,30.365,32.967,0.022,0.097,72,19.9909
busy_poll,bursty,65536,14,3.05415,16.4778,9.70603,16.765,29.68,37.549,41.84,0.022,0.11,56,19.962
busy_poll,bursty,65536,15,3.06209,16.7271,9.56086,17.347,29.705,31.257,33.049,0.023,0.111,55,19.9342
busy_poll,bursty,262144,1,7.17278,0.456747,0.538838,0.293,1.386,2.746,3.702,0.022,0.103,1338,34.0304
busy_poll,bursty,262144,2,7.37788,0.819708,2.09652,0.299,2.458,13.391,17.466,0.023,0.104,1154,33.0865
busy_poll,bursty,262144,3,7.3959,0.828655,1.50638,0.307,3.527,8.231,13.158,0.022,0.106,1112,33.0117
busy_poll,bursty,262144,4,7.30085,0.844229,1.35712,0.313,4.135,6.806,9.251,0.022,0.117,1098,33.4413
busy_poll,bursty,262144,5,7.46879,3.14956,4.66156,0.736,13.998,19.597,28.226,0.022,0.117,631,32.6824
busy_poll,bursty,262144,6,7.34453,4.08243,5.74332,0.741,17.32,20.745,24.077,0.022,0.12,693,33.2426
busy_poll,bursty,262144,7,7.42985,1.2216,1.95008,0.376,6.056,9.367,12.376,0.022,0.119,786,32.8617
busy_poll,bursty,262144,8,7.43958,0.949618,1.86722,0.334,3.236,11.676,14.003,0.022,0.109,929,32.8089
busy_poll,bursty,262144,9,7.24244,0.557468,1.16497,0.296,1.554,5.555,16.466,0.022,0.111,1297,33.7069
busy_poll,bursty,262144,10,7.39187,0.922688,1.46373,0.314,4.307,7.589,11.306,0.022,0.099,1080,33.0199
busy_poll,bursty,262144,11,7.45827,5.06592,6.54951,1.853,18.907,27.338,36.327,0.022,0.128,468,32.7211
busy_poll,bursty,262144,12,7.32598,4.12819,6.64935,0.952,16.358,32.535,59.515,0.022,0.113,651,33.2982
busy_poll,bursty,262144,13,7.42911,1.07796,1.83254,0.376,4.204,7.376,14.359,0.022,0.103,842,32.851
busy_poll,bursty,262144,14,7.3412,2.61287,4.17962,0.5,13.314,17.016,20.626,0.022,0.11,772,33.2473
busy_poll,bursty,262144,15,7.43786,3.15651,4.76774,0.649,14.818,18.979,20.274,0.022,0.117,660,32.8141
busy_poll,bursty,1048576,1,7.96141,1.17402,8.02367,0.36,0.737,18.79,122.294,0.022,0.113,461,122.667
busy_poll,bursty,1048576,2,8.06225,0.377699,0.132432,0.362,0.614,0.87,1.003,0.022,0.105,467,121.132
busy_poll,bursty,1048576,3,8.06714,0.388063,0.277258,0.354,0.633,0.91,5.688,0.022,0.109,453,121.059
busy_poll,bursty,1048576,4,7.95544,12.2862,74.6949,0.356,0.75,443.932,680.036,0.022,0.115,448,122.76
busy_poll,bursty,1048576,5,8.07513,0.403504,0.749288,0.358,0.58,0.89,17.066,0.022,0.119,458,120.895
busy_poll,bursty,1048576,6,8.01589,0.373227,0.148006,0.362,0.59,0.847,2.041,0.022,0.1,464,121.765
busy_poll,bursty,1048576,7,8.08561,0.394488,0.263214,0.36,0.664,0.935,5.351,0.022,0.025,468,120.782
busy_poll,bursty,1048576,8,8.08319,0.385498,0.151755,0.357,0.691,0.899,1.139,0.022,0.025,455,120.786
busy_poll,bursty,1048576,9,7.94667,0.539404,2.74781,0.35,0.707,1,57.027,0.022,0.025,460,122.894
busy_poll,bursty,1048576,10,8.10167,0.405982,0.554994,0.357,0.618,0.877,12.295,0.022,0.025,464,120.435
busy_poll,bursty,1048576,11,8.05486,0.385299,0.139444,0.362,0.667,0.887,0.995,0.022,0.029,462,121.212
busy_poll,bursty,1048576,12,7.97127,4.86241,32.5511,0.357,0.798,182.391,364.935,0.022,0.025,453,122.479
busy_poll,bursty,1048576,13,8.08918,0.445855,1.17281,0.359,0.704,0.921,25.637,0.022,0.122,472,120.674
busy_poll,bursty,1048576,14,8.10726,0.387049,0.151571,0.358,0.701,0.895,1.199,0.022,0.025,456,120.46
busy_poll,bursty,1048576,15,7.95107,5.06634,30.722,0.357,0.772,200.262,330.076,0.022,0.101,459,122.827
busy_poll,offered_25,64,1,0.00280511,0.17929,0.163026,0.167,0.293,0.362,0.512,0.022,0.112,50907,21.246
busy_poll,offered_25,64,2,0.00280187,0.178171,0.0691674,0.167,0.292,0.366,0.506,0.022,0.112,52577,21.2704
busy_poll,offered_25,64,3,0.00279851,0.180377,0.169294,0.167,0.292,0.36,0.529,0.022,0.111,51980,21.2955
busy_poll,offered_25,64,4,0.00280044,0.177705,0.0717445,0.166,0.292,0.361,0.494,0.022,0.111,52523,21.2812
busy_poll,offered_25,64,5,0.0028027,0.239666,1.52009,0.167,0.294,0.451,8.754,0.022,0.111,51802,21.2642
busy_poll,offered_25,64,6,0.00279792,0.18439,0.373086,0.167,0.292,0.362,0.588,0.022,0.112,50676,21.3008
busy_poll,offered_25,64,7,0.00279916,0.202358,1.50134,0.167,0.291,0.361,0.629,0.022,0.111,52133,21.2909
busy_poll,offered_25,64,8,0.00279962,0.178973,0.0765785,0.167,0.294,0.363,0.508,0.022,0.111,51284,21.2876
busy_poll,offered_25,64,9,0.00280171,0.181736,0.242074,0.166,0.292,0.361,0.556,0.022,0.112,52062,21.2716
busy_poll,offered_25,64,10,0.00280089,0.185921,0.220016,0.168,0.305,0.37,0.587,0.022,0.112,50055,21.278
busy_poll,offered_25,64,11,0.00281054,0.180704,0.0776811,0.167,0.297,0.433,0.538,0.022,0.111,53533,21.205
busy_poll,offered_25,64,12,0.0028103,0.25857,2.34397,0.168,0.312,0.469,10.706,0.022,0.111,53851,21.2065
busy_poll,offered_25,64,13,0.00280409,0.178822,0.110773,0.166,0.292,0.361,0.51,0.022,0.111,53811,21.2538
busy_poll,offered_25,64,14,0.00281324,0.181013,0.107767,0.167,0.295,0.366,0.675,0.022,0.111,53350,21.1842
busy_poll,offered_25,64,15,0.00281377,0.18042,0.0673535,0.167,0.302,0.365,0.494,0.022,0.111,52903,21.1807
busy_poll,offered_25,256,1,0.0112642,0.211406,0.111315,0.2,0.297,0.427,1.678,0.022,0.115,2976,21.1634
busy_poll,offered_25,256,2,0.0112151,0.212429,0.130413,0.2,0.309,0.428,1.23,0.022,0.114,2998,21.2561
busy_poll,offered_25,256,3,0.0111925,0.215967,0.114246,0.201,0.362,0.431,0.968,0.023,0.114,2717,21.2991
busy_poll,offered_25,256,4,0.0112058,0.216227,0.115151,0.201,0.358,0.456,0.946,0.023,0.114,2976,21.2736
busy_poll,offered_25,256,5,0.0112049,0.21421,0.120399,0.2,0.332,0.447,2.398,0.023,0.113,2742,21.2744
busy_poll,offered_25,256,6,0.0112157,0.21722,0.124762,0.201,0.349,0.537,2.127,0.023,0.115,2755,21.2559
busy_poll,offered_25,256,7,0.011211,0.215155,0.119775,0.201,0.348,0.44,2.111,0.023,0.114,2790,21.2637
busy_poll,offered_25,256,8,0.0112132,0.2133,0.11726,0.199,0.339,0.439,1.168,0.023,0.115,2878,21.259
busy_poll,offered_25,256,9,0.0112312,0.223091,0.223926,0.201,0.363,0.452,4.891,0.023,0.114,2768,21.2257
busy_poll,offered_25,256,10,0.0112389,0.218609,0.11496,0.201,0.366,0.526,1.512,0.023,0.114,2757,21.2115
busy_poll,offered_25,256,11,0.0112038,0.211847,0.0838936,0.2,0.328,0.435,1.02,0.023,0.115,2563,21.2763
busy_poll,offered_25,256,12,0.0112255,0.217561,0.116527,0.201,0.365,0.461,1.961,0.023,0.114,2939,21.236
busy_poll,offered_25,256,13,0.0112408,0.214595,0.101751,0.201,0.308,0.507,2.111,0.023,0.115,2719,21.208
busy_poll,offered_25,256,14,0.0112254,0.224827,0.221609,0.202,0.374,0.464,4.657,0.023,0.113,2798,21.2359
busy_poll,offered_25,256,15,0.011228,0.217446,0.11733,0.201,0.36,0.461,1.2,0.023,0.113,2715,21.231
busy_poll,offered_25,1024,1,0.0449204,2.0525,1.20848,2.001,3.367,7.561,11.753,0.024,0.133,260,21.2272
busy_poll,offered_25,1024,2,0.0451413,2.15895,1.37416,2.037,4.162,8.788,11.319,0.024,0.128,260,21.1233
busy_poll,offered_25,1024,3,0.0453421,2.28517,1.4976,2.111,4.58,8.817,11.276,0.023,0.129,262,21.028
busy_poll,offered_25,1024,4,0.0451694,2.12368,1.42549,2.008,3.912,8.865,14.211,0.024,0.129,257,21.1088
busy_poll,offered_25,1024,5,0.0451528,2.29667,1.6408,2.07,4.492,9.61,14.464,0.024,0.132,258,21.1192
busy_poll,offered_25,1024,6,0.0449305,2.00042,1.12858,1.993,2.978,6.238,13.009,0.024,0.121,259,21.2213
busy_poll,offered_25,1024,7,0.0449116,2.02808,1.28972,1.99,2.956,8.109,13.909,0.024,0.132,255,21.2325
busy_poll,offered_25,1024,8,0.0449761,2.05969,1.20646,2.011,3.185,7.372,12.74,0.024,0.132,256,21.2025
busy_poll,offered_25,1024,9,0.0450656,2.07024,1.22975,2.004,3.65,7.749,11.628,0.024,0.116,260,21.1568
busy_poll,offered_25,1024,10,0.0449394,1.96192,1.06331,1.987,2.892,4.95,12.649,0.024,0.128,261,21.2178
busy_poll,offered_25,1024,11,0.045104,2.04821,1.15765,2.005,3.515,7.179,9.929,0.023,0.129,257,21.1439
busy_poll,offered_25,1024,12,0.0450487,2.03874,1.28161,2.001,3.048,7.492,15.506,0.024,0.13,257,21.1649
busy_poll,offered_25,1024,13,0.0450861,2.00332,1.11584,1.99,3.047,6.971,10.56,0.024,0.135,256,21.1512
busy_poll,offered_25,1024,14,0.0451076,2.15709,1.31734,2.049,4.121,7.897,11.958,0.023,0.129,265,21.1411
busy_poll,offered_25,1024,15,0.0452674,2.31768,1.76488,2.063,4.769,10.61,15.063,0.023,0.129,260,21.0607
busy_poll,offered_25,4096,1,0.178256,3.1084,1.1881,3.172,4.188,7.196,16.398,0.023,0.138,519,21.3984
busy_poll,offered_25,4096,2,0.178517,3.14485,1.82573,3.166,4.12,7.916,35.867,0.023,0.13,516,21.3641
busy_poll,offered_25,4096,3,0.178129,3.08569,1.09164,3.17,4.118,6.691,13.545,0.023,0.131,518,21.4129
busy_poll,offered_25,4096,4,0.177878,3.0703,1.07475,3.167,4.08,5.556,14.566,0.023,0.126,521,21.4442
busy_poll,offered_25,4096,5,0.178142,3.07059,1.06262,3.165,4.116,5.797,13.961,0.023,0.133,516,21.4092
busy_poll,offered_25,4096,6,0.17771,3.03951,0.93473,3.167,4.045,4.744,12.686,0.023,0.13,522,21.4638
busy_poll,offered_25,4096,7,0.177493,3.04142,0.947074,3.176,4.039,4.716,12.644,0.023,0.132,521,21.491
busy_poll,offered_25,4096,8,0.177851,3.03087,0.891337,3.168,4.03,4.708,11.1,0.023,0.133,518,21.4444
busy_poll,offered_25,4096,9,0.177954,3.05053,0.976774,3.169,4.06,5.006,12.428,0.023,0.132,519,21.4335
busy_poll,offered_25,4096,10,0.178174,3.09226,1.10141,3.17,4.152,6.881,14.192,0.023,0.124,519,21.4081
busy_poll,offered_25,4096,11,0.177609,3.05878,1.04589,3.177,4.052,4.728,15.013,0.023,0.133,515,21.4725
busy_poll,offered_25,4096,12,0.177849,3.06057,0.998275,3.179,4.074,4.904,13.334,0.023,0.132,518,21.4462
busy_poll,offered_25,4096,13,0.177966,3.0464,1.00017,3.165,4.061,4.732,14.297,0.023,0.132,518,21.4321
busy_poll,offered_25,4096,14,0.177762,3.02945,0.934486,3.165,4.042,4.742,11.985,0.023,0.133,523,21.4576
busy_poll,offered_25,4096,15,0.177683,3.06261,1.02232,3.176,4.063,5.152,13.935,0.023,0.133,516,21.4666
busy_poll,offered_25,16384,1,0.704574,6.57949,3.41878,6.554,11.498,13.913,16.115,0.023,0.136,131,21.6528
busy_poll,offered_25,16384,2,0.706804,6.77865,3.5559,6.691,12.418,15.368,18.536,0.023,0.133,131,21.5826
busy_poll,offered_25,16384,3,0.702435,6.56296,3.35293,6.592,11.2,13.423,15.579,0.023,0.136,132,21.717
busy_poll,offered_25,16384,4,0.703873,6.55074,3.28794,6.58,11.244,13.117,14.602,0.023,0.117,127,21.6778
busy_poll,offered_25,16384,5,0.702229,6.58377,3.41421,6.569,11.319,13.721,28.416,0.023,0.131,135,21.7275
busy_poll,offered_25,16384,6,0.705906,6.75545,3.38633,6.784,11.973,13.667,14.738,0.023,0.135,129,21.614
busy_poll,offered_25,16384,7,0.703913,6.63059,3.34084,6.663,11.52,13.421,15.509,0.023,0.129,129,21.6759
busy_poll,offered_25,16384,8,0.701278,6.76673,4.41904,6.597,11.309,14.462,47.354,0.023,0.133,134,21.7513
busy_poll,offered_25,16384,9,0.702554,6.63161,3.35903,6.683,11.427,13.375,15.165,0.023,0.116,128,21.7151
busy_poll,offered_25,16384,10,0.703143,6.60528,3.36485,6.642,11.382,13.475,18.662,0.023,0.129,131,21.6989
busy_poll,offered_25,16384,11,0.704688,6.53727,3.35746,6.448,11.482,13.636,15.303,0.023,0.131,131,21.6512
busy_poll,offered_25,16384,12,0.707746,6.83399,3.46151,6.875,12.158,13.876,15.191,0.023,0.134,132,21.5545
busy_poll,offered_25,16384,13,0.703593,6.62465,3.35736,6.575,11.526,13.624,15.057,0.023,0.126,131,21.6733
busy_poll,offered_25,16384,14,0.704237,6.49396,3.33547,6.452,11.365,13.539,15.057,0.023,0.13,134,21.6673
busy_poll,offered_25,16384,15,0.702077,6.54022,3.30181,6.555,11.26,13.186,14.941,0.023,0.132,134,21.7339
busy_poll,offered_25,65536,1,2.57356,13.9268,7.88254,14.642,26.589,28.204,28.847,0.022,0.126,65,23.7172
busy_poll,offered_25,65536,2,2.56915,14.0277,8.12552,14.894,26.792,30.309,32.159,0.023,0.358,71,23.758
busy_poll,offered_25,65536,3,2.55672,13.6502,7.99122,14.119,26.398,29.706,32.801,0.023,0.149,86,23.8734
busy_poll,offered_25,65536,4,2.56125,13.4732,7.71919,13.856,26.2,28.566,29.84,0.023,0.133,68,23.8311
busy_poll,offered_25,65536,5,2.58612,14.1561,8.02608,14.815,25.991,28.5,29.408,0.022,0.132,67,23.5941
busy_poll,offered_25,65536,6,2.56948,14.0701,8.09802,14.184,27.39,30.023,32.693,0.022,0.362,73,23.7552
busy_poll,offered_25,65536,7,2.57813,13.981,8.04647,14.519,26.802,28.569,29.101,0.023,0.132,80,23.6691
busy_poll,offered_25,65536,8,2.56689,13.8055,7.82076,14.137,25.943,28.544,29.808,0.023,0.129,62,23.779
busy_poll,offered_25,65536,9,2.54941,13.5899,7.94747,13.79,26.717,30.116,31.6,0.022,0.134,71,23.9421
busy_poll,offered_25,65536,10,2.59688,14.7219,8.64745,15.026,28.26,29.84,32.667,0.023,0.132,82,23.4986
busy_poll,offered_25,65536,11,2.56834,14.0286,8.07106,14.349,27.333,30.252,31.674,0.022,0.112,74,23.7504
busy_poll,offered_25,65536,12,2.56149,13.6125,7.59154,14.224,25.362,28.908,30.274,0.024,0.131,58,23.8292
busy_poll,offered_25,65536,13,2.58179,13.6432,7.95271,14.328,26.397,28.744,30.371,0.023,0.133,57,23.6364
busy_poll,offered_25,65536,14,2.55553,14.0799,7.9462,14.596,26.992,29.829,31.458,0.023,0.134,80,23.8847
busy_poll,offered_25,65536,15,2.57651,14.5889,9.30294,14.927,27.737,46.833,63.778,0.023,0.13,49,23.6904
busy_poll,offered_25,262144,1,6.74027,4.44028,6.17708,1.097,18.547,24.626,32.114,0.022,0.124,510,36.2162
busy_poll,offered_25,262144,2,6.70342,4.54904,5.98764,1.211,17.406,23.911,33.232,0.022,0.123,480,36.4216
busy_poll,offered_25,262144,3,6.69773,1.10245,2.249,0.366,3.442,16.01,21.567,0.022,0.111,746,36.4447
busy_poll,offered_25,262144,4,6.71595,3.30882,4.40632,1.313,13.128,18.277,23.641,0.022,0.134,457,36.3552
busy_poll,offered_25,262144,5,6.61396,1.41017,2.30699,0.391,6.34,11.731,15.193,0.022,0.122,789,36.9076
busy_poll,offered_25,262144,6,6.74005,2.79097,3.75621,0.99,10.798,16.855,18.771,0.022,0.128,474,36.2082
busy_poll,offered_25,262144,7,6.54237,1.76595,3.05676,0.388,8.883,14.84,16.998,0.022,0.118,813,37.3088
busy_poll,offered_25,262144,8,6.7377,5.24906,7.19574,2.318,17.797,26.223,67.355,0.022,0.12,382,36.2056
busy_poll,offered_25,262144,9,6.70613,0.505255,0.573923,0.29,1.593,2.841,5.049,0.022,0.106,930,36.3968
busy_poll,offered_25,262144,10,6.62095,0.669522,1.07168,0.313,2.327,5.882,9.696,0.022,0.102,942,36.8752
busy_poll,offered_25,262144,11,6.70625,3.12524,4.20328,0.936,11.844,18.311,22.169,0.022,0.124,541,36.4061
busy_poll,offered_25,262144,12,6.61007,1.70269,2.96987,0.412,7.971,14.167,21.742,0.022,0.125,772,36.9359
busy_poll,offered_25,262144,13,6.71127,3.2733,4.60729,1.015,14.128,20.857,25.643,0.022,0.124,463,36.3789
busy_poll,offered_25,262144,14,6.62304,3.16163,4.65052,0.609,14.088,18.497,21.947,0.022,0.108,659,36.8644
busy_poll,offered_25,262144,15,6.711,5.12824,6.62999,1.281,19.192,22.191,29.647,0.022,0.114,495,36.3811
busy_poll,offered_25,1048576,1,7.77092,4.72418,33.7449,0.372,0.816,167.841,420.937,0.022,0.105,444,125.674
busy_poll,offered_25,1048576,2,7.87387,0.394514,0.154444,0.372,0.667,0.918,1.932,0.022,0.119,449,124.031
busy_poll,offered_25,1048576,3,7.89538,0.393818,0.144464,0.37,0.624,0.93,1.297,0.022,0.025,445,123.693
busy_poll,offered_25,1048576,4,7.79944,20.1458,110.549,0.366,0.855,672.789,962.837,0.022,0.116,422,125.189
busy_poll,offered_25,1048576,5,7.93867,0.39373,0.132821,0.372,0.626,0.899,1.091,0.022,0.106,438,122.909
busy_poll,offered_25,1048576,6,7.69861,12.9321,60.6745,0.375,28.135,384.671,445.96,0.022,0.099,425,126.816
busy_poll,offered_25,1048576,7,7.90186,0.39127,0.141447,0.367,0.682,0.875,1.125,0.022,0.106,456,123.592
busy_poll,offered_25,1048576,8,7.88652,0.394969,0.144447,0.371,0.658,0.931,1.149,0.022,0.104,457,123.832
busy_poll,offered_25,1048576,9,7.7654,1.51251,9.98644,0.379,0.765,36.752,155.093,0.022,0.105,447,125.728
busy_poll,offered_25,1048576,10,7.8948,0.388777,0.127476,0.374,0.61,0.853,1.036,0.022,0.025,457,123.662
busy_poll,offered_25,1048576,11,7.88119,0.374752,0.121979,0.361,0.586,0.766,0.897,0.022,0.125,453,123.916
busy_poll,offered_25,1048576,12,7.851,1.10013,9.23851,0.379,0.785,2.028,148.977,0.022,0.105,457,124.329
busy_poll,offered_25,1048576,13,7.90063,0.394373,0.131746,0.376,0.633,0.854,0.922,0.022,0.103,440,123.611
busy_poll,offered_25,1048576,14,7.88079,0.387818,0.140978,0.364,0.669,0.909,1.013,0.022,0.109,456,123.86
busy_poll,offered_25,1048576,15,7.75062,1.15277,9.65425,0.375,0.764,2.532,185.085,0.022,0.1,448,125.955
busy_poll,offered_50,64,1,0.00557038,0.336568,0.241587,0.333,0.521,0.669,1.028,0.022,0.025,95292,10.6987
busy_poll,offered_50,64,2,0.00557038,0.336096,0.183674,0.341,0.521,0.669,0.993,0.022,0.025,95743,10.6991
busy_poll,offered_50,64,3,0.00556671,0.33907,0.160986,0.359,0.52,0.667,0.961,0.022,0.025,97977,10.706
busy_poll,offered_50,64,4,0.00556667,0.339349,0.168141,0.36,0.521,0.667,0.949,0.022,0.025,97866,10.7063
busy_poll,offered_50,64,5,0.00556474,0.336395,0.158385,0.35,0.52,0.672,1.032,0.022,0.025,97995,10.7099
busy_poll,offered_50,64,6,0.0055667,0.336632,0.154933,0.355,0.518,0.665,0.94,0.022,0.025,95484,10.7059
busy_poll,offered_50,64,7,0.00556231,0.335183,0.153976,0.347,0.519,0.667,0.96,0.022,0.025,98532,10.7148
busy_poll,offered_50,64,8,0.00556926,0.339149,0.231446,0.355,0.52,0.669,0.983,0.022,0.025,95614,10.701
busy_poll,offered_50,64,9,0.00556312,0.339331,0.155933,0.358,0.52,0.667,0.965,0.022,0.025,98645,10.7132
busy_poll,offered_50,64,10,0.00556098,0.339134,0.18119,0.357,0.521,0.671,0.962,0.022,0.025,99315,10.7171
busy_poll,offered_50,64,11,0.00557265,0.330497,0.163029,0.328,0.518,0.667,0.98,0.022,0.025,93848,10.6948
busy_poll,offered_50,64,12,0.00557138,0.336881,0.155353,0.356,0.517,0.665,0.964,0.022,0.025,94877,10.6972
busy_poll,offered_50,64,13,0.00556765,0.344164,0.477939,0.354,0.52,0.672,1.007,0.022,0.025,95533,10.7041
busy_poll,offered_50,64,14,0.00556925,0.338595,0.182397,0.356,0.52,0.669,1.005,0.022,0.025,96249,10.7012
busy_poll,offered_50,64,15,0.00556963,0.338212,0.210843,0.347,0.518,0.664,0.964,0.022,0.025,95449,10.7005
busy_poll,offered_50,256,1,0.0223066,0.565145,0.349804,0.453,1.203,1.55,3.511,0.022,0.025,4513,10.6868
busy_poll,offered_50,256,2,0.0223264,0.574686,0.351184,0.462,1.216,1.541,3.235,0.022,0.03,4324,10.6766
busy_poll,offered_50,256,3,0.022331,0.606034,0.380601,0.479,1.268,1.592,3.159,0.022,0.025,3645,10.676
busy_poll,offered_50,256,4,0.0223211,0.583016,0.332278,0.465,1.248,1.535,2.273,0.022,0.025,3711,10.6797
busy_poll,offered_50,256,5,0.0223324,0.597614,0.406547,0.477,1.255,1.557,3.318,0.022,0.031,3591,10.6739
busy_poll,offered_50,256,6,0.0223412,0.600147,0.351679,0.485,1.255,1.574,3.125,0.022,0.028,3574,10.6706
busy_poll,offered_50,256,7,0.0223253,0.584906,0.330556,0.466,1.253,1.547,1.956,0.022,0.029,3823,10.678
busy_poll,offered_50,256,8,0.022326,0.588293,0.369923,0.469,1.248,1.577,3.465,0.022,0.03,3869,10.6774
busy_poll,offered_50,256,9,0.0223522,0.583856,0.351991,0.462,1.25,1.579,3.454,0.022,0.025,3927,10.6658
busy_poll,offered_50,256,10,0.0223477,0.629418,1.33278,0.471,1.264,1.669,5.784,0.022,0.028,3829,10.6672
busy_poll,offered_50,256,11,0.0223346,0.597809,0.366539,0.476,1.255,1.568,3.425,0.022,0.025,3647,10.6734
busy_poll,offered_50,256,12,0.0223695,0.599061,0.383209,0.475,1.26,1.612,3.742,0.022,0.025,3659,10.6566
busy_poll,offered_50,256,13,0.0223672,0.596942,0.378302,0.474,1.265,1.574,3.242,0.022,0.025,3735,10.6579
busy_poll,offered_50,256,14,0.0223253,0.586868,0.361283,0.462,1.257,1.643,3.69,0.022,0.025,3778,10.6783
busy_poll,offered_50,256,15,0.0223095,0.590568,0.519977,0.458,1.244,1.581,8.976,0.022,0.025,4107,10.6855
busy_poll,offered_50,1024,1,0.0893812,4.8008,2.78,4.236,10.237,12.415,16.603,0.023,0.116,257,10.6667
busy_poll,offered_50,1024,2,0.0893396,4.74907,2.71199,4.25,10.108,12.066,15.979,0.023,0.025,260,10.6721
busy_poll,offered_50,1024,3,0.0893933,4.7715,2.80321,4.227,10.237,12.397,16.824,0.023,0.025,254,10.6681
busy_poll,offered_50,1024,4,0.0893704,4.9959,3.05971,4.307,10.791,14.447,17.579,0.023,0.113,253,10.6711
busy_poll,offered_50,1024,5,0.0893866,4.82156,2.81191,4.303,10.21,12.809,17.735,0.023,0.025,259,10.6691
busy_poll,offered_50,1024,6,0.0893904,4.75044,2.75107,4.221,10.057,12.949,17.724,0.023,0.025,254,10.6681
busy_poll,offered_50,1024,7,0.0893615,4.83717,2.8941,4.218,10.445,13.661,16.605,0.023,0.025,254,10.6703
busy_poll,offered_50,1024,8,0.0892704,4.92554,2.79932,4.304,10.393,12.575,15.593,0.023,0.025,258,10.6812
busy_poll,offered_50,1024,9,0.0891849,4.89242,2.88642,4.243,10.453,13.591,17.425,0.023,0.025,257,10.6933
busy_poll,offered_50,1024,10,0.0893887,4.78937,2.79188,4.255,10.326,12.276,14.788,0.023,0.025,260,10.6657
busy_poll,offered_50,1024,11,0.0895147,4.72649,2.77255,4.22,10.25,12.277,16.987,0.023,0.029,260,10.6525
busy_poll,offered_50,1024,12,0.0894424,4.7291,2.84965,4.229,10.34,13.03,16.43,0.023,0.025,260,10.6608
busy_poll,offered_50,1024,13,0.0893268,4.68269,2.74892,4.188,10.174,12.354,15.659,0.023,0.025,261,10.6743
busy_poll,offered_50,1024,14,0.0894555,4.79607,2.73459,4.215,10.2,12.474,15.435,0.023,0.025,258,10.661
busy_poll,offered_50,1024,15,0.0893834,4.79601,2.91877,4.179,10.319,13.618,18.573,0.023,0.025,260,10.6685
busy_poll,offered_50,4096,1,0.35014,4.38447,2.86051,3.351,11.547,14.624,17.793,0.022,0.025,511,10.8944
busy_poll,offered_50,4096,2,0.350687,4.33093,2.77677,3.339,11.4,14.05,17.696,0.022,0.025,502,10.8761
busy_poll,offered_50,4096,3,0.350222,4.40605,2.92348,3.362,11.676,14.807,18.67,0.022,0.025,512,10.891
busy_poll,offered_50,4096,4,0.350387,4.42332,2.91477,3.353,11.622,14.558,19.139,0.022,0.025,498,10.8856
busy_poll,offered_50,4096,5,0.350442,4.40766,2.88182,3.36,11.53,14.661,18.716,0.022,0.025,507,10.8838
busy_poll,offered_50,4096,6,0.350345,4.42174,3.01029,3.335,11.651,15.048,24.466,0.022,0.1,507,10.8875
busy_poll,offered_50,4096,7,0.350602,4.34938,2.80807,3.346,11.448,14.196,18.222,0.022,0.024,506,10.8795
busy_poll,offered_50,4096,8,0.350941,4.34827,2.90542,3.332,11.435,14.187,25.147,0.022,0.024,504,10.8678
busy_poll,offered_50,4096,9,0.350105,4.44046,2.98561,3.377,11.694,14.761,25.105,0.022,0.024,504,10.894
busy_poll,offered_50,4096,10,0.350483,4.35229,2.82986,3.342,11.462,14.256,18.245,0.022,0.024,497,10.8836
busy_poll,offered_50,4096,11,0.350447,4.39117,2.91101,3.347,11.534,14.487,22.331,0.022,0.025,499,10.8827
busy_poll,offered_50,4096,12,0.35047,4.38233,2.95198,3.34,11.639,14.975,20.323,0.022,0.025,497,10.8841
busy_poll,offered_50,4096,13,0.351004,4.25654,2.81617,3.324,11.265,13.806,26.589,0.022,0.025,506,10.8671
busy_poll,offered_50,4096,14,0.350327,4.41807,3.03527,3.36,11.585,15.14,26.798,0.022,0.025,507,10.888
busy_poll,offered_50,4096,15,0.350947,4.28521,2.79031,3.33,11.405,14.261,18.372,0.022,0.024,509,10.8682
busy_poll,offered_50,16384,1,1.34202,8.37188,3.87608,8.633,13.661,15.1,20.681,0.022,0.025,126,11.3702
busy_poll,offered_50,16384,2,1.3473,8.52532,3.97637,8.742,13.841,16.035,26.217,0.022,0.028,122,11.32
busy_poll,offered_50,16384,3,1.34933,8.46185,3.87072,8.749,13.695,15.128,18.537,0.022,0.028,129,11.3067
busy_poll,offered_50,16384,4,1.34584,8.46076,3.8442,8.717,13.75,15.151,20.932,0.023,0.025,127,11.3366
busy_poll,offered_50,16384,5,1.34683,8.44225,3.88202,8.678,13.692,15.719,22.246,0.022,0.024,126,11.3296
busy_poll,offered_50,16384,6,1.34652,8.51802,3.84912,8.775,13.703,15.284,19.914,0.022,0.103,124,11.3308
busy_poll,offered_50,16384,7,1.34273,8.4794,4.05186,8.719,13.867,16.605,31.888,0.022,0.028,120,11.3606
busy_poll,offered_50,16384,8,1.34656,8.46042,3.87713,8.689,13.814,15.174,22.627,0.022,0.105,127,11.3319
busy_poll,offered_50,16384,9,1.34842,8.42889,3.80081,8.684,13.623,14.84,17.706,0.022,0.025,123,11.3142
busy_poll,offered_50,16384,10,1.34701,8.43254,3.84589,8.664,13.638,15.223,20.895,0.022,0.024,125,11.3281
busy_poll,offered_50,16384,11,1.34928,8.37911,3.77771,8.634,13.555,14.917,16.509,0.022,0.025,126,11.309
busy_poll,offered_50,16384,12,1.34621,8.61978,4.20419,8.817,13.831,17.088,30.234,0.022,0.025,126,11.3277
busy_poll,offered_50,16384,13,1.3457,8.40199,3.89096,8.627,13.673,15.025,25.51,0.022,0.025,125,11.3371
busy_poll,offered_50,16384,14,1.34547,8.39526,3.83348,8.596,13.764,15.345,17.682,0.022,0.025,124,11.3411
busy_poll,offered_50,16384,15,1.35153,8.42855,3.9408,8.685,13.702,15.281,24.615,0.022,0.108,122,11.288
busy_poll,offered_50,65536,1,4.39666,16.1116,9.51956,16.505,29.33,31.782,36.452,0.023,0.03,92,13.8649
busy_poll,offered_50,65536,2,4.38206,16.371,9.53695,16.901,29.974,32.184,34.005,0.022,0.115,45,13.9294
busy_poll,offered_50,65536,3,4.39511,16.6343,9.57182,17.139,29.684,31.623,33.439,0.022,0.024,49,13.8829
busy_poll,offered_50,65536,4,4.3817,15.9226,9.28961,16.383,28.664,30.596,32.284,0.022,0.025,69,13.9308
busy_poll,offered_50,65536,5,4.3978,16.3552,9.46232,16.725,29.271,31.076,36.468,0.023,0.03,46,13.8796
busy_poll,offered_50,65536,6,4.37375,16.4079,9.55705,16.905,29.651,32.368,34.416,0.022,0.026,53,13.9477
busy_poll,offered_50,65536,7,4.39571,16.4638,9.54312,17.064,29.603,31.136,32.921,0.023,0.028,71,13.8867
busy_poll,offered_50,65536,8,4.39797,16.4684,9.5005,16.968,29.701,31.662,33.717,0.022,0.029,39,13.8796
busy_poll,offered_50,65536,9,4.34562,16.2449,9.48022,16.833,29.147,30.935,32.704,0.022,0.029,78,14.0463
busy_poll,offered_50,65536,10,4.37943,16.2892,9.42516,16.748,29.451,31.218,32.609,0.022,0.032,48,13.9382
busy_poll,offered_50,65536,11,4.39585,16.5127,9.61039,17.045,29.555,32.379,33.911,0.022,0.027,42,13.8861
busy_poll,offered_50,65536,12,4.40727,16.2751,9.61886,16.592,29.488,31.415,34.038,0.023,0.03,92,13.85
busy_poll,offered_50,65536,13,4.41811,16.1125,9.39599,16.527,28.983,31.63,32.493,0.023,0.109,42,13.8156
busy_poll,offered_50,65536,14,4.40146,15.9791,9.40949,16.447,29.21,31.11,32.023,0.023,0.029,39,13.8682
busy_poll,offered_50,65536,15,4.40599,16.6655,9.61639,17.198,29.653,31.698,32.646,0.022,0.028,32,13.8492
busy_poll,offered_50,262144,1,9.16524,6.73813,9.22795,1.066,25.69,30.25,49.943,0.022,0.029,709,26.6125
busy_poll,offered_50,262144,2,9.13812,3.92783,6.13277,0.655,18.466,23.887,26.726,0.022,0.106,774,26.718
busy_poll,offered_50,262144,3,8.99553,0.717575,2.40519,0.322,1.916,4.686,33.922,0.022,0.025,1393,27.1261
busy_poll,offered_50,262144,4,9.08195,0.548072,0.61871,0.325,1.935,3.465,4.47,0.022,0.025,1312,26.8777
busy_poll,offered_50,262144,5,8.98348,1.60795,3.85364,0.345,10.366,20.83,22.84,0.022,0.027,1335,27.1779
busy_poll,offered_50,262144,6,8.89071,0.353028,0.204805,0.31,0.676,1.226,1.71,0.022,0.025,1736,27.4613
busy_poll,offered_50,262144,7,8.94099,1.4122,2.81824,0.354,7.912,14.836,16.738,0.022,0.025,1292,27.307
busy_poll,offered_50,262144,8,9.14878,6.46139,8.83578,0.897,25.915,28.12,33.829,0.022,0.025,786,26.6867
busy_poll,offered_50,262144,9,9.30894,8.59788,9.55848,3.728,27.313,30.186,34.172,0.023,0.026,518,26.2211
busy_poll,offered_50,262144,10,8.95524,6.55794,8.98757,0.882,25.522,28.405,33.205,0.022,0.025,775,27.2634
busy_poll,offered_50,262144,11,9.30508,9.62892,9.69638,6.082,26.784,29.299,33.481,0.022,0.025,473,26.2388
busy_poll,offered_50,262144,12,9.13792,5.9274,8.00229,0.837,23.323,27.035,28.726,0.022,0.029,750,26.7186
busy_poll,offered_50,262144,13,8.95462,0.430731,0.377807,0.315,1.103,1.834,2.487,0.022,0.096,1485,27.2581
busy_poll,offered_50,262144,14,9.1546,4.76901,7.56619,0.572,23.024,26.828,30.188,0.022,0.025,867,26.6697
busy_poll,offered_50,262144,15,9.01094,8.30386,47.0679,0.327,4.002,320.644,394.001,0.022,0.099,1310,27.0955
busy_poll,offered_50,1048576,1,8.44629,0.458873,1.35718,0.383,0.696,0.833,30.963,0.022,0.025,489,115.492
busy_poll,offered_50,1048576,2,8.46231,0.41566,0.158671,0.386,0.775,0.929,1.095,0.022,0.025,488,115.388
busy_poll,offered_50,1048576,3,8.34814,4.50639,30.4883,0.386,0.81,182.406,364.656,0.022,0.025,479,116.987
busy_poll,offered_50,1048576,4,8.44589,0.408463,0.150362,0.391,0.688,0.887,1.237,0.022,0.025,487,115.602
busy_poll,offered_50,1048576,5,8.45182,0.416461,0.202598,0.396,0.676,0.957,3.577,0.022,0.025,486,115.465
busy_poll,offered_50,1048576,6,8.29929,17.5414,105.851,0.381,0.912,740.318,862.851,0.022,0.025,476,117.63
busy_poll,offered_50,1048576,7,8.30055,11.4971,66.3989,0.388,0.904,443.727,573.976,0.022,0.025,471,117.61
busy_poll,offered_50,1048576,8,8.4562,0.41975,0.185559,0.387,0.778,1.21,1.779,0.022,0.025,493,115.49
busy_poll,offered_50,1048576,9,8.43224,0.416578,0.349582,0.384,0.702,0.91,6.914,0.022,0.114,497,115.818
busy_poll,offered_50,1048576,10,8.4283,0.415143,0.157891,0.393,0.758,0.918,1.206,0.022,0.025,492,115.873
busy_poll,offered_50,1048576,11,8.34662,0.745617,4.86706,0.389,0.728,2.111,89.072,0.022,0.12,488,117.007
busy_poll,offered_50,1048576,12,8.48892,0.40058,0.142167,0.388,0.676,0.895,1.228,0.022,0.106,491,115.008
busy_poll,offered_50,1048576,13,8.44473,0.407811,0.163433,0.385,0.747,1.019,1.34,0.022,0.094,485,115.647
busy_poll,offered_50,1048576,14,8.33,8.99194,53.1654,0.396,0.914,330.315,479.39,0.022,0.025,469,117.239
busy_poll,offered_50,1048576,15,8.49283,0.397848,0.137325,0.386,0.617,0.858,1.027,0.022,0.025,488,114.959
busy_poll,offered_75,64,1,0.0144978,0.269543,0.322157,0.224,0.412,0.455,5.252,0.022,0.025,8499,4.11083
busy_poll,offered_75,64,2,0.0144987,0.281075,0.528341,0.226,0.413,0.454,0.65,0.022,0.025,8743,4.11057
busy_poll,offered_75,64,3,0.0144966,0.284539,0.430979,0.224,0.412,0.456,2.625,0.022,0.025,8937,4.11105
busy_poll,offered_75,64,4,0.0144957,0.266432,0.133633,0.223,0.409,0.439,0.92,0.022,0.025,9341,4.11161
busy_poll,offered_75,64,5,0.0144977,0.280922,0.660653,0.224,0.412,0.452,0.585,0.022,0.025,8781,4.11083
busy_poll,offered_75,64,6,0.0144973,0.269413,0.671709,0.222,0.409,0.428,0.558,0.022,0.025,8770,4.11105
busy_poll,offered_75,64,7,0.0144988,0.277381,0.681005,0.223,0.409,0.429,0.744,0.022,0.025,9283,4.11044
busy_poll,offered_75,64,8,0.0144987,0.278252,0.66904,0.223,0.412,0.454,0.732,0.022,0.026,9033,4.11071
busy_poll,offered_75,64,9,0.0144982,0.26447,0.15294,0.223,0.409,0.429,0.552,0.022,0.025,9888,4.1107
busy_poll,offered_75,64,10,0.0144985,0.280691,0.67288,0.224,0.411,0.452,0.602,0.022,0.025,8745,4.11068
busy_poll,offered_75,64,11,0.0144967,0.26898,0.0982813,0.224,0.412,0.452,0.582,0.022,0.025,8441,4.11114
busy_poll,offered_75,64,12,0.0144952,0.279853,0.268212,0.225,0.412,0.454,2.127,0.022,0.026,9328,4.11146
busy_poll,offered_75,64,13,0.0144973,0.275364,0.11017,0.225,0.412,0.453,0.612,0.022,0.025,8883,4.11096
busy_poll,offered_75,64,14,0.0144978,0.266571,0.390763,0.223,0.411,0.454,6.061,0.022,0.025,8674,4.11069
busy_poll,offered_75,64,15,0.0144982,0.263156,0.114115,0.223,0.411,0.453,0.651,0.022,0.025,9089,4.1109
busy_poll,offered_75,256,1,0.0580262,0.9457,0.52033,0.917,1.709,1.946,5.468,0.022,0.025,1075,4.10793
busy_poll,offered_75,256,2,0.0580355,0.94632,0.765473,0.903,1.697,1.92,8.838,0.022,0.025,1047,4.10727
busy_poll,offered_75,256,3,0.0580299,0.928914,0.474706,0.911,1.698,1.923,2.244,0.022,0.025,1148,4.10787
busy_poll,offered_75,256,4,0.0580399,0.941317,0.476322,0.92,1.704,1.921,3.326,0.022,0.025,993,4.10765
busy_poll,offered_75,256,5,0.0580204,0.910146,0.487438,0.89,1.679,1.912,2.283,0.023,0.025,1208,4.10903
busy_poll,offered_75,256,6,0.0580333,1.14023,5.82226,0.896,1.671,1.925,48.326,0.023,0.031,1019,4.10732
busy_poll,offered_75,256,7,0.0580408,0.93332,0.483469,0.908,1.701,1.918,2.254,0.023,0.025,1129,4.10763
busy_poll,offered_75,256,8,0.0580308,0.926741,0.483905,0.901,1.693,1.904,2.281,0.022,0.025,1024,4.10811
busy_poll,offered_75,256,9,0.0580079,0.925628,0.482663,0.904,1.686,1.906,2.271,0.022,0.025,1089,4.10937
busy_poll,offered_75,256,10,0.0580366,0.923129,0.488767,0.902,1.694,1.916,3.266,0.022,0.025,1082,4.10738
busy_poll,offered_75,256,11,0.0580107,0.923649,0.492573,0.901,1.686,1.905,3.327,0.022,0.025,1104,4.10975
busy_poll,offered_75,256,12,0.0580371,0.937436,0.633266,0.898,1.703,1.93,8.867,0.023,0.03,997,4.10788
busy_poll,offered_75,256,13,0.0580284,0.925669,0.49196,0.901,1.673,1.922,3.893,0.023,0.025,926,4.10851
busy_poll,offered_75,256,14,0.0580294,0.91872,0.493733,0.894,1.674,1.906,4.45,0.023,0.025,1084,4.10836
busy_poll,offered_75,256,15,0.0580124,0.94111,0.533494,0.913,1.693,1.914,7.145,0.022,0.025,1053,4.10936
busy_poll,offered_75,1024,1,0.23238,2.67331,1.15952,2.911,4.178,4.475,8.392,0.022,0.029,259,4.10409
busy_poll,offered_75,1024,2,0.232255,2.67133,1.21951,2.909,4.101,4.474,12.612,0.023,0.025,259,4.10428
busy_poll,offered_75,1024,3,0.232462,2.6714,1.16,2.903,4.158,4.464,8.488,0.023,0.029,252,4.10179
busy_poll,offered_75,1024,4,0.23268,2.62492,1.14345,2.835,4.116,4.421,9.382,0.023,0.029,257,4.09876
busy_poll,offered_75,1024,5,0.232852,2.70608,1.16453,2.969,4.133,4.563,7.205,0.023,0.029,253,4.09575
busy_poll,offered_75,1024,6,0.232306,2.6369,1.14793,2.857,4.154,4.539,7.444,0.022,0.025,256,4.10534
busy_poll,offered_75,1024,7,0.232642,2.63508,1.13851,2.881,4.068,4.455,6.853,0.023,0.03,260,4.09939
busy_poll,offered_75,1024,8,0.232583,2.64354,1.15374,2.875,4.12,4.466,8.25,0.023,0.03,254,4.10045
busy_poll,offered_75,1024,9,0.232557,2.67404,1.16771,2.918,4.163,4.491,7.96,0.023,0.029,256,4.10089
busy_poll,offered_75,1024,10,0.232159,2.67401,1.16463,2.905,4.186,4.453,8.231,0.022,0.025,254,4.10794
busy_poll,offered_75,1024,11,0.232489,2.6827,1.16056,2.929,4.142,4.521,6.828,0.022,0.025,260,4.10144
busy_poll,offered_75,1024,12,0.232266,2.668,1.17703,2.922,4.126,4.409,9.686,0.023,0.025,256,4.10606
busy_poll,offered_75,1024,13,0.232247,2.64167,1.1548,2.872,4.125,4.463,7.203,0.023,0.025,261,4.10571
busy_poll,offered_75,1024,14,0.232499,2.65613,1.13899,2.901,4.11,4.427,6.951,0.023,0.025,256,4.10191
busy_poll,offered_75,1024,15,0.231967,2.63646,1.15637,2.861,4.127,4.717,7.396,0.023,0.025,256,4.11135
busy_poll,offered_75,4096,1,0.894895,2.97064,2.08833,3.013,3.542,4.221,47.703,0.022,0.024,503,4.2609
busy_poll,offered_75,4096,2,0.895535,2.91293,0.779658,3.026,3.587,4.256,12.525,0.022,0.025,498,4.25905
busy_poll,offered_75,4096,3,0.895951,2.89003,0.648533,3.015,3.563,4.169,4.839,0.022,0.025,502,4.25744
busy_poll,offered_75,4096,4,0.896074,2.87801,0.643743,3.009,3.542,4.153,4.446,0.022,0.025,501,4.25678
busy_poll,offered_75,4096,5,0.89551,2.90851,0.761209,3.01,3.59,4.228,12.19,0.022,0.026,504,4.25864
busy_poll,offered_75,4096,6,0.895694,2.91623,1.06652,3.003,3.552,4.175,22.14,0.022,0.028,506,4.25798
busy_poll,offered_75,4096,7,0.894505,2.88621,0.647807,3.015,3.571,4.17,4.646,0.022,0.026,504,4.26465
busy_poll,offered_75,4096,8,0.895993,2.87371,0.64661,3.002,3.544,4.159,4.842,0.022,0.024,501,4.25622
busy_poll,offered_75,4096,9,0.896002,2.87767,0.649807,3.01,3.56,4.172,4.516,0.022,0.027,500,4.2575
busy_poll,offered_75,4096,10,0.894746,2.87499,0.655954,3.017,3.56,4.144,4.461,0.022,0.024,499,4.26348
busy_poll,offered_75,4096,11,0.895506,2.92142,0.925455,3.019,3.599,4.248,17.481,0.022,0.025,504,4.25926
busy_poll,offered_75,4096,12,0.896013,2.8826,0.64363,3.013,3.541,4.16,4.485,0.022,0.024,506,4.25746
busy_poll,offered_75,4096,13,0.895134,2.8732,0.647964,3.004,3.564,4.166,4.638,0.022,0.029,501,4.26162
busy_poll,offered_75,4096,14,0.895389,2.91286,0.867773,3.013,3.561,4.218,16.115,0.022,0.025,504,4.26006
busy_poll,offered_75,4096,15,0.896287,2.87966,0.633256,2.995,3.558,4.175,4.622,0.022,0.028,503,4.25476
busy_poll,offered_75,16384,1,3.20794,7.0711,3.48567,7.21,11.802,12.869,14.306,0.022,0.053,126,4.75682
busy_poll,offered_75,16384,2,3.21893,7.07091,3.48919,7.168,11.875,13.138,14.1,0.022,0.026,127,4.74066
busy_poll,offered_75,16384,3,3.21321,7.0592,3.53544,7.146,11.872,12.818,15.246,0.022,0.026,128,4.74737
busy_poll,offered_75,16384,4,3.21403,7.21829,3.63362,7.332,12.096,14.401,17.231,0.022,0.028,127,4.74786
busy_poll,offered_75,16384,5,3.20821,7.04376,3.53114,7.151,11.862,12.679,17.869,0.022,0.025,127,4.75483
busy_poll,offered_75,16384,6,3.21189,7.07911,3.52049,7.165,11.938,12.78,15.184,0.022,0.028,127,4.75094
busy_poll,offered_75,16384,7,3.20752,7.09594,3.52179,7.197,11.965,12.868,14.839,0.022,0.024,125,4.75738
busy_poll,offered_75,16384,8,3.20961,7.09512,3.55044,7.199,11.907,12.894,15.129,0.022,0.025,126,4.75292
busy_poll,offered_75,16384,9,3.20924,7.15481,3.55314,7.263,12.015,12.996,15.951,0.022,0.025,128,4.75321
busy_poll,offered_75,16384,10,3.19969,7.05138,3.52091,7.183,11.955,12.692,13.964,0.022,0.04,128,4.76906
busy_poll,offered_75,16384,11,3.2098,7.07628,3.54376,7.167,11.91,13.409,14.927,0.022,0.027,125,4.75421
busy_poll,offered_75,16384,12,3.21895,7.35473,5.2352,7.182,11.893,12.859,57.743,0.022,0.027,125,4.73451
busy_poll,offered_75,16384,13,3.20922,7.05582,3.46896,7.183,11.788,12.65,14.199,0.022,0.027,125,4.7549
busy_poll,offered_75,16384,14,3.21833,7.01575,3.45931,7.123,11.732,12.573,13.841,0.022,0.024,126,4.74144
busy_poll,offered_75,16384,15,3.2131,7.06217,3.49465,7.196,11.812,12.796,13.564,0.022,0.028,126,4.74919
busy_poll,offered_75,65536,1,8.2246,16.081,9.33124,16.588,29.134,31.157,33.141,0.023,0.039,79,7.42201
busy_poll,offered_75,65536,2,8.25337,16.2755,9.47877,16.846,29.297,31.067,32.925,0.022,0.025,67,7.39594
busy_poll,offered_75,65536,3,8.21134,16.4404,9.55761,16.752,29.72,32.833,36.193,0.022,0.027,44,7.43427
busy_poll,offered_75,65536,4,8.22392,16.4691,9.47091,17.006,29.367,31.02,33.645,0.022,0.024,62,7.42281
busy_poll,offered_75,65536,5,8.21976,16.2849,9.41094,16.843,29.267,30.848,32.325,0.022,0.024,65,7.42631
busy_poll,offered_75,65536,6,8.22126,16.7194,10.8493,16.89,29.543,64.019,74.955,0.022,0.028,57,7.40194
busy_poll,offered_75,65536,7,8.23952,16.3378,9.49186,16.901,29.395,32.022,34,0.023,0.029,62,7.40852
busy_poll,offered_75,65536,8,8.18792,16.2524,9.43723,16.753,29.261,31.102,32.584,0.023,0.028,57,7.45519
busy_poll,offered_75,65536,9,8.23106,16.4187,9.5389,16.969,29.601,30.881,32.905,0.022,0.03,65,7.41661
busy_poll,offered_75,65536,10,8.20471,16.2076,9.31077,16.631,29.172,31.325,34.698,0.022,0.026,53,7.44051
busy_poll,offered_75,65536,11,8.25809,16.3912,9.64283,16.888,29.801,31.4,33.566,0.023,0.028,43,7.39204
busy_poll,offered_75,65536,12,8.23722,16.3121,9.55633,16.763,29.426,31.676,34.856,0.023,0.03,50,7.41071
busy_poll,offered_75,65536,13,8.23446,16.4503,9.60668,16.921,29.821,31.887,41.326,0.023,0.03,60,7.4132
busy_poll,offered_75,65536,14,8.27662,16.4831,9.56324,17.025,29.567,31.387,34.504,0.022,0.028,46,7.37538
busy_poll,offered_75,65536,15,8.21375,16.2491,9.5637,16.764,29.813,31.195,34.543,0.023,0.03,44,7.43199
busy_poll,offered_75,262144,1,12.8311,13.9213,9.40046,14.239,28.431,30.439,32.712,0.022,0.029,224,19.0206
busy_poll,offered_75,262144,2,12.7756,13.1248,9.17349,12.642,27.731,29.32,35.652,0.022,0.028,203,19.1111
busy_poll,offered_75,262144,3,12.94,21.3551,10.7706,25.398,33.374,36.417,40.103,0.022,0.028,147,18.8683
busy_poll,offered_75,262144,4,12.0912,12.8533,12.1308,9.349,32.522,34.89,55.911,0.022,0.025,526,20.1859
busy_poll,offered_75,262144,5,12.7879,13.6189,8.98932,13.426,27.67,29.561,35.492,0.022,0.028,175,19.0862
busy_poll,offered_75,262144,6,12.9319,21.143,10.4595,24.432,33.185,35.792,39.502,0.022,0.028,147,18.8803
busy_poll,offered_75,262144,7,12.9748,17.2434,8.82889,19.157,28.924,31.083,34.494,0.022,0.029,113,18.8181
busy_poll,offered_75,262144,8,12.3143,9.18463,8.49119,7.709,24.522,27.595,33.561,0.022,0.025,503,19.8271
busy_poll,offered_75,262144,9,12.7502,11.7301,9.28475,9.835,26.953,29.879,34.571,0.022,0.025,255,19.1403
busy_poll,offered_75,262144,10,12.9367,22.3558,9.98437,25.733,33.371,36.175,40.058,0.023,0.03,99,18.8731
busy_poll,offered_75,262144,11,12.9348,20.9888,10.6752,24.907,33.286,36.218,38.978,0.022,0.028,126,18.8759
busy_poll,offered_75,262144,12,12.8998,16.0097,9.72275,18.358,29.071,30.859,34.243,0.022,0.028,184,18.9193
busy_poll,offered_75,262144,13,12.8142,17.5403,9.90039,19.516,30.923,34.443,39.124,0.022,0.025,125,19.0538
busy_poll,offered_75,262144,14,12.7239,11.4453,8.53191,10.787,26.681,28.71,32.837,0.023,0.027,200,19.1887
busy_poll,offered_75,262144,15,12.9601,21.6738,10.337,25.054,33.627,35.64,38.839,0.022,0.027,105,18.8388
busy_poll,offered_75,1048576,1,9.01524,0.403152,0.138272,0.386,0.636,0.908,1.014,0.022,0.025,493,108.33
busy_poll,offered_75,1048576,2,8.96789,0.403984,0.14207,0.393,0.659,0.878,0.994,0.022,0.025,488,108.901
busy_poll,offered_75,1048576,3,8.84779,4.65212,30.4478,0.393,0.83,186.394,339.074,0.022,0.025,473,110.336
busy_poll,offered_75,1048576,4,8.93314,0.4126,0.245406,0.385,0.718,0.941,4.833,0.022,0.025,488,109.282
busy_poll,offered_75,1048576,5,8.97506,0.399154,0.124118,0.389,0.584,0.832,1.054,0.022,0.025,493,108.78
busy_poll,offered_75,1048576,6,8.7975,3.4708,22.48,0.399,0.76,129.401,279.479,0.022,0.025,467,110.99
busy_poll,offered_75,1048576,7,8.9492,0.411754,0.167464,0.393,0.659,0.879,2.695,0.022,0.107,482,109.076
busy_poll,offered_75,1048576,8,9.02973,0.400902,0.127729,0.384,0.649,0.849,1.191,0.022,0.025,495,108.155
busy_poll,offered_75,1048576,9,8.77909,18.9851,100.418,0.397,0.944,652.157,872.953,0.022,0.025,466,111.157
busy_poll,offered_75,1048576,10,8.96357,0.414002,0.192015,0.393,0.709,0.946,2.677,0.022,0.025,496,108.963
busy_poll,offered_75,1048576,11,8.97258,0.410711,0.2779,0.388,0.639,0.873,5.967,0.022,0.116,486,108.844
busy_poll,offered_75,1048576,12,8.96809,0.41202,0.1517,0.394,0.646,0.873,1.949,0.022,0.025,492,108.897
busy_poll,offered_75,1048576,13,8.9639,0.418064,0.29152,0.395,0.647,0.944,6.224,0.022,0.025,486,108.95
busy_poll,offered_75,1048576,14,8.99569,0.40741,0.130086,0.393,0.635,0.899,0.925,0.022,0.025,489,108.565
busy_poll,offered_75,1048576,15,8.97764,0.447012,0.897892,0.389,0.651,0.963,20.486,0.022,0.025,486,108.677
busy_poll,offered_90,64,1,0.0343305,0.222459,0.659927,0.208,0.328,0.342,1.837,0.022,0.025,68599,1.73599
busy_poll,offered_90,64,2,0.0343031,0.229639,0.94622,0.207,0.308,0.314,1.581,0.022,0.025,67645,1.7372
busy_poll,offered_90,64,3,0.0342759,0.209239,0.311454,0.206,0.308,0.316,4.365,0.022,0.025,70906,1.73885
busy_poll,offered_90,64,4,0.0342865,0.215107,0.73627,0.206,0.308,0.315,0.672,0.022,0.025,71840,1.73815
busy_poll,offered_90,64,5,0.0343171,0.217815,0.394008,0.208,0.308,0.314,5.339,0.022,0.025,66536,1.73666
busy_poll,offered_90,64,6,0.034332,0.226728,0.802965,0.208,0.325,0.34,2.102,0.022,0.025,67668,1.73585
busy_poll,offered_90,64,7,0.034201,0.204335,0.249805,0.206,0.308,0.315,0.882,0.022,0.025,72168,1.74262
busy_poll,offered_90,64,8,0.034292,0.212214,0.703026,0.206,0.308,0.316,1.057,0.022,0.025,74045,1.73784
busy_poll,offered_90,64,9,0.0343149,0.216045,0.667853,0.207,0.308,0.315,1.481,0.022,0.025,72319,1.7367
busy_poll,offered_90,64,10,0.0343261,0.220246,0.785751,0.208,0.324,0.34,0.473,0.022,0.025,68998,1.73624
busy_poll,offered_90,64,11,0.0343064,0.222425,0.777076,0.208,0.325,0.341,1.087,0.022,0.025,68740,1.7372
busy_poll,offered_90,64,12,0.034284,0.222533,0.712005,0.208,0.325,0.341,1.269,0.022,0.025,68640,1.73826
busy_poll,offered_90,64,13,0.0342794,0.212583,0.285464,0.207,0.326,0.341,0.806,0.022,0.025,68323,1.73851
busy_poll,offered_90,64,14,0.0343002,0.208655,0.221369,0.208,0.325,0.341,0.446,0.022,0.025,69426,1.73769
busy_poll,offered_90,64,15,0.0342748,0.198197,0.109348,0.203,0.308,0.315,0.417,0.022,0.025,71406,1.73884
busy_poll,offered_90,256,1,0.137312,0.284336,0.617656,0.235,0.45,0.578,3.637,0.022,0.025,8046,1.73612
busy_poll,offered_90,256,2,0.137305,0.278832,0.628041,0.225,0.449,0.628,3.246,0.022,0.025,9431,1.73618
busy_poll,offered_90,256,3,0.136751,0.257557,0.13885,0.224,0.461,0.636,1.081,0.022,0.025,10103,1.74347
busy_poll,offered_90,256,4,0.137162,0.323109,1.63195,0.226,0.468,0.706,9.297,0.022,0.025,9376,1.73735
busy_poll,offered_90,256,5,0.137,0.26647,0.172361,0.234,0.445,0.571,1.579,0.022,0.025,8164,1.73992
busy_poll,offered_90,256,6,0.137169,0.281651,0.466924,0.235,0.452,0.595,6.36,0.022,0.025,8088,1.73786
busy_poll,offered_90,256,7,0.137264,0.312382,1.18657,0.232,0.415,0.561,19.116,0.022,0.026,8492,1.73622
busy_poll,offered_90,256,8,0.137145,0.263611,0.249637,0.224,0.446,0.647,3.583,0.022,0.025,10149,1.73838
busy_poll,offered_90,256,9,0.137251,0.271709,0.294571,0.234,0.436,0.563,4.854,0.022,0.025,8155,1.73693
busy_poll,offered_90,256,10,0.137344,0.282492,0.450216,0.236,0.452,0.572,5.909,0.022,0.025,7993,1.73578
busy_poll,offered_90,256,11,0.137085,0.267383,0.177309,0.234,0.446,0.569,1.771,0.022,0.025,8169,1.73922
busy_poll,offered_90,256,12,0.137172,0.314729,1.59816,0.224,0.471,0.679,7.356,0.022,0.025,10078,1.73726
busy_poll,offered_90,256,13,0.137114,0.26386,0.162491,0.234,0.421,0.554,1.122,0.022,0.025,8281,1.73841
busy_poll,offered_90,256,14,0.13715,0.265661,0.165639,0.231,0.449,0.575,2.388,0.022,0.025,8647,1.7384
busy_poll,offered_90,256,15,0.137209,0.287381,0.553606,0.229,0.452,0.659,8.416,0.022,0.025,8881,1.73738
busy_poll,offered_90,1024,1,0.5478,2.52991,1.50967,2.602,3.997,4.495,19.297,0.023,0.047,256,1.74016
busy_poll,offered_90,1024,2,0.54762,2.40646,1.07331,2.517,3.878,4.268,6.991,0.023,0.058,247,1.74159
busy_poll,offered_90,1024,3,0.548585,2.45001,1.10275,2.596,3.9,4.257,7.389,0.023,4.795,241,1.73853
busy_poll,offered_90,1024,4,0.547848,2.45826,1.14068,2.592,3.969,4.375,6.795,0.023,0.125,233,1.74088
busy_poll,offered_90,1024,5,0.547011,2.4429,1.10023,2.576,3.935,4.294,5.27,0.023,4.201,240,1.74354
busy_poll,offered_90,1024,6,0.547678,2.43232,1.12648,2.541,4.017,4.719,6.984,0.023,4.543,241,1.74142
busy_poll,offered_90,1024,7,0.549607,2.41311,1.10514,2.537,3.884,4.232,8.219,0.022,4.079,243,1.7353
busy_poll,offered_90,1024,8,0.550254,2.42518,1.098,2.526,3.933,4.457,6.899,0.023,3.872,248,1.73326
busy_poll,offered_90,1024,9,0.548411,2.45267,1.11245,2.592,3.945,4.285,7.656,0.023,0.227,237,1.73909
busy_poll,offered_90,1024,10,0.545674,2.40646,1.07067,2.54,3.893,4.26,6.747,0.022,3.995,238,1.74781
busy_poll,offered_90,1024,11,0.546549,2.36799,1.0819,2.459,3.878,4.231,7.16,0.023,4.678,238,1.74499
busy_poll,offered_90,1024,12,0.549741,2.46124,1.1401,2.59,3.975,4.466,8.272,0.022,0.238,247,1.73486
busy_poll,offered_90,1024,13,0.547376,2.42826,1.12145,2.562,3.935,4.36,7.599,0.023,0.091,244,1.74237
busy_poll,offered_90,1024,14,0.549628,2.63401,3.24855,2.563,3.989,4.763,51.506,0.023,4.244,239,1.73243
busy_poll,offered_90,1024,15,0.545172,2.40651,1.0892,2.52,3.904,4.275,7.028,0.023,4.558,241,1.7494
busy_poll,offered_90,4096,1,1.9513,2.92023,0.701227,3.052,3.64,4.246,6.248,0.022,0.031,505,1.95498
busy_poll,offered_90,4096,2,1.95367,2.96009,1.03967,3.077,3.672,4.266,20.442,0.022,0.046,509,1.9521
busy_poll,offered_90,4096,3,1.94955,2.93263,0.828346,3.053,3.676,4.259,13.438,0.022,0.03,508,1.95641
busy_poll,offered_90,4096,4,1.95046,2.97058,1.60296,3.028,3.63,4.292,34.8,0.022,0.036,502,1.95481
busy_poll,offered_90,4096,5,1.95299,2.91508,0.686325,3.062,3.634,4.235,4.601,0.022,0.029,500,1.95331
busy_poll,offered_90,4096,6,1.954,2.90644,0.691406,3.046,3.616,4.245,5.042,0.022,0.029,506,1.9523
busy_poll,offered_90,4096,7,1.95385,2.90296,0.675679,3.036,3.613,4.213,4.841,0.022,0.073,502,1.95246
busy_poll,offered_90,4096,8,1.95546,2.91767,0.693118,3.067,3.667,4.268,4.725,0.022,0.048,503,1.95085
busy_poll,offered_90,4096,9,1.95347,2.90565,0.683178,3.049,3.623,4.225,4.793,0.022,0.046,500,1.95283
busy_poll,offered_90,4096,10,1.95415,2.91728,0.685024,3.052,3.641,4.249,4.877,0.022,0.031,501,1.95215
busy_poll,offered_90,4096,11,1.95262,2.88944,0.676941,3.032,3.592,4.213,4.588,0.022,0.036,505,1.95367
busy_poll,offered_90,4096,12,1.95471,2.89788,0.684034,3.045,3.615,4.222,4.616,0.022,4.391,507,1.95159
busy_poll,offered_90,4096,13,1.95537,3.00148,2.30213,3.042,3.647,4.277,52.637,0.022,0.031,506,1.9494
busy_poll,offered_90,4096,14,1.95207,2.922,0.848211,3.048,3.62,4.271,14.387,0.022,0.031,502,1.95379
busy_poll,offered_90,4096,15,1.95006,2.91461,0.70507,3.044,3.632,4.271,7.002,0.022,0.031,509,1.95624
busy_poll,offered_90,16384,1,6.35955,7.40374,3.70943,7.517,12.449,13.801,16.078,0.022,0.036,127,2.39973
busy_poll,offered_90,16384,2,6.31091,7.48491,3.75755,7.614,12.497,14.173,18.275,0.022,6.158,125,2.41804
busy_poll,offered_90,16384,3,6.3392,7.62426,3.92361,7.724,12.597,16.985,21.431,0.022,6.664,127,2.40537
busy_poll,offered_90,16384,4,6.3049,7.47206,3.74624,7.591,12.476,13.314,18.689,0.022,0.034,124,2.42039
busy_poll,offered_90,16384,5,6.3206,7.48122,3.75106,7.608,12.463,13.378,20.144,0.022,0.084,126,2.41439
busy_poll,offered_90,16384,6,6.34272,7.42122,3.74289,7.54,12.455,14.025,17.172,0.022,0.042,127,2.40593
busy_poll,offered_90,16384,7,6.30036,7.4443,3.80854,7.523,12.629,14.435,18.188,0.022,0.243,123,2.42218
busy_poll,offered_90,16384,8,6.36583,7.50182,3.77256,7.615,12.563,14.249,18.316,0.022,0.116,123,2.3973
busy_poll,offered_90,16384,9,6.34432,7.47009,3.77074,7.601,12.516,14.692,17.552,0.022,4.628,122,2.40535
busy_poll,offered_90,16384,10,6.33539,7.61505,3.98601,7.659,12.648,16.677,25.421,0.022,0.095,126,2.40728
busy_poll,offered_90,16384,11,6.34908,7.42834,3.71491,7.534,12.452,13.385,17.646,0.022,0.072,126,2.40358
busy_poll,offered_90,16384,12,6.34547,7.42656,3.72942,7.571,12.394,13.591,17.497,0.022,0.036,128,2.40495
busy_poll,offered_90,16384,13,6.31043,7.44576,3.72982,7.593,12.48,13.903,16.877,0.022,0.033,126,2.41827
busy_poll,offered_90,16384,14,6.3284,7.38465,3.73473,7.515,12.417,13.496,16.857,0.022,0.028,125,2.41149
busy_poll,offered_90,16384,15,6.34312,7.479,3.76352,7.626,12.489,13.264,19.116,0.022,4.697,125,2.40584
busy_poll,offered_90,65536,1,11.8611,16.1866,9.65337,16.546,29.299,32.235,33.974,0.022,0.025,92,5.1474
busy_poll,offered_90,65536,2,11.9044,16.5471,9.57782,17.051,29.641,31.725,32.724,0.022,0.027,33,5.12812
busy_poll,offered_90,65536,3,11.8545,16.715,10.7652,16.827,29.519,54.173,62.506,0.023,0.029,55,5.15115
busy_poll,offered_90,65536,4,11.7371,17.2315,11.336,16.898,36.39,49.128,65.21,0.022,0.03,39,5.19614
busy_poll,offered_90,65536,5,11.6268,14.8009,10.5886,13.546,29.149,49.353,70.611,0.022,0.028,33,5.25036
busy_poll,offered_90,65536,6,11.7549,17.0255,10.6673,16.695,30.329,44.952,78.344,0.022,0.028,33,5.19321
busy_poll,offered_90,65536,7,11.411,15.8608,14.9517,12.088,46.665,71.757,89.206,0.022,0.028,35,5.35029
busy_poll,offered_90,65536,8,11.859,16.4879,9.19872,16.928,29.257,30.586,32.763,0.022,0.027,32,5.14763
busy_poll,offered_90,65536,9,11.8324,15.1332,9.00643,15.475,28.155,29.213,30.555,0.023,7.49,92,5.15942
busy_poll,offered_90,65536,10,11.8468,16.1256,9.38915,16.575,29.108,30.122,31.677,0.023,0.038,63,5.15303
busy_poll,offered_90,65536,11,11.739,15.5983,9.30855,16.005,28.526,29.785,31.336,0.022,0.027,70,5.20012
busy_poll,offered_90,65536,12,11.8558,15.4361,9.35848,15.776,28.613,30.329,32.501,0.022,0.029,61,5.14921
busy_poll,offered_90,65536,13,11.7347,15.7213,9.29839,16.278,28.646,30.317,31.893,0.022,0.035,66,5.2023
busy_poll,offered_90,65536,14,11.8738,16.7091,10.1694,16.727,30.146,40.219,43.723,0.022,0.028,55,5.13446
busy_poll,offered_90,65536,15,11.7495,15.4837,9.61747,15.689,29.072,30.099,32.31,0.022,0.024,62,5.19579
busy_poll,offered_90,262144,1,14.1857,6.90546,8.21226,2.571,24.598,27.84,32.262,0.022,0.026,528,17.212
busy_poll,offered_90,262144,2,14.2544,8.82645,8.69916,5.711,25.379,27.379,30.808,0.022,0.025,406,17.1285
busy_poll,offered_90,262144,3,14.6984,21.1431,11.1602,25.043,33.476,36.662,40.644,0.023,0.029,136,16.6005
busy_poll,offered_90,262144,4,14.2772,8.40149,8.24321,5.3,25.341,28.127,29.88,0.022,0.027,282,17.1011
busy_poll,offered_90,262144,5,13.6834,8.21577,9.4599,3.093,26.214,29.081,33.402,0.022,0.025,618,17.8301
busy_poll,offered_90,262144,6,14.4177,11.228,9.3201,9.964,26.985,30.079,34.772,0.022,0.025,237,16.9346
busy_poll,offered_90,262144,7,14.45,13.2567,9.68143,13.452,27.282,29.899,35.51,0.022,0.025,204,16.8974
busy_poll,offered_90,262144,8,14.4763,10.9522,10.2851,6.758,27.365,29.616,35.099,0.022,0.025,314,16.8659
busy_poll,offered_90,262144,9,13.9658,7.86217,9.10183,3.572,25.886,33.654,39.855,0.022,0.027,526,17.4794
busy_poll,offered_90,262144,10,14.4083,11.1585,9.64533,7.516,26.894,29.272,33.263,0.023,0.03,194,16.9455
busy_poll,offered_90,262144,11,14.328,7.95819,7.84397,5.195,23.91,27.512,29.697,0.022,0.028,336,17.0406
busy_poll,offered_90,262144,12,14.4096,9.75079,9.53404,5.982,26.776,29.381,34.507,0.022,0.025,338,16.9444
busy_poll,offered_90,262144,13,14.6754,11.5883,10.5497,8.907,27.187,28.93,30.465,0.022,0.025,303,16.637
busy_poll,offered_90,262144,14,13.6737,5.91305,6.99784,2.082,20.603,23.529,27.731,0.022,0.025,609,17.8561
busy_poll,offered_90,262144,15,14.6993,19.7065,11.6594,23.607,33.157,34.481,38.459,0.022,0.028,162,16.6102
busy_poll,offered_90,1048576,1,8.95756,5.60765,36.6563,0.392,0.752,241.532,377.95,0.022,0.025,463,109.026
busy_poll,offered_90,1048576,2,9.11273,0.404973,0.130286,0.389,0.615,0.879,1.083,0.022,0.025,473,107.17
busy_poll,offered_90,1048576,3,9.15375,0.433539,0.358427,0.398,0.658,0.933,6.249,0.022,0.025,471,106.69
busy_poll,offered_90,1048576,4,9.00648,6.30238,42.0754,0.397,0.843,286.295,415.181,0.022,0.024,456,108.405
busy_poll,offered_90,1048576,5,9.15949,0.538371,2.18101,0.392,0.741,0.958,48.223,0.022,0.025,469,106.511
busy_poll,offered_90,1048576,6,9.11596,0.416371,0.19332,0.387,0.727,0.989,3.242,0.022,0.025,467,107.09
busy_poll,offered_90,1048576,7,9.1679,0.406316,0.139933,0.386,0.635,0.896,1.22,0.022,0.025,475,106.525
busy_poll,offered_90,1048576,8,8.94743,16.8396,91.7037,0.399,0.961,578.449,832.417,0.022,0.025,462,109.149
busy_poll,offered_90,1048576,9,9.18764,0.402705,0.130992,0.383,0.623,0.858,1.027,0.022,0.025,472,106.296
busy_poll,offered_90,1048576,10,9.10795,0.407906,0.153297,0.38,0.731,0.975,1.164,0.022,0.025,468,107.192
busy_poll,offered_90,1048576,11,9.00511,5.74596,37.7566,0.398,0.898,226.702,414.802,0.022,0.025,472,108.402
busy_poll,offered_90,1048576,12,9.11672,0.449648,1.08707,0.376,0.705,0.914,24.802,0.022,0.025,480,107.084
busy_poll,offered_90,1048576,13,9.14878,0.40434,0.140939,0.386,0.652,0.926,1.119,0.022,0.025,472,106.746
busy_poll,offered_90,1048576,14,8.83925,8.69629,49.7212,0.399,1.055,305.33,472.859,0.022,0.025,440,110.485
busy_poll,offered_90,1048576,15,9.15145,0.422273,0.323412,0.393,0.722,0.88,6.991,0.022,0.025,477,106.717
busy_poll,saturated,64,1,0.333379,3.76315,3.19404,3.403,9.154,10.883,11.394,0.023,0.033,184,0.178795
busy_poll,saturated,64,2,0.332844,0.732964,1.02655,0.399,2.554,5.748,5.823,0.022,0.025,512,0.179084
busy_poll,saturated,64,3,0.339266,0.349736,0.15664,0.372,0.633,0.767,0.956,0.022,0.024,833,0.175695
busy_poll,saturated,64,4,0.350675,0.409673,0.427062,0.327,1.041,2.422,5.428,0.023,0.033,1010,0.169978
busy_poll,saturated,64,5,0.351195,0.420781,0.791693,0.273,0.463,5.679,8.475,0.023,0.032,754,0.169727
busy_poll,saturated,64,6,0.340336,0.485511,0.493482,0.388,1.423,2.684,4.692,0.022,0.025,970,0.175145
busy_poll,saturated,64,7,0.338592,0.843151,1.6629,0.385,3.465,9.159,9.735,0.022,0.029,682,0.175984
busy_poll,saturated,64,8,0.350457,0.351457,0.305487,0.294,0.629,1.718,4.464,0.023,0.032,1041,0.170086
busy_poll,saturated,64,9,0.333413,0.989167,1.69653,0.398,5.388,7.948,8.851,0.022,0.025,593,0.178782
busy_poll,saturated,64,10,0.350649,0.329378,0.213268,0.276,0.525,0.91,3.073,0.022,0.025,968,0.169992
busy_poll,saturated,64,11,0.332803,0.38071,0.173827,0.394,0.59,0.941,1.666,0.022,0.031,861,0.179105
busy_poll,saturated,64,12,0.33246,0.508135,0.904986,0.392,0.927,7.162,7.235,0.022,0.026,735,0.179292
busy_poll,saturated,64,13,0.332351,0.567992,0.664373,0.399,1.314,3.949,4.556,0.022,0.026,886,0.179348
busy_poll,saturated,64,14,0.333028,1.37964,2.68676,0.4,10.228,10.871,11.259,0.022,0.026,559,0.178985
busy_poll,saturated,64,15,0.333524,2.43726,3.23976,0.581,10.388,10.72,11.904,0.022,0.032,298,0.178637
busy_poll,saturated,256,1,1.19124,12.338,0.994457,12.46,13.061,15.53,20.989,0.029,0.029,1,0.200169
busy_poll,saturated,256,2,1.19106,12.3698,0.934102,12.449,13.043,15.302,21.825,0.028,0.028,1,0.200198
busy_poll,saturated,256,3,1.18692,12.4657,0.685382,12.483,12.995,14.959,17.111,0.024,0.024,2,0.200895
busy_poll,saturated,256,4,1.18901,12.5035,0.974167,12.484,13.021,14.592,17.012,0.027,0.027,1,0.200282
busy_poll,saturated,256,5,1.19327,12.3329,1.13024,12.436,12.944,15.17,16.793,0.028,0.028,1,0.199831
busy_poll,saturated,256,6,1.20041,12.3467,0.776004,12.42,13.019,14.713,17.048,0.028,0.028,2,0.19864
busy_poll,saturated,256,7,1.18986,12.4854,0.637013,12.5,13.013,14.818,16.634,0.029,0.029,1,0.200403
busy_poll,saturated,256,8,1.17268,12.4917,0.769061,12.534,13.01,14.913,16.134,0.023,0.023,8,0.203336
busy_poll,saturated,256,9,1.19356,12.4527,0.929671,12.45,12.987,14.963,17.245,0.028,0.028,1,0.199554
busy_poll,saturated,256,10,1.18436,12.4972,0.574219,12.507,13.02,14.845,16.081,0.028,0.028,1,0.201334
busy_poll,saturated,256,11,1.19049,12.4113,0.756374,12.467,12.992,14.473,17.023,0.022,0.022,2,0.200312
busy_poll,saturated,256,12,1.19037,12.4228,0.646891,12.437,12.955,14.921,16.492,0.029,0.029,1,0.200312
busy_poll,saturated,256,13,1.18722,12.4933,0.638708,12.494,13.021,14.862,16.501,0.028,0.028,1,0.200849
busy_poll,saturated,256,14,1.18655,12.4189,1.14221,12.468,13.023,14.472,16.956,0.022,0.023,5,0.200739
busy_poll,saturated,256,15,1.19065,12.4388,0.696089,12.457,12.974,15.214,16.755,0.023,0.023,1,0.200287
busy_poll,saturated,1024,1,4.51506,12.9118,2.62787,12.659,14.135,16.921,52.618,0.024,0.024,1,0.209353
busy_poll,saturated,1024,2,4.50207,12.7608,0.75226,12.697,13.415,15.102,18.925,0.1,0.1,1,0.211966
busy_poll,saturated,1024,3,4.62594,12.6875,1.67797,12.542,14.137,16.716,33.417,0,0,0,0.206251
busy_poll,saturated,1024,4,4.49695,12.6298,0.694734,12.593,13.343,15.09,16.598,0.029,0.029,1,0.212154
busy_poll,saturated,1024,5,4.43402,12.6195,1.86631,12.465,14.407,20.83,32.058,0.027,0.027,1,0.215226
busy_poll,saturated,1024,6,4.55002,12.6499,0.726647,12.589,13.53,15.657,17.082,0.027,0.027,1,0.209722
busy_poll,saturated,1024,7,4.53662,12.8715,0.773893,12.8,14.25,15.1,16.202,0,0,0,0.210322
busy_poll,saturated,1024,8,4.63069,12.6172,0.649671,12.658,13.094,14.777,15.59,0.027,0.027,1,0.206028
busy_poll,saturated,1024,9,4.35842,12.8184,0.688943,12.783,13.483,15.798,16.99,0.024,0.024,1,0.21902
busy_poll,saturated,1024,10,4.48681,12.6408,0.778458,12.566,13.491,14.996,17.115,0.03,0.03,1,0.21264
busy_poll,saturated,1024,11,4.58882,12.4801,0.734098,12.399,13.501,15.34,16.512,0.029,0.029,1,0.207955
busy_poll,saturated,1024,12,4.52925,12.8288,0.877616,12.743,13.851,16.031,18.48,0.028,0.028,1,0.210675
busy_poll,saturated,1024,13,4.52021,12.7289,0.743511,12.627,13.865,15.447,16.795,0.026,0.026,1,0.211104
busy_poll,saturated,1024,14,4.59652,12.5211,2.00916,12.419,14.608,21.756,33.331,0.03,0.03,3,0.207595
busy_poll,saturated,1024,15,4.58238,12.7972,0.814087,12.693,14.176,15.167,18.384,0.027,0.027,1,0.208221
busy_poll,saturated,4096,1,10.4632,4.48959,0.950824,4.24,6.484,6.917,9.156,0.027,0.027,1,0.364631
busy_poll,saturated,4096,2,10.6615,13.8595,3.98035,14.365,19.715,20.877,23.99,0.029,0.029,1,0.357685
busy_poll,saturated,4096,3,10.5878,14.674,5.44546,15.402,21.795,22.09,39.595,0.027,0.027,1,0.359866
busy_poll,saturated,4096,4,10.5095,5.58997,1.59927,5.331,8.258,9.005,11.197,0.028,0.028,1,0.363036
busy_poll,saturated,4096,5,10.5095,5.59607,2.74325,4.763,13.808,15.209,15.556,0.03,0.03,1,0.363045
busy_poll,saturated,4096,6,10.5765,16.7647,4.00772,17.55,21.91,22.366,59.788,0.022,0.022,1,0.359319
busy_poll,saturated,4096,7,10.416,7.87343,1.96442,7.788,11.458,12.663,16.773,0.025,0.025,1,0.366325
busy_poll,saturated,4096,8,10.5181,6.00199,1.69256,5.951,9.205,9.997,11.804,0.027,0.027,1,0.362743
busy_poll,saturated,4096,9,10.5453,4.56645,1.59531,3.954,8.708,9.526,10.846,0.03,0.03,1,0.361807
busy_poll,saturated,4096,10,10.46,5.15734,1.23314,5.065,6.88,7.413,9.715,0.028,0.028,1,0.364744
busy_poll,saturated,4096,11,10.6947,14.8463,1.74187,14.885,17.38,18.621,20.13,0.029,0.029,1,0.35674
busy_poll,saturated,4096,12,10.4811,7.37757,2.66655,7.365,11.777,12.221,14.707,0.028,0.028,1,0.364024
busy_poll,saturated,4096,13,10.5286,11.4955,4.29565,12.965,17.004,17.799,21.142,0.028,0.028,1,0.362365
busy_poll,saturated,4096,14,10.5663,13.5967,2.35038,13.194,17.696,18.271,21.966,0.027,0.027,1,0.361071
busy_poll,saturated,4096,15,10.5825,14.1052,1.43322,14.201,15.963,18.042,19.799,0.024,0.024,1,0.360514
busy_poll,saturated,16384,1,15.9532,53.325,5.52762,54.457,56.959,59.018,60.084,0.028,0.028,1,0.956733
busy_poll,saturated,16384,2,15.7868,54.1357,5.66171,54.548,58.312,69.519,92.418,0.029,0.029,1,0.966789
busy_poll,saturated,16384,3,16.0945,53.2112,5.01149,54.487,56.118,58.08,59.579,0.028,0.028,1,0.948267
busy_poll,saturated,16384,4,15.6236,51.8237,8.14971,54.309,55.814,58.023,59.227,0.024,0.024,1,0.977305
busy_poll,saturated,16384,5,15.7393,53.1577,6.30988,54.451,57.854,61.802,91.071,0.027,0.027,1,0.969649
busy_poll,saturated,16384,6,15.684,53.0113,7.08429,54.481,57.462,59.639,98.952,0.029,0.029,1,0.973122
busy_poll,saturated,16384,7,16.0444,53.4183,4.25858,54.415,56.152,57.598,58.92,0.028,0.028,1,0.951234
busy_poll,saturated,16384,8,15.8226,52.4311,6.8412,54.245,55.723,57.699,59.79,0.027,0.027,1,0.96459
busy_poll,saturated,16384,9,15.7766,53.2034,5.86474,54.505,57.169,59.005,59.906,0.028,0.028,1,0.967367
busy_poll,saturated,16384,10,15.9832,53.1566,5.47645,54.373,57.049,60.686,73.517,0.028,0.028,1,0.955179
busy_poll,saturated,16384,11,16.0171,53.0984,5.56414,54.472,56.056,57.205,57.834,0.026,0.026,1,0.95289
busy_poll,saturated,16384,12,15.5202,50.7736,11.778,54.338,57.901,60.763,61.422,0.028,0.03,4,0.983949
busy_poll,saturated,16384,13,15.5919,53.1037,6.31857,54.407,56.968,60.745,92.45,0.024,0.024,1,0.97882
busy_poll,saturated,16384,14,15.8183,52.6849,6.7515,54.334,57.028,62.776,86.999,0.027,0.027,1,0.964828
busy_poll,saturated,16384,15,15.9392,53.264,4.89541,54.384,56.199,58.125,59.121,0.029,0.029,1,0.957608
busy_poll,saturated,65536,1,16.3648,45.7121,9.83058,48.44,50.232,52.216,52.808,0.023,0.028,30,3.73064
busy_poll,saturated,65536,2,16.4068,49.1504,11.0385,48.584,65.825,90.541,105.35,0.028,0.028,1,3.72098
busy_poll,saturated,65536,3,16.2284,49.203,8.97824,48.887,61.956,88.14,91.933,0.022,0.022,1,3.76182
busy_poll,saturated,65536,4,16.5551,46.7865,7.54214,48.596,50.37,52.419,53.961,0.027,0.027,1,3.68772
busy_poll,saturated,65536,5,16.0447,45.6433,9.71841,48.424,50.311,52.757,53.577,0.023,0.029,49,3.80589
busy_poll,saturated,65536,6,16.3044,49.1769,14.0256,49.037,67.74,101.487,111.499,0.027,0.03,53,3.74453
busy_poll,saturated,65536,7,16.326,48.9606,10.0828,48.939,63.28,90.34,95.914,0.028,0.028,1,3.73449
busy_poll,saturated,65536,8,16.282,46.4832,7.44596,48.506,50.319,52.201,54.364,0.029,0.029,1,3.74967
busy_poll,saturated,65536,9,16.0453,45.9104,10.3087,48.034,53.83,67.852,85.449,0.024,0.029,43,3.80556
busy_poll,saturated,65536,10,15.9181,46.235,13.6196,48.115,62.291,86.895,107.608,0.022,0.028,67,3.83555
busy_poll,saturated,65536,11,15.8248,45.0503,13.0129,46.425,70.996,97.274,106.469,0.029,0.029,1,3.85776
busy_poll,saturated,65536,12,16.2297,45.668,7.82605,48.522,50.144,52.183,53.435,0.028,0.028,1,3.7616
busy_poll,saturated,65536,13,16.1856,45.6806,9.93407,48.649,50.327,52.281,52.927,0.023,0.029,43,3.77195
busy_poll,saturated,65536,14,16.3334,45.0563,9.36697,47.996,50.149,52.026,52.814,0.029,0.029,2,3.7379
busy_poll,saturated,65536,15,15.997,43.5616,8.38559,47.954,50.122,52.42,56.687,0.026,0.026,1,3.81619
busy_poll,saturated,262144,1,15.922,19.3033,9.54702,22.622,29.853,34.792,37.902,0.022,0.025,198,15.3351
busy_poll,saturated,262144,2,16.1357,22.7008,7.8379,25.085,30.218,35.539,38.027,0.022,0.025,88,15.1321
busy_poll,saturated,262144,3,16.1604,23.7732,6.88952,25.498,30.268,35,39.263,0.022,0.027,74,15.1095
busy_poll,saturated,262144,4,15.9959,21.9266,9.34118,25.402,30.192,36.336,39.72,0.023,0.108,168,15.2641
busy_poll,saturated,262144,5,16.2119,27.6394,8.36736,30.038,35.168,38.547,44.016,0.023,0.029,72,15.0605
busy_poll,saturated,262144,6,16.1533,23.5326,7.36828,25.73,30.541,34.715,38.714,0.022,0.026,89,15.1154
busy_poll,saturated,262144,7,16.0449,22.1669,8.44177,24.721,30.389,35.342,39.219,0.023,0.025,122,15.2173
busy_poll,saturated,262144,8,16.0547,22.1851,7.63418,23.781,30.165,35.718,38.194,0.023,0.03,98,15.2081
busy_poll,saturated,262144,9,16.0792,26.2342,10.0426,29.755,35.083,39,41.966,0.023,0.028,150,15.1848
busy_poll,saturated,262144,10,15.9126,18.1128,9.88408,21.309,29.443,33.049,35.874,0.023,0.028,164,15.3437
busy_poll,saturated,262144,11,16.1241,22.3571,7.60706,24.535,30.038,36.089,39.108,0.022,0.025,80,15.1357
busy_poll,saturated,262144,12,16.0903,21.7323,8.49748,24.744,29.949,33.973,36.678,0.022,0.029,122,15.1747
busy_poll,saturated,262144,13,16.1212,26.6239,7.72001,28.372,34.304,38.237,42.027,0.023,0.029,90,15.1455
busy_poll,saturated,262144,14,15.926,19.7246,9.06061,22.634,29.652,34.141,39.475,0.022,0.029,174,15.3311
busy_poll,saturated,262144,15,15.4397,14.8057,10.6722,16.893,28.495,33.225,37.259,0.022,0.025,356,15.8137
busy_poll,saturated,1048576,1,9.1743,0.415424,0.131279,0.403,0.625,0.87,1.009,0.022,0.025,485,106.451
busy_poll,saturated,1048576,2,9.242,0.428209,0.147798,0.41,0.722,0.902,1.214,0.022,0.106,489,105.671
busy_poll,saturated,1048576,3,9.02036,7.06417,44.2366,0.407,0.83,284.538,417.464,0.022,0.025,474,108.269
busy_poll,saturated,1048576,4,9.2282,0.432744,0.473764,0.392,0.739,0.952,10.599,0.022,0.025,487,105.829
busy_poll,saturated,1048576,5,9.20858,0.415635,0.130998,0.397,0.631,0.891,0.976,0.022,0.025,493,106.054
busy_poll,saturated,1048576,6,9.03792,5.26827,33.3375,0.41,0.775,188.642,372.407,0.022,0.027,476,108.057
busy_poll,saturated,1048576,7,9.24705,0.436426,0.392228,0.4,0.765,0.948,8.594,0.022,0.025,483,105.618
busy_poll,saturated,1048576,8,9.20001,0.412957,0.135342,0.401,0.642,0.879,1.015,0.022,0.025,491,106.154
busy_poll,saturated,1048576,9,9.03323,20.634,117.93,0.411,0.933,729.819,1023.16,0.022,0.026,464,108.114
busy_poll,saturated,1048576,10,9.1867,0.536037,2.32622,0.407,0.767,1.054,52.793,0.022,0.025,483,106.209
busy_poll,saturated,1048576,11,9.23649,0.421963,0.148136,0.402,0.672,0.941,1.6,0.022,0.025,484,105.734
busy_poll,saturated,1048576,12,9.17818,0.413367,0.146332,0.395,0.698,0.897,1.405,0.022,0.024,490,106.406
busy_poll,saturated,1048576,13,9.16655,0.961605,7.03235,0.389,0.822,2.1,127.448,0.022,0.025,480,106.542
busy_poll,saturated,1048576,14,9.20143,0.436207,0.148481,0.413,0.722,0.916,1.179,0.022,0.025,484,106.138
busy_poll,saturated,1048576,15,9.23336,0.421547,0.150042,0.399,0.725,0.904,1.414,0.022,0.025,486,105.771
eventfd,bursty,64,1,0.00349452,51.3649,71.3285,25.5,139.95,153.424,816.007,1069.2,1188.61,4841,0.567568
eventfd,bursty,64,2,0.00345691,50.3063,64.9543,24.185,139.614,209.622,881.031,1070.32,1313.42,4726,0.577105
eventfd,bursty,64,3,0.0035056,85.8722,74.1031,107.841,143.958,156.705,877.585,1079.41,1194.46,4403,0.53918
eventfd,bursty,64,4,0.00349568,49.1594,85.1525,23.737,139.618,182.302,1226.16,1065.52,1203.19,4996,0.557322
eventfd,bursty,64,5,0.00348809,38.3392,63.3833,22.943,136.056,146.12,933.413,1066.96,1163.63,4972,0.575715
eventfd,bursty,64,6,0.00348057,34.0165,62.6416,22.234,131.616,148.561,929.447,1068.01,1208.96,4727,0.56304
eventfd,bursty,64,7,0.00331801,113.817,41.4711,130.618,143.541,161.418,203.909,1130.32,1340.53,4100,0.703345
eventfd,bursty,64,8,0.00332883,116.727,64.9838,130.529,145.384,170.202,1234.1,1120.79,1350.13,4090,0.696168
eventfd,bursty,64,9,0.00337803,113.423,58.4938,128.955,145.737,163.222,274.205,1095.69,1349.96,4095,0.63956
eventfd,bursty,64,10,0.00331325,115.947,57.8769,130.164,144.359,165.994,198.924,1133.71,1336.4,4095,0.708946
eventfd,bursty,64,11,0.00337647,117.672,47.3132,129.349,145.728,164.176,646.663,1096.1,1329.06,4098,0.658538
eventfd,bursty,64,12,0.00340421,114.763,62.7954,128.576,144.989,158.813,826.094,1091.54,1333.7,4100,0.624995
eventfd,bursty,64,13,0.00343519,115.305,57.9431,128.219,144.993,158.121,1159.64,1089.86,1328.89,4094,0.59439
eventfd,bursty,64,14,0.00329985,118.295,68.5584,129.485,144.791,166.162,1248.93,1139.15,1363.62,4090,0.726078
eventfd,bursty,64,15,0.00329994,114.448,34.9224,130.027,144.385,165.266,197.659,1140.7,1346.62,4096,0.718131
eventfd,bursty,256,1,0.0131729,111.138,36.591,127.069,143.216,162.596,177.497,1151.06,1339.74,1024,0.725841
eventfd,bursty,256,2,0.0133571,114.487,42.403,128.075,145.065,161.869,187.101,1107.92,1333.47,1024,0.700472
eventfd,bursty,256,3,0.0133818,114.904,32.7521,128.14,144.699,160.499,190.051,1103.59,1326.2,1024,0.69007
eventfd,bursty,256,4,0.0137907,112.749,34.1017,126.937,145.484,154.621,183.335,1090.64,1318.79,1024,0.599828
eventfd,bursty,256,5,0.0140439,113.909,33.4765,127.407,145.425,154.024,170.495,1087.32,1196.49,1024,0.556962
eventfd,bursty,256,6,0.0140413,115.055,32.4892,128.03,145.664,154.336,167.724,1087.63,1175.18,1024,0.562812
eventfd,bursty,256,7,0.0140468,113.314,34.1387,127.494,146.212,154.482,171.291,1086.85,1199.43,1024,0.574682
eventfd,bursty,256,8,0.0140509,114.029,49.8611,126.513,145.869,155.282,190.391,1087.54,1194.14,1023,0.558085
eventfd,bursty,256,9,0.0140011,115.077,32.5398,128.625,146.076,154.158,178.324,1087.58,1228.71,1024,0.570803
eventfd,bursty,256,10,0.0140302,115.385,48.2009,128.5,146.355,156.391,228.367,1087.19,1205.24,1023,0.559222
eventfd,bursty,256,11,0.0140409,113.684,34.9074,127.705,146.194,156.984,183.063,1086.92,1203.42,1024,0.565461
eventfd,bursty,256,12,0.0140323,113.645,78.6761,126.309,145.325,154.249,449.874,1086.21,1180.59,1024,0.561643
eventfd,bursty,256,13,0.0139721,116.333,51.4822,128.449,146.166,157.617,178.282,1088.71,1268.85,1023,0.571166
eventfd,bursty,256,14,0.0140332,113.671,34.1492,127.904,145.738,154.352,177.209,1087.88,1201.74,1024,0.564613
eventfd,bursty,256,15,0.0140433,114.387,32.3194,128.028,145.512,152.404,162.472,1087.35,1180.19,1024,0.557738
eventfd,bursty,1024,1,0.0560576,113.85,35.3364,124.363,146.981,161.971,316.393,1090.3,1203.56,256,0.617256
eventfd,bursty,1024,2,0.0560277,111.926,34.6978,125.204,146.128,155.871,185.74,1092.54,1197.35,256,0.623495
eventfd,bursty,1024,3,0.0559827,114.949,30.1298,124.679,145.722,153.928,166.694,1092.32,1188.09,256,0.623102
eventfd,bursty,1024,4,0.0559978,109.23,35.5286,122.422,144.872,151.944,162.23,1091.52,1196.77,256,0.613576
eventfd,bursty,1024,5,0.0559233,113.271,32.1891,124.597,145.835,156.092,164.636,1092.87,1172.58,256,0.616927
eventfd,bursty,1024,6,0.0560334,108.933,39.6459,123.16,145.496,154.47,301.947,1091.57,1207.47,256,0.615881
eventfd,bursty,1024,7,0.0559595,116.218,29.9381,125.327,147.068,162.826,203.017,1091.23,1182.28,256,0.635731
eventfd,bursty,1024,8,0.0560301,113.458,35.3433,124.477,145.222,152.606,318.023,1090.94,1193.36,256,0.626816
eventfd,bursty,1024,9,0.0545399,113.677,31.4594,126.925,143.295,152.525,159.353,1095.74,1319.49,256,0.69586
eventfd,bursty,1024,10,0.0554061,112.057,33.6033,124.915,145.913,157.829,179.953,1092.43,1296.64,256,0.642671
eventfd,bursty,1024,11,0.056001,112.911,34.6853,124.282,147.946,168.18,201.618,1090.88,1205.56,256,0.624311
eventfd,bursty,1024,12,0.0561027,111.11,34.2145,123.482,145.861,153.719,159.806,1090.37,1205.26,256,0.628126
eventfd,bursty,1024,13,0.0560718,110.988,33.0009,123.082,145.471,153.751,169.642,1091.96,1197.8,256,0.625176
eventfd,bursty,1024,14,0.0559834,113.375,33.8801,125.297,146.634,162.148,193.21,1092.15,1199.84,256,0.637459
eventfd,bursty,1024,15,0.0560122,112.685,32.1603,124.269,145.451,155.831,183.247,1093.85,1173.35,256,0.616941
eventfd,bursty,4096,1,0.22077,105.106,31.0475,110.099,141.784,151.754,208.337,1100.44,1202.82,512,0.790196
eventfd,bursty,4096,2,0.220786,103.511,31.9736,109.961,141.676,150.194,171.842,1100.78,1205.78,512,0.775668
eventfd,bursty,4096,3,0.220599,103.521,33.1407,109.805,142.91,151.625,174.455,1100.14,1205.18,512,0.784993
eventfd,bursty,4096,4,0.220791,104.4,30.4688,109.792,141.891,154.435,221.772,1099.94,1199.05,512,0.775634
eventfd,bursty,4096,5,0.221089,103.849,30.35,109.552,141.657,152.017,178.617,1100.39,1198.03,512,0.768202
eventfd,bursty,4096,6,0.220906,104.005,30.6973,109.803,141.988,150.279,160.361,1099.8,1179.59,512,0.776162
eventfd,bursty,4096,7,0.220941,103.834,31.9086,109.583,142.584,152.48,202.042,1099.76,1200.1,512,0.783837
eventfd,bursty,4096,8,0.221039,104.457,29.5016,109.298,141.916,151.239,181.086,1099.61,1189.11,512,0.777059
eventfd,bursty,4096,9,0.221138,104.935,30.3204,109.613,142.687,151.787,181.731,1100.14,1190.33,512,0.784954
eventfd,bursty,4096,10,0.221156,104.605,29.7462,110.089,142.225,151.139,159.923,1098.79,1183.26,512,0.778435
eventfd,bursty,4096,11,0.22091,103.938,32.1618,110.134,142.36,153.632,169.777,1100.04,1206.14,512,0.785494
eventfd,bursty,4096,12,0.221032,105.797,29.7879,110.294,142.727,151.129,191.564,1100.04,1169.11,512,0.779322
eventfd,bursty,4096,13,0.221198,106.103,28.5225,109.967,142.337,152.554,163.109,1099.02,1178.93,512,0.784731
eventfd,bursty,4096,14,0.221115,105.019,31.2669,109.699,142.304,153.398,265.894,1099.22,1206.71,512,0.784407
eventfd,bursty,4096,15,0.220982,106.09,37.966,109.748,142.79,156.855,487.293,1100.79,1204.69,512,0.788106
eventfd,bursty,16384,1,0.867163,109.039,23.1683,112.33,135.372,154.391,210.083,1088.68,1185.55,128,1.40551
eventfd,bursty,16384,2,0.867193,111.334,47.4136,112.417,133.754,177.214,573.756,1085.32,1198.54,128,1.41999
eventfd,bursty,16384,3,0.865413,101.499,31.8903,111.887,133.362,150.864,196.528,1086.92,1191.55,128,1.42803
eventfd,bursty,16384,4,0.866464,103.897,25.9491,111.561,132.985,146.135,154.816,1089.17,1176.01,128,1.38718
eventfd,bursty,16384,5,0.864876,109.147,22.9479,113.323,134.284,143.987,152.345,1088.87,1188.32,128,1.41619
eventfd,bursty,16384,6,0.86187,118.979,140.632,112.632,136.875,241.27,1680.42,1088.57,1199.74,127,1.35698
eventfd,bursty,16384,7,0.866267,110.235,27.3014,112.452,133.809,211.354,275.657,1089.79,1178.98,128,1.38114
eventfd,bursty,16384,8,0.867607,104.474,27.1983,112.158,134.879,145.533,152.635,1088.54,1184.64,128,1.38798
eventfd,bursty,16384,9,0.867723,107.058,24.8819,112.859,134.621,151.556,194.935,1086.56,1177.76,128,1.37025
eventfd,bursty,16384,10,0.865412,109.278,26.972,113.053,137.44,194.511,239.915,1089.92,1180.78,128,1.39095
eventfd,bursty,16384,11,0.86701,113.001,65.3711,112.496,134.357,182.693,808.865,1087.58,1192.59,128,1.39878
eventfd,bursty,16384,12,0.8655,106.513,25.7198,112.05,132.461,149.422,181.964,1090.09,1162.42,128,1.39747
eventfd,bursty,16384,13,0.866456,102.784,27.1145,110.951,131.445,141.681,149.423,1085.92,1182.84,128,1.40175
eventfd,bursty,16384,14,0.864695,105.077,25.7876,112.275,131.448,144.093,154.043,1089.21,1175.54,128,1.38172
eventfd,bursty,16384,15,0.866063,101.809,29.5626,111.716,130.896,142.968,153.573,1089.37,1175.23,128,1.38066
eventfd,bursty,65536,1,3.02022,75.8952,19.1127,74.174,105.305,128.132,155.497,1148.65,1198.38,32,3.35218
eventfd,bursty,65536,2,3.03026,78.3175,38.0401,72.986,123.783,255.072,276.987,1147.18,1212.57,32,3.49396
eventfd,bursty,65536,3,2.94914,71.3795,25.2033,72.596,105.589,120.72,144.729,1155.68,1285.1,34,3.39873
eventfd,bursty,65536,4,3.02846,78.2418,27.005,73.333,115.819,197.788,209.532,1147.47,1204.99,32,3.34787
eventfd,bursty,65536,5,3.0325,72.4885,22.4041,70.592,104.54,130.812,144.978,1150.45,1189.99,32,3.37944
eventfd,bursty,65536,6,3.03544,74.1795,19.2198,73.359,102.267,119.751,149.945,1138.26,1193.16,32,3.39158
eventfd,bursty,65536,7,2.92387,75.9809,41.8214,69.729,123.93,271.892,289.431,1137.95,1366.32,34,3.34497
eventfd,bursty,65536,8,2.95059,77.5878,28.9922,72.229,109.958,213.889,232.864,1159.04,1324.89,32,3.33419
eventfd,bursty,65536,9,3.02452,73.6914,22.518,73.819,104.73,123.554,140.549,1145.53,1299.3,39,3.35197
eventfd,bursty,65536,10,2.97747,76.7705,20.1093,75.366,106.662,133.695,163.592,1156.42,1336.57,32,3.30139
eventfd,bursty,65536,11,3.00781,72.7548,23.1296,72.543,107.565,129.072,140.75,1148.77,1188.3,32,3.42177
eventfd,bursty,65536,12,2.94001,76.0607,18.3267,73.685,104.87,128.207,145.216,1157.9,1327.19,32,3.3036
eventfd,bursty,65536,13,3.01947,72.8852,21.8956,72.054,105.943,124.672,141.652,1146.04,1195.09,32,3.44105
eventfd,bursty,65536,14,2.95965,73.5466,21.6598,70.406,106.984,132.721,142.867,1157.53,1324.81,32,3.34373
eventfd,bursty,65536,15,2.9446,71.1868,22.1111,67.693,107.567,120.249,138.42,1152.18,1335.67,32,3.42676
eventfd,bursty,262144,1,7.42361,38.1085,26.0473,33.213,96.667,110.924,124.417,7.588,1350.37,105,14.9845
eventfd,bursty,262144,2,7.45295,40.2926,23.86,35.061,93.859,105.84,114.785,6.901,1379.02,95,14.8226
eventfd,bursty,262144,3,7.41427,44.4495,25.3753,36.458,100.194,112.358,125.51,6.407,1336.98,93,14.6558
eventfd,bursty,262144,4,7.34365,50.5519,48.302,37.618,109.063,277.416,487.031,6.872,1367.19,103,15.2592
eventfd,bursty,262144,5,7.40093,37.8867,25.7675,34.368,94.105,108.607,127.877,7.103,1340.08,104,14.9785
eventfd,bursty,262144,6,7.25429,42.8622,29.1606,35.525,102.289,121.545,153.503,7.177,1368.59,97,15.0244
eventfd,bursty,262144,7,7.3667,60.8865,130.737,35.484,103.229,923.059,1019.27,5.941,1334.12,115,15.5606
eventfd,bursty,262144,8,7.45031,42.3897,26.7701,35.789,98.045,118.101,151.281,6.853,1367.15,77,14.769
eventfd,bursty,262144,9,7.31107,55.6702,102.605,35.87,104.135,735.355,896.786,6.171,1326.84,143,15.6245
eventfd,bursty,262144,10,7.4101,39.2301,29.1461,33.962,95.163,146.508,201.452,8.069,1386.24,101,14.8189
eventfd,bursty,262144,11,7.40275,40.5738,27.1091,34.971,96.927,117.591,172.201,8.312,1381.2,86,14.8433
eventfd,bursty,262144,12,7.24301,44.514,35.8223,36.002,99.903,137.041,381.398,7.171,1338.57,105,15.3495
eventfd,bursty,262144,13,7.39144,43.8111,28.5078,36.052,97.855,162.828,186.573,7.095,1369.68,81,14.7035
eventfd,bursty,262144,14,7.42307,53.1615,54.7301,37.446,106.666,381.367,440.688,8.449,1316.72,83,14.9209
eventfd,bursty,262144,15,7.29308,35.9528,25.83,33.056,92.189,106.27,133.072,8.404,1324.62,194,15.1543
eventfd,bursty,1048576,1,7.75077,5.27947,7.6908,4.412,5.366,21.142,140.021,41.001,1102.35,506,73.9086
eventfd,bursty,1048576,2,7.77172,4.58897,1.45375,4.41,4.957,7.929,21.037,40.392,1115.53,510,73.0976
eventfd,bursty,1048576,3,7.78479,4.68303,1.88879,4.402,5.015,14.834,28.714,40.814,1151.42,511,72.2371
eventfd,bursty,1048576,4,7.68383,11.9168,47.0003,4.425,6.168,307.345,444.106,40.709,1171.23,496,74.8222
eventfd,bursty,1048576,5,7.80478,4.66146,1.82286,4.395,5.008,18.344,21.562,40.616,1117.46,512,72.4729
eventfd,bursty,1048576,6,7.6991,8.25751,29.3173,4.378,5.658,190.773,346.536,40.073,1121.86,499,75.4647
eventfd,bursty,1048576,7,7.7193,6.07275,11.2822,4.397,5.696,69.178,129.216,40.004,1158.87,498,74.8797
eventfd,bursty,1048576,8,7.78556,4.6107,1.59858,4.386,4.944,14.944,20.368,40.197,1105.71,511,72.7801
eventfd,bursty,1048576,9,7.75705,5.35096,8.43019,4.4,5.093,34.245,138.337,40.682,1108.23,504,73.1207
eventfd,bursty,1048576,10,7.81848,4.54536,1.08481,4.395,4.97,7.384,20.943,40.333,1098.07,512,72.2987
eventfd,bursty,1048576,11,7.76817,4.69062,1.98562,4.421,4.981,18.608,31.536,40.922,1166.31,512,72.1006
eventfd,bursty,1048576,12,7.72402,5.00243,6.71617,4.392,5.09,18.689,135.655,40.389,1148.95,508,73.4287
eventfd,bursty,1048576,13,7.70434,4.62958,1.68235,4.381,4.949,13.952,21.455,40.324,1231.35,512,73.4019
eventfd,bursty,1048576,14,7.73007,9.24931,35.5336,4.39,5.611,237.638,393.132,40.793,1140.36,499,74.1576
eventfd,bursty,1048576,15,7.70482,6.35227,13.352,4.397,5.775,76.077,165.242,40.316,1132.84,500,75.272
eventfd,offered_25,64,1,0.00268896,114.222,71.5159,131.642,146.044,176.954,1223.86,1427.8,1570.57,4122,0.791716
eventfd,offered_25,64,2,0.0026787,125.738,39.3327,132.4,146.704,170.648,484.448,1431.76,1566.16,4096,0.841245
eventfd,offered_25,64,3,0.00266665,131.432,45.6443,133.232,149.873,183.197,1060.86,1432.89,1553.58,4095,0.864181
eventfd,offered_25,64,4,0.00266761,132.943,71.9691,133.388,149.549,172.69,1572.74,1432.9,1547.91,4089,0.864842
eventfd,offered_25,64,5,0.00267109,132.736,69.242,133.018,149.03,186.948,1334.35,1432.18,1555.39,4091,0.861585
eventfd,offered_25,64,6,0.00268002,120.605,67.9868,131.773,148.255,174.853,1160.72,1428.77,1561.64,4099,0.815969
eventfd,offered_25,64,7,0.00268274,121.961,62.9822,130.796,147.036,175.203,1143.46,1429.65,1541.74,4098,0.830066
eventfd,offered_25,64,8,0.00267682,129.434,48.8565,131.757,146.529,172.186,870.846,1431.03,1547.65,4093,0.860053
eventfd,offered_25,64,9,0.00267355,130.631,57.9496,132.462,147.795,171.003,984.399,1431.85,1538.84,4092,0.860139
eventfd,offered_25,64,10,0.00267884,128.47,42.5076,132.247,147.314,174.86,490.236,1431.79,1555.66,4095,0.845818
eventfd,offered_25,64,11,0.0026844,127.588,31.3796,131.533,146.533,173.667,285.385,1431.25,1545.27,4096,0.846125
eventfd,offered_25,64,12,0.00268266,127.7,44.3371,131.76,146.157,174.557,726.362,1431.48,1560.22,4095,0.839673
eventfd,offered_25,64,13,0.00267606,130.187,65.8512,131.38,146.738,173.227,1306.99,1431.76,1559.14,4093,0.846178
eventfd,offered_25,64,14,0.0026913,119.904,57.7509,130.784,145.902,172.748,875.353,1428.77,1538.27,4104,0.81604
eventfd,offered_25,64,15,0.00268367,129.817,76.3525,131.271,145.656,173.302,1327.6,1431.17,1575.68,4090,0.834831
eventfd,offered_25,256,1,0.0107467,129.424,78.6131,131.514,145.569,184.636,1420.15,1428.63,1559.62,1022,0.830392
eventfd,offered_25,256,2,0.0107501,128.813,52.0656,131.664,147.751,180.524,215.909,1431.96,1537.16,1023,0.857365
eventfd,offered_25,256,3,0.0106942,130.948,57.9076,130.739,145.635,161.936,457.291,1431.67,1517.98,1023,0.887077
eventfd,offered_25,256,4,0.0107596,127.459,45.3682,130.975,147.461,170.664,223.517,1431.41,1538.39,1024,0.850917
eventfd,offered_25,256,5,0.0107616,123.115,30.9019,131.099,146.832,170.986,234.692,1429.95,1559.94,1024,0.835902
eventfd,offered_25,256,6,0.0107399,119.474,34.501,130.257,144.675,166.295,212.706,1430.57,1561.84,1025,0.821083
eventfd,offered_25,256,7,0.010694,128.361,21.3096,130.808,145.696,170.017,295.922,1432,1528.68,1024,0.865167
eventfd,offered_25,256,8,0.0107281,123.964,52.4701,130.364,145.124,170.231,881.517,1431.08,1565.89,1024,0.839207
eventfd,offered_25,256,9,0.0107644,127.004,53.3488,130.482,146.446,171.313,771.749,1431.14,1558.8,1024,0.846076
eventfd,offered_25,256,10,0.0107822,127.856,48.6724,130.593,147.424,181.089,267.746,1428.93,1527.3,1023,0.848409
eventfd,offered_25,256,11,0.0107746,128.159,57.4923,131.118,144.667,163.194,225.672,1430.82,1543.49,1023,0.851759
eventfd,offered_25,256,12,0.0107292,130.874,57.6627,130.296,145.814,177.116,1189.93,1431.54,1546.96,1024,0.866882
eventfd,offered_25,256,13,0.0107298,128.438,25.6238,130.624,145.749,167.694,205.866,1430.46,1539.21,1024,0.866459
eventfd,offered_25,256,14,0.0107602,123.191,28.7041,130.629,145.464,162.767,217.046,1430.98,1563.96,1024,0.850501
eventfd,offered_25,256,15,0.0107493,126.422,21.7995,129.872,144.934,172.056,251.664,1430.68,1550.31,1024,0.849731
eventfd,offered_25,1024,1,0.0428259,134.202,106.455,129.345,143.304,163.566,1806.82,1434.33,1574.12,255,0.885903
eventfd,offered_25,1024,2,0.0433964,130.645,78.0046,129.773,144.539,186.239,1182.32,1429.71,1554.83,256,0.819579
eventfd,offered_25,1024,3,0.0430882,126.905,30.1577,131.71,147.85,165.805,427.07,1430.83,1556.48,256,0.864363
eventfd,offered_25,1024,4,0.0428924,130.995,56.9672,130.536,143.854,155.685,996.476,1433.92,1526.88,256,0.883548
eventfd,offered_25,1024,5,0.0430827,138.017,118.529,131.483,147.982,254.597,1770.92,1431.91,1530.56,255,0.865836
eventfd,offered_25,1024,6,0.0429686,129.745,14.8097,131.644,146.321,164.441,180.028,1430.37,1508.9,256,0.895562
eventfd,offered_25,1024,7,0.0428397,134.687,95.9885,129.962,145.774,181.425,1646.79,1432.65,1503.48,255,0.88795
eventfd,offered_25,1024,8,0.0429779,127.515,18.2747,129.806,148.394,168.592,188.741,1431.29,1526.65,256,0.882138
eventfd,offered_25,1024,9,0.043079,125.485,87.1624,129.25,144.772,185.578,1425.8,1429.52,1585.5,255,0.838376
eventfd,offered_25,1024,10,0.0429796,120.392,59.2481,129.643,144.467,154.483,896.317,1431.17,1580.38,256,0.82424
eventfd,offered_25,1024,11,0.0430096,124.813,26.1952,129.991,146.838,188.828,200.865,1431.22,1548.61,256,0.890578
eventfd,offered_25,1024,12,0.0429236,133.271,83.231,130.529,142.564,190.194,1427.47,1433.72,1534.93,255,0.904284
eventfd,offered_25,1024,13,0.0429875,122.922,24.0982,129.083,141.351,150.387,158.221,1431.33,1562.13,256,0.866133
eventfd,offered_25,1024,14,0.0431382,135.431,160.485,129.364,145.117,261.772,2639.57,1428.48,1610.7,255,0.849265
eventfd,offered_25,1024,15,0.0431759,131.569,60.3467,131.564,145.249,254.812,924.766,1431.3,1532.83,256,0.876419
eventfd,offered_25,4096,1,0.170668,120.19,48.7148,121.113,142.695,196.08,982.776,1435.28,1548.58,512,0.912362
eventfd,offered_25,4096,2,0.170534,117.238,31.8215,120.453,140.662,179.95,410.168,1440.54,1561.48,512,0.930967
eventfd,offered_25,4096,3,0.17046,124.592,63.2101,121.055,143.704,178.785,1098.17,1435.55,1535.24,512,0.945248
eventfd,offered_25,4096,4,0.169385,126.911,90.1174,121.374,142.706,165.005,1486.77,1440.63,1540.84,511,0.963457
eventfd,offered_25,4096,5,0.170335,122.938,66.9739,120.655,143.261,202.725,1054.92,1436.45,1553.55,512,0.918001
eventfd,offered_25,4096,6,0.169605,119.151,23.4787,120.896,139.081,184.154,353.143,1438.95,1527.82,512,0.943069
eventfd,offered_25,4096,7,0.170303,118.207,22.5184,120.769,140.418,184.234,225.498,1436.56,1537.94,512,0.927683
eventfd,offered_25,4096,8,0.169792,122.311,80.4238,121.507,140.512,157.274,1883.59,1440.01,1547.36,511,0.959215
eventfd,offered_25,4096,9,0.170499,121.282,64.7745,121.136,139.375,189.061,1498.76,1437.36,1526.63,511,0.936582
eventfd,offered_25,4096,10,0.169505,120.117,29.3913,121.487,140.324,159.647,619.152,1437.96,1559.37,512,0.955178
eventfd,offered_25,4096,11,0.170162,121.38,31.7033,121.189,138.293,158.855,739.682,1437.42,1537.51,512,0.950036
eventfd,offered_25,4096,12,0.170061,125.974,101.734,121.6,140.715,202.693,1903.38,1437.2,1606.62,511,0.933132
eventfd,offered_25,4096,13,0.169879,125.482,85.1468,121.743,142.547,173.018,1681.73,1439.34,1529.95,511,0.947991
eventfd,offered_25,4096,14,0.169429,123.9,62.4988,122.103,141.054,177.914,1470.14,1438.32,1533.74,511,0.948806
eventfd,offered_25,4096,15,0.17049,121.401,19.0198,121.993,142.019,172.278,265.198,1435.65,1549.35,512,0.953592
eventfd,offered_25,16384,1,0.674994,96.9211,26.2961,96.91,132.569,178.498,208.05,1439.53,1606.07,128,1.15866
eventfd,offered_25,16384,2,0.672823,98.7801,19.972,97.997,131.358,151.92,181.185,1444.4,1530.03,128,1.17193
eventfd,offered_25,16384,3,0.670521,106.401,79.746,98.115,134.401,149.317,991.819,1449.54,1545.28,128,1.14432
eventfd,offered_25,16384,4,0.676762,100.249,20.302,99.019,134.034,152.337,164.598,1442.69,1545.04,128,1.18304
eventfd,offered_25,16384,5,0.672002,99.5958,18.1419,97.742,130.081,172.633,187.905,1444.52,1538.02,128,1.12085
eventfd,offered_25,16384,6,0.675142,100.842,29.9956,97.429,130.689,188.913,360.376,1443.53,1584.84,128,1.13296
eventfd,offered_25,16384,7,0.682364,98.3308,22.8104,97.967,136.375,149.676,170.747,1428.91,1521.76,128,1.17974
eventfd,offered_25,16384,8,0.672847,97.5213,19.0464,97.21,129.357,143.584,158.146,1451.52,1555.08,128,1.1273
eventfd,offered_25,16384,9,0.67367,102.63,22.9264,98.076,137.965,192.527,211.648,1440.29,1572.16,128,1.13293
eventfd,offered_25,16384,10,0.670451,105.253,72.6581,97.818,133.076,203.188,894.228,1449.5,1560.01,128,1.12794
eventfd,offered_25,16384,11,0.673792,105.085,82.37,97.646,132.476,195.605,1005.76,1439.7,1579.33,128,1.12743
eventfd,offered_25,16384,12,0.668073,109.729,153.044,95.804,135.156,1213.57,1390.45,1452.82,2379.06,127,1.10085
eventfd,offered_25,16384,13,0.666113,104.164,36.5052,98.474,137.816,218.337,435.337,1448.18,1573.03,128,1.11496
eventfd,offered_25,16384,14,0.663779,97.2984,18.0321,97.231,128.507,138.022,145.131,1453.7,1587.99,128,1.15496
eventfd,offered_25,16384,15,0.671696,99.6073,19.9377,98.282,132.051,148.143,157.065,1452.1,1544.16,128,1.18936
eventfd,offered_25,65536,1,2.44562,72.3662,20.1541,70.174,104.692,119.535,136.367,1479.03,1544.35,32,3.34096
eventfd,offered_25,65536,2,2.44349,74.0266,20.9774,68.906,108.551,129.018,146.811,1487.08,1548.31,32,3.27572
eventfd,offered_25,65536,3,2.4837,77.5937,27.411,73.12,123.605,156.28,174.845,1455.17,1505.52,32,3.28299
eventfd,offered_25,65536,4,2.45889,72.5341,18.8823,69.156,103.31,113.969,130.779,1474.24,1543.67,32,3.26935
eventfd,offered_25,65536,5,2.4378,75.4163,21.5653,70.638,111.847,136.379,151.169,1484.9,1556.55,32,3.36712
eventfd,offered_25,65536,6,2.45178,105.657,166.391,71.853,130.463,1040.74,1050.71,1486.27,2275.75,32,3.26269
eventfd,offered_25,65536,7,2.47519,72.1213,23.5038,68.015,108.559,129.665,137.084,1422.82,1544.72,42,3.28312
eventfd,offered_25,65536,8,2.5167,44.5889,20.5815,41.143,89.522,118.267,132.549,1356.75,1590.18,32,3.99899
eventfd,offered_25,65536,9,2.51013,73.6051,27.538,69.694,122.078,152.248,166.128,1377.79,1558.98,32,3.55628
eventfd,offered_25,65536,10,2.52642,75.5901,19.3603,72.925,109.344,120.348,166.914,1401.16,1547.45,32,3.38757
eventfd,offered_25,65536,11,2.52798,69.2653,27.7529,64.715,111.458,175.268,197.389,1375.7,1565.07,32,3.53613
eventfd,offered_25,65536,12,2.47313,68.6468,25.6464,67.187,107.877,133.468,143.803,1442.63,1563.95,32,3.3748
eventfd,offered_25,65536,13,2.48726,69.7106,21.394,64.85,105.857,121.205,130.523,1423.9,1562.98,32,3.38051
eventfd,offered_25,65536,14,2.46061,73.4269,21.6259,68.36,108.206,137.969,179.354,1478.4,1581.64,32,3.26931
eventfd,offered_25,65536,15,2.45918,71.9222,19.5558,68.043,105.324,114.633,132.394,1470.36,1555.85,32,3.3273
eventfd,offered_25,262144,1,6.68613,46.5344,26.1643,35.699,101.969,115.946,132.751,9.107,1588.38,75,14.1453
eventfd,offered_25,262144,2,6.70056,46.0367,27.9903,35.231,103.341,126.365,172.076,1349.64,1582.68,62,14.259
eventfd,offered_25,262144,3,6.50565,44.1145,36.9142,34.397,108.265,200.972,211.417,6.26,1547.65,249,14.9742
eventfd,offered_25,262144,4,6.62044,45.9929,26.933,35.47,102.281,114.739,133.216,12.453,1613.08,67,14.302
eventfd,offered_25,262144,5,6.55734,48.0159,33.2148,35.532,109.204,170.389,200.976,6.475,1569.1,111,14.7579
eventfd,offered_25,262144,6,6.68441,49.5605,28.3734,37.35,105.976,133.227,167.027,11.135,1600.29,69,14.1387
eventfd,offered_25,262144,7,6.62584,44.0628,27.0334,34.742,101.148,112.822,124.655,8.283,1575.76,79,14.4614
eventfd,offered_25,262144,8,6.695,41.9882,26.1176,33.514,99.548,111.909,119.626,10.72,1584.52,87,14.4752
eventfd,offered_25,262144,9,6.60595,43.3515,26.9686,33.487,99.875,114.558,126.867,26.728,1601.81,66,14.5459
eventfd,offered_25,262144,10,6.55916,53.9485,63.1854,35.763,109.473,470.265,501,6.487,1590.13,103,14.8644
eventfd,offered_25,262144,11,6.6217,42.1852,27.3396,34.235,100.943,117.376,143.523,7.438,1592.61,79,14.5688
eventfd,offered_25,262144,12,6.58044,56.8161,94.2358,34.979,106.969,666.973,819.449,6.771,1578.69,99,15.3504
eventfd,offered_25,262144,13,6.66275,45.5755,25.5724,35.237,100.428,113.234,131.685,7.157,1593.59,74,14.2364
eventfd,offered_25,262144,14,6.66434,46.1873,25.6423,36.388,101.161,112.24,119.335,7.762,1617.19,71,14.2655
eventfd,offered_25,262144,15,6.68521,40.3498,27.0355,33.765,98.991,114.08,145.643,7.085,1585.75,171,14.7218
eventfd,offered_25,1048576,1,7.42365,5.68874,11.8195,4.447,5.135,21.139,178.571,37.555,1314.61,506,79.271
eventfd,offered_25,1048576,2,7.50978,4.66858,1.66417,4.438,4.93,16.445,21.18,37.392,1390,510,76.6892
eventfd,offered_25,1048576,3,7.46357,11.6334,47.1688,4.341,7.828,321.289,451.031,38.935,1401.68,497,76.9745
eventfd,offered_25,1048576,4,7.52865,11.0492,44.8072,4.299,5.473,273.292,457.548,38.951,1399.72,498,75.8102
eventfd,offered_25,1048576,5,7.5335,4.51181,1.8416,4.287,4.781,15.407,28.143,39.154,1370.97,511,74.3076
eventfd,offered_25,1048576,6,7.42293,5.09574,7.02701,4.295,5.045,21.007,120.539,38.563,1425.93,506,77.1156
eventfd,offered_25,1048576,7,7.52437,4.52133,1.59096,4.282,4.986,10.695,20.543,37.89,1404.62,512,75.1497
eventfd,offered_25,1048576,8,7.53702,4.59525,2.34833,4.281,4.808,17.51,34.483,39.235,1408.65,511,74.3278
eventfd,offered_25,1048576,9,7.45423,32.089,200.374,4.297,6.362,1482.39,1691.82,38.234,1424.63,495,76.7434
eventfd,offered_25,1048576,10,7.5228,4.55666,2.19297,4.257,4.943,18.75,32.339,38.718,1410.39,512,74.8609
eventfd,offered_25,1048576,11,7.47459,11.7577,49.6487,4.298,6.734,323.369,482.538,39.52,1403.51,495,76.151
eventfd,offered_25,1048576,12,7.47351,5.14309,6.2072,4.278,5.057,27.234,83.742,39.418,1402.25,500,75.9775
eventfd,offered_25,1048576,13,7.54713,4.54673,2.03656,4.282,4.794,18.772,33.529,39.788,1398.48,512,73.8075
eventfd,offered_25,1048576,14,7.42316,5.10031,7.70176,4.276,5.002,20.532,123.503,39.462,1399.13,505,76.3815
eventfd,offered_25,1048576,15,7.53002,4.53646,1.79981,4.268,4.861,19.204,21.297,38.75,1418.03,512,74.7931
eventfd,offered_50,64,1,0.00545242,36.4789,46.9692,24.782,135.735,146.871,289.762,671.161,806.079,4186,0.71884
eventfd,offered_50,64,2,0.00543183,25.4512,49.2944,23.505,34.684,135.607,160.288,668.124,702.764,4289,0.735972
eventfd,offered_50,64,3,0.00543169,25.1969,47.1778,23.474,34.563,130.62,950.039,666.777,702.38,4352,0.734387
eventfd,offered_50,64,4,0.0054542,26.3524,28.9432,23.354,44.75,141.073,160.334,665.348,764.355,4340,0.709876
eventfd,offered_50,64,5,0.00543516,23.3215,35.7006,23.359,33.891,45.321,146.743,664.629,691.277,4337,0.738673
eventfd,offered_50,64,6,0.00544108,24.8442,20.129,23.468,35.625,137.017,150.563,667.316,715.449,4311,0.731042
eventfd,offered_50,64,7,0.00543678,24.2293,18.023,23.521,34.672,135.33,153.161,667.675,706.66,4255,0.737618
eventfd,offered_50,64,8,0.00543175,24.1586,42.4807,23.448,34.292,57.288,320.951,669.441,694.314,4262,0.735472
eventfd,offered_50,64,9,0.00544073,26.5876,24.2041,23.682,45.501,141.137,158.071,669.14,760.207,4285,0.730768
eventfd,offered_50,64,10,0.00542823,26.1418,62.1536,23.573,35.393,138.194,234.613,665.095,709.115,4444,0.735254
eventfd,offered_50,64,11,0.00542813,25.2352,52.8694,23.381,34.568,124.634,1144.59,672.017,703.514,4193,0.738148
eventfd,offered_50,64,12,0.00543052,29.8412,62.1347,23.829,65.429,144.072,1229.84,673.779,794.321,4138,0.729549
eventfd,offered_50,64,13,0.00543317,24.0971,28.762,23.411,34.437,125.231,159.729,672.102,701.465,4186,0.738745
eventfd,offered_50,64,14,0.00543288,26.2913,46.2011,23.505,35.365,139.511,817.116,669.646,738.114,4243,0.735558
eventfd,offered_50,64,15,0.00542182,28.362,69.4539,23.745,35.763,139.504,1283.05,670.744,762.159,4221,0.735815
eventfd,offered_50,256,1,0.0217553,28.5621,24.8198,25.1,59.716,141.852,154.923,671.828,798.349,1024,0.747845
eventfd,offered_50,256,2,0.0217693,31.6212,31.5255,25.193,129.652,145.208,174.691,674.141,801.017,1025,0.733453
eventfd,offered_50,256,3,0.021788,36.8888,35.8453,26.287,135.325,146.391,158.74,672.543,802.57,1025,0.738076
eventfd,offered_50,256,4,0.0217549,32.5887,33.6965,25.505,129.967,143.98,157.941,673.932,806.148,1024,0.734815
eventfd,offered_50,256,5,0.0217183,27.9966,23.1174,25.183,47.553,141.121,156.102,672.057,750.687,1025,0.756174
eventfd,offered_50,256,6,0.0217791,33.9999,33.3173,25.6,132.762,146.754,159.631,672.988,798.76,1024,0.740857
eventfd,offered_50,256,7,0.0217711,32.4134,31.8262,25.377,131.297,146.032,164.404,672.406,806.594,1025,0.735945
eventfd,offered_50,256,8,0.0217467,28.1813,24.0139,25.042,46.711,142.039,165.259,670.946,758.401,1024,0.750828
eventfd,offered_50,256,9,0.0217857,34.7458,34.3749,25.771,134.715,148.62,186.123,670.186,803.442,1024,0.749558
eventfd,offered_50,256,10,0.0217768,32.674,32.0667,25.427,132.546,145.252,157.616,672.29,801.038,1024,0.736703
eventfd,offered_50,256,11,0.0218183,43.3573,64.8718,26.891,139.464,148.329,360.265,672.274,811.67,1023,0.71642
eventfd,offered_50,256,12,0.0217796,32.1905,29.7948,25.729,124.815,145.052,161.679,668.71,790.453,1026,0.751685
eventfd,offered_50,256,13,0.0217863,35.8577,35.502,26.099,135.942,148.349,177.897,671.025,806.051,1024,0.737097
eventfd,offered_50,256,14,0.0217392,26.9808,20.7674,24.976,42.63,137.534,156.615,671.048,718.063,1024,0.7566
eventfd,offered_50,256,15,0.0217956,31.7891,30.7788,25.338,128.103,146.498,176.193,670.317,786.605,1024,0.737911
eventfd,offered_50,1024,1,0.0877124,78.9269,54.8145,101.25,145.358,172.849,212.589,680.81,812.729,256,0.700614
eventfd,offered_50,1024,2,0.0869674,58.427,50.2182,31.943,143.198,153.154,163.507,677.395,809.969,256,0.779875
eventfd,offered_50,1024,3,0.0878225,89.2519,51.833,109.712,146.66,157.918,195.841,681.645,817.401,256,0.709997
eventfd,offered_50,1024,4,0.0878393,86.4893,52.9269,106.074,146.063,152.427,161.503,680.194,814.33,256,0.706424
eventfd,offered_50,1024,5,0.0879179,80.4723,53.2181,101.755,144.981,154.321,166.58,680.363,813.673,256,0.692672
eventfd,offered_50,1024,6,0.0872055,63.2976,51.5535,35.307,143.576,155.002,167.325,677.761,811.498,256,0.747901
eventfd,offered_50,1024,7,0.0875896,78.1804,66.0161,58.229,146.556,158.945,716.146,678.207,812.676,255,0.72624
eventfd,offered_50,1024,8,0.0864862,28.3486,24.0202,25.104,66.575,139.609,147.914,677.284,788.372,256,0.802677
eventfd,offered_50,1024,9,0.0869438,72.0129,97.6492,37.729,144.78,154.664,1397.94,679.538,822.373,255,0.733257
eventfd,offered_50,1024,10,0.0872105,61.6727,51.8457,33.901,143.445,151.707,162.493,678.237,807.776,256,0.748417
eventfd,offered_50,1024,11,0.0870777,55.4877,48.3276,31.349,142.296,152.958,161.958,677.199,807.113,256,0.777335
eventfd,offered_50,1024,12,0.0874583,71.3614,52.672,43.294,145.043,153.372,159.313,678.194,813.333,256,0.724616
eventfd,offered_50,1024,13,0.0875458,71.2618,52.2268,44.913,143.872,151.044,164.413,678.051,812.539,256,0.727833
eventfd,offered_50,1024,14,0.0877842,82.7345,53.5886,103.656,146.783,158.668,174.309,679.464,811.147,256,0.700638
eventfd,offered_50,1024,15,0.0878453,87.4239,52.649,105.598,146.251,154.864,165.122,680.816,809.674,257,0.696883
eventfd,offered_50,4096,1,0.339083,48.566,50.3862,23.047,136.835,147.965,158.747,685.054,814.519,512,0.912195
eventfd,offered_50,4096,2,0.337538,27.0979,37.1445,11.821,119.558,144.337,173.827,684.37,806.408,512,0.958568
eventfd,offered_50,4096,3,0.34018,46.5264,49.826,21.709,135.769,148.876,157.412,684.553,811.176,512,0.902345
eventfd,offered_50,4096,4,0.339737,42.6097,48.3095,20.723,134.705,146.912,170.116,683.686,812.107,512,0.911217
eventfd,offered_50,4096,5,0.34175,65.6138,54.3464,56.51,141.349,153.732,169.322,685.603,818.496,513,0.852898
eventfd,offered_50,4096,6,0.337177,20.099,29.7904,8.94,109.646,141.379,194.1,683.544,800.207,512,0.95553
eventfd,offered_50,4096,7,0.341967,68.8543,53.9008,100.187,140.685,150.18,161.243,684.597,820.08,512,0.856329
eventfd,offered_50,4096,8,0.338511,41.5954,48.6092,19.902,134.229,149.101,204.541,684.833,814.448,513,0.930444
eventfd,offered_50,4096,9,0.339072,45.0405,58.699,20.683,136.704,149.802,761.204,685.274,814.465,511,0.90381
eventfd,offered_50,4096,10,0.340167,51.4831,51.9375,23.31,137.485,149.592,165.801,684.814,813.88,512,0.894802
eventfd,offered_50,4096,11,0.34042,50.1018,50.9442,23.006,135.938,147.577,159.465,684.524,814.839,512,0.90112
eventfd,offered_50,4096,12,0.339192,37.0666,45.6015,16.482,130.56,146.584,169.381,684.832,811.006,512,0.90995
eventfd,offered_50,4096,13,0.337646,30.5986,40.9231,12.517,125.672,144.276,159.148,684.855,816.461,512,0.939639
eventfd,offered_50,4096,14,0.338012,33.6756,42.829,15.975,127.522,144.983,175.932,684.809,812.568,512,0.928921
eventfd,offered_50,4096,15,0.336894,22.7739,32.5459,10.286,112.881,141.21,193.106,684.047,806.851,512,0.953011
eventfd,offered_50,16384,1,1.33309,91.0842,46.094,109.914,137.85,205.992,252.384,685.618,799.267,128,1.43257
eventfd,offered_50,16384,2,1.32327,89.0163,44.5952,110.422,134.354,148.771,161.875,683.376,808.847,128,1.45235
eventfd,offered_50,16384,3,1.33425,85.4562,43.7771,108.424,130.296,140.889,150.509,673.51,802.186,129,1.43835
eventfd,offered_50,16384,4,1.32688,84.6609,45.7469,108.734,133.043,146.904,157.883,685.657,802.899,128,1.4368
eventfd,offered_50,16384,5,1.32917,84.5977,44.661,108.267,133.106,147.526,157.549,682.187,808.591,128,1.42915
eventfd,offered_50,16384,6,1.33026,88.0954,42.9898,108.925,133.611,146.961,159.328,686.003,805.022,127,1.40923
eventfd,offered_50,16384,7,1.32972,86.9202,48.8724,108.79,136.184,157.356,301.379,680.349,822.405,128,1.43599
eventfd,offered_50,16384,8,1.33292,87.5814,43.4439,109.524,131.038,144.387,162.717,681.681,798.342,128,1.4469
eventfd,offered_50,16384,9,1.32759,85.0044,45.8385,108.826,133.726,146.249,157.768,684.185,808.982,128,1.44061
eventfd,offered_50,16384,10,1.32555,86.2785,44.8952,109.625,131.814,143.06,153.447,686.781,798.356,128,1.44781
eventfd,offered_50,16384,11,1.32867,86.6112,46.3455,109.85,136.785,155.716,171.641,676.661,806.727,128,1.43479
eventfd,offered_50,16384,12,1.32544,83.7651,47.9937,109.53,135.892,155.109,178.402,684.939,807.411,128,1.4224
eventfd,offered_50,16384,13,1.32971,84.3332,45.1407,108.583,131.003,144.972,156.844,682.537,803.057,128,1.42805
eventfd,offered_50,16384,14,1.32444,77.3192,47.0693,106.718,131.574,143.586,152.068,674.197,800.643,128,1.46814
eventfd,offered_50,16384,15,1.32859,89.0555,44.6191,110.073,134.303,158.678,207.46,683.463,811.712,128,1.42651
eventfd,offered_50,65536,1,4.31288,64.2314,25.1723,63.838,102.527,131.272,152.258,741.194,808.11,32,3.57684
eventfd,offered_50,65536,2,4.29223,68.0884,24.2692,67.216,107.718,127.959,149.266,747.949,791.167,32,3.5417
eventfd,offered_50,65536,3,4.28588,61.6049,25.4488,64.515,98.524,117.49,138.528,749.081,784.141,32,3.6261
eventfd,offered_50,65536,4,4.2984,65.2827,25.8394,64.327,107.11,132.681,142.786,744.216,786.396,32,3.57752
eventfd,offered_50,65536,5,4.29422,62.2861,26.6607,63.604,101.333,125.844,147.198,746.744,772.132,32,3.60037
eventfd,offered_50,65536,6,4.27939,67.1803,23.315,65.885,104.161,129.146,139.885,749.838,777.793,32,3.60114
eventfd,offered_50,65536,7,4.3265,63.5369,25.9443,62.746,104.352,118.878,135.651,716,808.621,33,3.52042
eventfd,offered_50,65536,8,4.29132,66.4342,26.2231,65.345,105.173,128.495,147.211,705.52,804.712,44,3.589
eventfd,offered_50,65536,9,4.28948,63.8161,30.9356,63.011,105.784,177.415,188.797,739.221,818.062,32,3.66405
eventfd,offered_50,65536,10,4.29628,63.9188,26.1303,65.137,100.734,131.213,147.669,747.763,811.083,39,3.59783
eventfd,offered_50,65536,11,4.31323,65.0887,23.8527,66.37,101.935,118.364,148.976,750.873,787.654,32,3.54623
eventfd,offered_50,65536,12,4.29983,61.8976,27.7641,64.557,103.948,128.783,146.614,743.448,815.195,32,3.6419
eventfd,offered_50,65536,13,4.31652,63.3183,24.8217,62.917,102.959,118.593,138.98,729.235,780.278,32,3.59932
eventfd,offered_50,65536,14,4.29114,66.5693,25.7565,65.012,112.224,130.62,160.708,738.74,791.025,32,3.58472
eventfd,offered_50,65536,15,4.30933,65.8235,26.5571,66.479,105.627,124.529,146.606,750.871,782.433,32,3.54658
eventfd,offered_50,262144,1,9.02291,54.921,55.0563,36.536,124.516,380.939,488.181,7.409,952.991,108,15.1425
eventfd,offered_50,262144,2,9.34743,45.4479,26.8799,35.536,101.983,114.666,130.488,7.36,930.548,82,14.4406
eventfd,offered_50,262144,3,9.31881,47.4093,25.0847,36.802,102.123,111.418,120.781,11.263,934.665,71,14.2944
eventfd,offered_50,262144,4,9.23182,48.7642,29.2307,37.387,103.323,120.523,237.2,7.565,939.25,85,14.9334
eventfd,offered_50,262144,5,9.48443,44.0744,25.0982,35.512,99.251,110.528,156.33,26.867,923.356,65,14.4304
eventfd,offered_50,262144,6,9.33686,44.4468,25.9657,35.578,100.684,111.191,127.8,7.541,1006.34,87,14.5732
eventfd,offered_50,262144,7,9.29993,46.7401,24.1181,36.312,100.569,110.124,116.278,6.875,980.274,73,14.3194
eventfd,offered_50,262144,8,9.2872,43.2372,25.5129,35.012,100.203,114.241,122.749,6.936,957.607,96,14.5078
eventfd,offered_50,262144,9,9.42131,46.9284,25.7711,36.186,102.741,116.806,133.379,7.787,926.343,73,14.3034
eventfd,offered_50,262144,10,9.27365,46.1897,26.1527,35.931,100.539,116.678,176.44,7.484,971.54,80,14.4334
eventfd,offered_50,262144,11,9.0961,30.849,26.8715,29.252,92.649,108.933,118.901,6.057,814.537,206,15.3615
eventfd,offered_50,262144,12,9.26445,46.7819,24.8811,35.961,100.976,114.068,126.862,11.418,972.864,72,14.3578
eventfd,offered_50,262144,13,9.37737,47.5999,25.0644,36.762,101.867,113.933,136.88,7.369,969.048,76,14.2788
eventfd,offered_50,262144,14,9.03438,33.0357,28.3189,31.892,97.718,109.69,116.719,5.913,919.824,265,15.1629
eventfd,offered_50,262144,15,9.24333,42.1387,29.0064,33.761,105.087,117.507,126.408,6.011,920.177,122,14.8407
eventfd,offered_50,1048576,1,7.9859,9.82388,34.7143,4.359,5.411,219.199,383.741,40.263,758.25,497,76.2372
eventfd,offered_50,1048576,2,8.14034,4.6493,2.19927,4.359,4.946,18.737,37.01,40.849,711.009,511,72.6452
eventfd,offered_50,1048576,3,8.13809,4.50344,1.36136,4.336,4.776,9.178,18.851,39.498,703.52,510,73.9168
eventfd,offered_50,1048576,4,8.15533,4.52236,1.33905,4.363,4.921,6.698,21.527,40.539,751.337,509,72.3068
eventfd,offered_50,1048576,5,8.13928,4.64289,2.89064,4.356,5.057,7.814,62.235,39.854,741.974,511,73.3875
eventfd,offered_50,1048576,6,8.06595,14.0125,59.0873,4.361,6.232,329.245,591.832,40.594,744.507,494,75.1069
eventfd,offered_50,1048576,7,8.16969,4.5529,1.78692,4.331,4.868,7.968,31.591,39.663,693.974,512,73.2604
eventfd,offered_50,1048576,8,8.03932,13.7258,59.4982,4.368,7.603,403.307,558,39.173,761.626,497,76.1614
eventfd,offered_50,1048576,9,8.0537,5.30578,9.21449,4.352,5.085,19.758,177.93,40.52,734.032,502,74.7183
eventfd,offered_50,1048576,10,8.16268,4.48424,1.34255,4.331,4.839,6.408,21.445,40.004,697.47,510,73.1121
eventfd,offered_50,1048576,11,8.15959,4.62161,2.33277,4.358,4.843,12.134,45.546,39.634,727.319,512,73.1361
eventfd,offered_50,1048576,12,8.06258,5.01312,7.26264,4.356,4.92,17.379,131.885,40.339,696.243,506,74.6636
eventfd,offered_50,1048576,13,8.13584,4.47298,1.14039,4.351,4.8,6.208,19.458,40,691.477,512,73.33
eventfd,offered_50,1048576,14,8.11238,4.48691,1.30373,4.329,4.832,6.939,19.837,39.612,708.718,511,74.0919
eventfd,offered_50,1048576,15,7.99175,6.87493,19.7654,4.347,5.098,100.649,301.529,39.915,753.655,500,75.8379
eventfd,offered_75,64,1,0.0149567,4.96853,34.3915,4.193,5.512,5.915,57.751,253.15,255.073,4103,0.180517
eventfd,offered_75,64,2,0.015022,4.3578,3.08691,4.186,5.494,5.855,58.107,253.16,255.884,4121,0.18067
eventfd,offered_75,64,3,0.0149669,4.74528,10.4827,4.184,5.508,5.926,218.485,253.163,255.208,4112,0.181122
eventfd,offered_75,64,4,0.0149544,4.74853,10.1407,4.193,5.525,5.957,187.461,253.159,255.242,4106,0.181632
eventfd,offered_75,64,5,0.0148924,5.51037,36.2008,4.182,5.524,6.381,250.38,253.168,255.555,4101,0.181103
eventfd,offered_75,64,6,0.0150147,4.4159,4.49926,4.176,5.482,5.854,67.345,253.167,254.77,4103,0.180276
eventfd,offered_75,64,7,0.0150095,4.34295,2.94732,4.167,5.466,5.883,53.336,253.153,254.492,4112,0.180498
eventfd,offered_75,64,8,0.0150047,4.6279,8.9214,4.178,5.49,5.903,96.05,253.151,254.801,4121,0.180832
eventfd,offered_75,64,9,0.0150403,4.71638,11.2991,4.181,5.498,5.916,206.703,253.136,254.748,4103,0.180277
eventfd,offered_75,64,10,0.0149809,5.47766,45.9488,4.189,5.508,6.011,245.8,253.148,254.634,4095,0.180661
eventfd,offered_75,64,11,0.0149735,5.29029,35.0485,4.16,5.468,5.868,78.611,253.144,254.651,4111,0.180307
eventfd,offered_75,64,12,0.0150277,4.37349,3.03208,4.169,5.495,5.926,53.341,253.145,254.788,4104,0.180872
eventfd,offered_75,64,13,0.0149568,4.434,4.71036,4.166,5.477,5.867,79.481,253.174,257.343,4106,0.180406
eventfd,offered_75,64,14,0.0149866,4.53561,8.35312,4.18,5.485,5.868,70.071,253.161,254.967,4102,0.180666
eventfd,offered_75,64,15,0.0149966,4.63474,11.5055,4.189,5.506,5.9,69.696,253.146,254.917,4116,0.180787
eventfd,offered_75,256,1,0.0585599,5.47452,8.45522,4.831,6.101,25.034,86.215,252.156,255.476,1028,0.205222
eventfd,offered_75,256,2,0.0583947,6.53167,43.5761,4.854,6.127,10.138,81.978,252.15,254.339,1024,0.205162
eventfd,offered_75,256,3,0.0585376,5.32013,5.83748,4.841,6.107,9.409,84.949,252.154,254.165,1024,0.204895
eventfd,offered_75,256,4,0.0586325,5.45225,5.89001,4.87,6.161,51.507,64.941,252.149,254.873,1024,0.205966
eventfd,offered_75,256,5,0.0585924,5.34511,5.07843,4.88,6.161,31.866,61.635,252.154,254.917,1024,0.204874
eventfd,offered_75,256,6,0.0585921,5.30977,5.41007,4.841,6.119,9.51,67.385,252.184,254.609,1024,0.205066
eventfd,offered_75,256,7,0.058537,5.67586,11.7292,4.868,6.139,50.399,90.353,252.174,255.89,1023,0.205849
eventfd,offered_75,256,8,0.0586055,5.31259,5.08507,4.872,6.149,10.144,63.277,252.156,255.871,1024,0.205145
eventfd,offered_75,256,9,0.0586092,5.41789,7.60792,4.856,6.153,9.789,75.147,252.182,257.57,1024,0.20568
eventfd,offered_75,256,10,0.0585267,5.48147,7.3091,4.887,6.146,13.125,84.314,252.167,254.736,1024,0.205454
eventfd,offered_75,256,11,0.058566,5.65529,7.88409,4.878,6.177,52.229,99.182,252.163,254.699,1024,0.205965
eventfd,offered_75,256,12,0.0586021,5.54622,7.87608,4.863,6.137,51.693,66.952,252.143,254.259,1024,0.205348
eventfd,offered_75,256,13,0.0580811,8.26168,85.8901,4.909,6.411,49.834,201.409,252.17,255.28,1023,0.208312
eventfd,offered_75,256,14,0.058646,5.3875,5.56179,4.874,6.151,49.002,60.113,252.145,254.12,1024,0.204467
eventfd,offered_75,256,15,0.0585851,5.45135,5.84631,4.872,6.14,50.009,70.557,252.148,254.746,1024,0.205629
eventfd,offered_75,1024,1,0.232695,8.15797,17.1716,6.308,7.484,54.54,253.557,249.772,256.44,255,0.266705
eventfd,offered_75,1024,2,0.232843,7.48806,9.85802,6.291,7.21,69.619,87.699,249.735,251.217,256,0.267372
eventfd,offered_75,1024,3,0.233262,7.00626,7.47317,6.339,7.304,55.543,77.319,249.726,252.512,256,0.26704
eventfd,offered_75,1024,4,0.232945,7.36003,8.75073,6.263,7.353,56.634,80.449,249.769,288.426,256,0.268963
eventfd,offered_75,1024,5,0.232743,7.45983,9.23103,6.281,7.309,62.904,78.595,249.762,252.408,256,0.268446
eventfd,offered_75,1024,6,0.232193,7.10091,8.08469,6.227,7.211,53.294,83.423,249.805,258.295,256,0.267049
eventfd,offered_75,1024,7,0.232639,7.61641,9.23387,6.265,7.312,55.304,75.344,249.732,254.083,256,0.26708
eventfd,offered_75,1024,8,0.232865,7.6412,9.19762,6.282,7.394,56.481,72.271,249.792,256.729,256,0.269243
eventfd,offered_75,1024,9,0.23238,7.86681,17.1495,6.282,7.218,55.985,256.792,249.798,264.434,255,0.264393
eventfd,offered_75,1024,10,0.23323,7.48837,8.65851,6.296,7.263,54.443,72.361,249.791,251.42,256,0.268609
eventfd,offered_75,1024,11,0.232291,5.98626,1.85073,6.264,7.123,8.194,29.826,249.795,252.717,256,0.26227
eventfd,offered_75,1024,12,0.232958,7.67053,10.0445,6.249,7.353,68.369,83.221,249.8,293.65,256,0.270807
eventfd,offered_75,1024,13,0.232953,7.76688,10.0309,6.279,7.467,57.353,81.251,249.699,252.124,256,0.269994
eventfd,offered_75,1024,14,0.23281,7.62541,9.88676,6.293,7.394,58.364,86.791,249.755,297.35,256,0.26993
eventfd,offered_75,1024,15,0.232699,7.56668,8.71386,6.294,7.343,54.01,56.658,249.745,253.1,256,0.266564
eventfd,offered_75,4096,1,0.896364,4.40495,5.66956,3.818,4.514,28.483,80.934,251.644,253.505,512,0.416001
eventfd,offered_75,4096,2,0.896858,4.99163,8.21344,3.835,4.63,57.673,84.754,251.635,252.996,512,0.418712
eventfd,offered_75,4096,3,0.895188,5.57758,17.7696,3.842,4.7,54.284,372.654,251.601,253.323,511,0.417214
eventfd,offered_75,4096,4,0.895431,5.73752,17.4049,3.852,4.727,54.097,360.212,251.601,253.618,511,0.418395
eventfd,offered_75,4096,5,0.896404,5.71271,15.5658,3.825,4.663,57.023,301.601,251.628,253.503,511,0.418462
eventfd,offered_75,4096,6,0.895504,3.93905,3.11121,3.797,4.434,4.942,73.43,251.628,252.872,512,0.414202
eventfd,offered_75,4096,7,0.896991,5.2493,8.38788,3.845,4.793,57.073,67.438,251.615,253.599,512,0.416917
eventfd,offered_75,4096,8,0.895908,5.57672,12.5033,3.853,4.776,56.03,217.057,251.611,254.541,512,0.418433
eventfd,offered_75,4096,9,0.896704,4.35394,5.26406,3.859,4.607,12.56,81.285,251.562,252.455,512,0.417201
eventfd,offered_75,4096,10,0.897102,5.04512,7.9186,3.835,4.601,56.203,66.479,251.646,252.804,512,0.416852
eventfd,offered_75,4096,11,0.896427,4.15519,4.51784,3.808,4.448,5.478,78.149,251.694,252.743,512,0.415019
eventfd,offered_75,4096,12,0.896551,4.98459,8.01971,3.845,4.64,58.406,87.101,251.617,252.918,512,0.417466
eventfd,offered_75,4096,13,0.897108,5.0915,8.54466,3.856,4.637,59.738,80.112,251.646,253.232,512,0.41841
eventfd,offered_75,4096,14,0.896445,5.24568,8.84136,3.827,4.691,58.992,80.02,251.647,252.916,512,0.418376
eventfd,offered_75,4096,15,0.896469,4.89272,7.8516,3.825,4.599,53.688,82.955,251.626,253.668,512,0.418462
eventfd,offered_75,16384,1,3.23175,12.8715,12.1707,11.156,17.925,80.328,92.697,240.189,281.446,128,1.07959
eventfd,offered_75,16384,2,3.21924,11.4068,7.35868,10.959,16.102,57.173,73.381,240.163,283.907,128,1.07827
eventfd,offered_75,16384,3,3.22014,10.6075,3.93174,10.802,15.979,19.046,22.137,240.191,243.739,128,1.07688
eventfd,offered_75,16384,4,3.23257,13.7668,13.5268,11.179,56.924,70.776,77.772,240.218,287.347,128,1.07625
eventfd,offered_75,16384,5,3.22374,13.8235,13.1401,11.176,54.943,66.367,73.705,240.127,247.878,128,1.07639
eventfd,offered_75,16384,6,3.22585,12.8103,11.3879,10.961,18.287,66.738,76.494,240.26,294.953,128,1.0743
eventfd,offered_75,16384,7,3.23144,13.2559,11.8429,11.212,50.404,66.266,76.304,240.152,273.814,128,1.07802
eventfd,offered_75,16384,8,3.2166,13.0281,11.8197,11.107,18.682,69.77,84.165,240.115,284.065,128,1.08151
eventfd,offered_75,16384,9,3.22183,11.3504,7.06888,10.979,16.185,55.576,66.012,240.175,245.507,128,1.07806
eventfd,offered_75,16384,10,3.20529,11.6378,9.25149,10.849,16.318,70.887,95.298,240.244,253.325,129,1.08722
eventfd,offered_75,16384,11,3.22502,10.5311,3.83991,10.732,15.747,18.201,22.051,240.314,243.442,128,1.07876
eventfd,offered_75,16384,12,3.22483,13.056,11.6526,11.036,50.605,64.97,68.985,240.119,280.762,128,1.07825
eventfd,offered_75,16384,13,3.23066,15.1024,24.1452,11.183,52.459,81.042,252.072,240.003,283.967,128,1.07773
eventfd,offered_75,16384,14,3.2183,14.0449,14.8694,11.16,57.482,75.433,109.224,240.154,286.542,128,1.07646
eventfd,offered_75,16384,15,3.22493,12.5636,10.7371,11.045,17.687,66.661,73.171,240.113,245.664,128,1.07605
eventfd,offered_75,65536,1,8.27016,31.3534,17.9084,29.213,58.656,72.068,82.457,223.75,283.934,36,3.92175
eventfd,offered_75,65536,2,8.30358,34.8737,19.729,32.07,67.389,77.155,84.131,223.039,318.825,36,3.8997
eventfd,offered_75,65536,3,8.25939,36.5667,18.0146,33.305,60.056,64.966,65.741,223.448,283.81,32,3.87341
eventfd,offered_75,65536,4,8.22219,32.0439,17.1389,30.626,59.255,69.351,76.225,223.621,279.286,32,3.93391
eventfd,offered_75,65536,5,8.25543,39.8605,18.1953,49.703,59.019,63.319,67.515,223.013,278.716,44,3.82028
eventfd,offered_75,65536,6,8.26453,37.5379,18.576,34.558,63.391,68.362,70.314,224.243,292.989,32,3.85939
eventfd,offered_75,65536,7,8.31606,37.5872,19.517,35.089,62.716,69.862,78.713,214.481,330.267,50,3.85644
eventfd,offered_75,65536,8,8.293,42.8733,18.206,50.614,66.728,72.542,77.326,250.236,309.458,32,3.80078
eventfd,offered_75,65536,9,8.2377,33.5385,17.781,31.186,58.197,63.212,64.982,224.271,271.811,32,3.91358
eventfd,offered_75,65536,10,8.265,40.8379,19.2351,50.48,63.205,71.3,82.348,224.261,332.707,39,3.80664
eventfd,offered_75,65536,11,8.27626,32.2732,17.8213,29.759,58.27,74.825,85.833,223.673,281.081,32,3.92147
eventfd,offered_75,65536,12,8.2732,34.7541,17.5624,31.967,58.415,62.865,66.886,224.088,283.648,32,3.88343
eventfd,offered_75,65536,13,8.32116,39.1011,18.595,44.738,62.888,68.493,74.738,224.292,324.102,33,3.82433
eventfd,offered_75,65536,14,8.18749,37.9128,19.3555,33.728,65.448,71.817,75.942,232.002,285.195,32,3.87005
eventfd,offered_75,65536,15,8.26758,40.0622,18.7768,50.616,60.265,63.671,66.627,248.813,276.888,36,3.80129
eventfd,offered_75,262144,1,12.5555,27.8087,17.7936,27.89,54.779,91.306,140.753,5.733,334.769,111,15.2897
eventfd,offered_75,262144,2,12.0758,12.5224,17.4687,4.499,49.124,77.988,124.05,5.287,288.265,353,15.838
eventfd,offered_75,262144,3,11.967,11.1099,13.8056,4.389,40.297,54.494,74.672,5.471,284.701,438,15.9663
eventfd,offered_75,262144,4,12.5116,25.2044,15.7132,26.517,51.826,73.212,82.841,6.351,320.95,103,15.4272
eventfd,offered_75,262144,5,12.618,26.0816,15.5265,27.566,51.765,70.121,96.949,5.541,322.004,137,15.2484
eventfd,offered_75,262144,6,12.5532,25.3798,21.5198,23.577,55.349,134.481,173.618,6.204,405.502,88,15.3581
eventfd,offered_75,262144,7,11.9696,11.0233,14.707,4.266,43.508,63.998,76.442,5.584,290.246,373,16.0192
eventfd,offered_75,262144,8,12.5606,24.9219,15.7993,27.247,52.429,71.106,84.581,7.079,328.654,90,15.359
eventfd,offered_75,262144,9,12.6017,27.2276,14.6338,28.248,51.602,71.063,79.898,7.456,329.345,90,15.3082
eventfd,offered_75,262144,10,12.5743,27.0809,16.2094,28.53,53.898,76.846,83.987,6.121,342.466,100,15.3427
eventfd,offered_75,262144,11,11.986,16.8647,18.2191,7.092,50.637,96.188,108.748,5.816,302.928,293,15.9
eventfd,offered_75,262144,12,12.4455,22.4837,17.2852,24.935,51.633,74.65,81.856,5.672,329.197,185,15.4443
eventfd,offered_75,262144,13,12.5751,26.6903,15.9878,27.599,53.466,77.565,101.043,6.045,333.689,116,15.3643
eventfd,offered_75,262144,14,12.3621,30.1336,52.6131,26.562,54.098,383.824,475.044,5.559,307.917,186,15.6345
eventfd,offered_75,262144,15,11.9584,17.989,18.1362,10.411,52.243,75.518,86.117,6.007,326.111,291,15.8944
eventfd,offered_75,1048576,1,8.49618,4.39439,0.939135,4.271,4.797,6.711,18.144,39.029,281.56,512,75.075
eventfd,offered_75,1048576,2,8.32307,5.03249,6.99048,4.29,5.118,17.35,119.038,40.005,287.102,505,77.1848
eventfd,offered_75,1048576,3,8.47578,4.4539,1.20745,4.261,4.847,10.146,17.985,39.542,294.172,511,74.9545
eventfd,offered_75,1048576,4,8.48699,4.42422,1.15231,4.281,4.763,6.578,17.706,39.545,293.99,512,74.8739
eventfd,offered_75,1048576,5,8.38503,5.1541,8.99733,4.277,4.939,17.94,149.908,40.427,280.837,507,76.255
eventfd,offered_75,1048576,6,8.50668,4.45649,1.30972,4.274,4.737,8.928,17.432,39.865,289.302,511,74.5248
eventfd,offered_75,1048576,7,8.42556,4.96492,5.86741,4.293,4.917,19.644,96.342,40.469,285.949,506,75.0283
eventfd,offered_75,1048576,8,8.45231,209.927,551.635,4.347,1723.82,2176.11,2253.03,38.87,300.669,434,76.9702
eventfd,offered_75,1048576,9,8.49309,4.37614,0.757443,4.284,4.748,7.047,17.768,39.104,276.266,512,74.9184
eventfd,offered_75,1048576,10,8.49761,4.44615,1.17849,4.282,4.844,8.922,17.834,39.082,288.759,512,75.232
eventfd,offered_75,1048576,11,8.35818,11.6266,48.3026,4.291,5.048,301.302,488.268,39.454,287.814,498,77.5702
eventfd,offered_75,1048576,12,8.48986,4.46218,1.5012,4.259,4.842,8.682,25.012,39.411,287.158,510,75.1309
eventfd,offered_75,1048576,13,8.4625,4.40038,0.973329,4.274,4.831,5.936,17.791,39.135,280.344,512,75.2015
eventfd,offered_75,1048576,14,8.37863,6.73557,16.8939,4.276,4.972,108.242,207.554,40.011,299.512,498,77.1707
eventfd,offered_75,1048576,15,8.51757,4.45763,1.62262,4.287,4.722,9.038,32.643,40.079,289.075,511,74.5095
eventfd,offered_90,64,1,0.0343064,3.50117,1.35074,3.472,4.207,4.627,19.517,103.178,104.183,4096,0.167359
eventfd,offered_90,64,2,0.0343034,3.52242,1.97921,3.454,4.169,4.546,49.879,103.168,104.045,4096,0.167196
eventfd,offered_90,64,3,0.0343305,3.66418,1.9341,3.594,4.539,4.861,47.783,103.194,104.162,4096,0.167603
eventfd,offered_90,64,4,0.0343346,3.56488,3.32773,3.458,4.165,4.541,72.928,103.2,103.951,4096,0.167808
eventfd,offered_90,64,5,0.0343356,3.60284,2.26896,3.516,4.323,4.767,50.837,103.205,104.045,4096,0.168125
eventfd,offered_90,64,6,0.0343415,3.49068,1.96341,3.434,4.125,4.376,49.867,103.182,103.887,4096,0.167078
eventfd,offered_90,64,7,0.0343345,3.52511,2.2866,3.453,4.158,4.409,56.491,103.202,103.91,4095,0.167749
eventfd,offered_90,64,8,0.0343271,3.60374,4.01821,3.486,4.23,4.728,51.963,103.189,104.102,4095,0.167525
eventfd,offered_90,64,9,0.0343344,3.51402,1.84296,3.461,4.164,4.407,36.258,103.18,103.974,4096,0.167538
eventfd,offered_90,64,10,0.0343418,3.6139,1.83373,3.547,4.466,4.867,50.707,103.186,104.509,4096,0.167506
eventfd,offered_90,64,11,0.034332,3.5883,2.14543,3.509,4.309,4.739,52.354,103.184,104.142,4096,0.167501
eventfd,offered_90,64,12,0.034022,4.82827,45.196,3.644,4.612,5.11,68.088,103.187,104.423,4094,0.167968
eventfd,offered_90,64,13,0.034333,3.68255,2.29246,3.595,4.521,4.855,50.885,103.187,104.002,4096,0.16776
eventfd,offered_90,64,14,0.0343382,3.52909,1.99417,3.46,4.167,4.482,50.19,103.183,103.953,4096,0.167461
eventfd,offered_90,64,15,0.0343301,3.68641,2.35274,3.592,4.537,4.858,50.955,103.175,104.043,4096,0.167414
eventfd,offered_90,256,1,0.136355,5.31632,29.7586,4.322,5.183,6.853,135.001,102.013,105.567,1022,0.192154
eventfd,offered_90,256,2,0.137358,4.17317,0.684291,4.275,4.957,5.244,11.229,102.019,103.126,1024,0.191871
eventfd,offered_90,256,3,0.137346,4.184,0.717084,4.29,4.977,5.269,11.093,101.99,103.439,1024,0.192303
eventfd,offered_90,256,4,0.137319,4.18166,1.09994,4.262,4.957,5.25,13.596,102.018,103.163,1024,0.191837
eventfd,offered_90,256,5,0.13729,4.22574,0.683657,4.32,5.096,5.431,10.04,102.009,102.903,1024,0.191729
eventfd,offered_90,256,6,0.137391,4.38947,0.679929,4.47,5.343,5.631,6.602,102.016,103.466,1024,0.191199
eventfd,offered_90,256,7,0.137213,4.2084,1.08808,4.284,4.974,5.279,23.516,102,102.832,1024,0.191758
eventfd,offered_90,256,8,0.1374,4.29058,1.07937,4.346,5.167,5.566,19.982,102.015,102.899,1024,0.191798
eventfd,offered_90,256,9,0.13726,4.2416,0.684048,4.337,5.13,5.508,8.302,101.988,103.08,1024,0.191728
eventfd,offered_90,256,10,0.137368,4.17958,0.66246,4.286,4.986,5.298,8.401,102.011,102.876,1024,0.192056
eventfd,offered_90,256,11,0.137313,4.45008,0.693486,4.538,5.372,5.678,8.494,102.009,103.558,1024,0.191381
eventfd,offered_90,256,12,0.137386,4.18385,0.649135,4.293,4.992,5.305,8.305,101.987,103.054,1024,0.192129
eventfd,offered_90,256,13,0.13738,4.24825,0.833639,4.323,5.114,5.617,14.148,101.998,103.475,1024,0.191866
eventfd,offered_90,256,14,0.137379,4.30256,0.687646,4.394,5.245,5.576,7.752,102.011,103.144,1024,0.191527
eventfd,offered_90,256,15,0.137401,4.48054,1.45977,4.536,5.38,5.642,13.372,101.976,103.173,1024,0.19123
eventfd,offered_90,1024,1,0.549635,5.90883,1.21561,6.374,7.013,7.526,14.557,99.069,100.604,256,0.264023
eventfd,offered_90,1024,2,0.550046,5.85171,1.18719,6.359,6.861,7.374,13.198,99.077,100.907,256,0.263305
eventfd,offered_90,1024,3,0.549725,5.82398,1.19685,6.336,6.834,7.201,14.299,99.109,101.636,256,0.26323
eventfd,offered_90,1024,4,0.547674,5.88094,1.23526,6.345,6.855,8.872,12.87,99.126,100.409,256,0.263471
eventfd,offered_90,1024,5,0.547679,6.00345,1.15856,6.456,7.11,7.535,11.204,99.178,101.819,256,0.262621
eventfd,offered_90,1024,6,0.548895,5.87271,1.15201,6.353,6.967,7.204,12.019,99.175,101.026,256,0.263375
eventfd,offered_90,1024,7,0.550761,6.05429,1.15499,6.516,7.111,7.381,12.25,99.168,100.432,256,0.262033
eventfd,offered_90,1024,8,0.5498,5.85612,1.22171,6.347,6.884,7.8,12.8,99.115,102.406,256,0.263352
eventfd,offered_90,1024,9,0.550943,5.85618,1.20334,6.347,6.855,7.646,14.486,99.093,100.987,256,0.26356
eventfd,offered_90,1024,10,0.549122,6.1052,1.16068,6.586,7.165,7.392,12.7,99.116,101.668,256,0.262494
eventfd,offered_90,1024,11,0.547739,5.86185,1.19604,6.335,6.862,8.475,11.948,99.164,101.059,256,0.263683
eventfd,offered_90,1024,12,0.547004,5.83571,1.17418,6.338,6.823,7.195,13.196,99.157,101.723,256,0.26371
eventfd,offered_90,1024,13,0.551541,6.03354,1.13993,6.49,7.142,7.447,9.982,99.183,100.634,257,0.262941
eventfd,offered_90,1024,14,0.548829,5.81301,1.15203,6.296,6.822,7.116,11.743,99.173,101.409,256,0.26302
eventfd,offered_90,1024,15,0.548546,5.8131,1.16399,6.315,6.82,7.103,12.602,99.129,101.189,256,0.26371
eventfd,offered_90,4096,1,1.95286,3.7924,0.654173,3.704,4.633,5.404,12.984,100.929,105.446,512,0.416
eventfd,offered_90,4096,2,1.95551,3.84418,0.599231,3.757,4.719,5.364,11.471,100.989,104.767,513,0.415158
eventfd,offered_90,4096,3,1.95518,3.79082,0.7891,3.693,4.601,5.255,17.884,100.92,104.161,513,0.415485
eventfd,offered_90,4096,4,1.95364,3.73963,0.475398,3.675,4.532,5.228,6.574,100.95,103.98,512,0.415858
eventfd,offered_90,4096,5,1.95442,3.92672,1.23583,3.762,4.851,6.467,21.163,100.992,105.113,512,0.415668
eventfd,offered_90,4096,6,1.95489,3.85752,1.08125,3.727,4.756,5.524,25.23,100.963,105.578,512,0.416186
eventfd,offered_90,4096,7,1.95336,3.77246,0.473835,3.698,4.6,5.249,5.945,100.91,104.128,513,0.41547
eventfd,offered_90,4096,8,1.95162,3.76559,0.603687,3.68,4.564,5.377,11.667,100.898,105.186,512,0.415969
eventfd,offered_90,4096,9,1.95285,3.86365,0.53741,3.786,4.785,5.446,7.307,100.962,104.756,512,0.415662
eventfd,offered_90,4096,10,1.95297,3.75361,0.469819,3.682,4.549,5.306,6.77,100.958,104.285,512,0.415422
eventfd,offered_90,4096,11,1.95343,3.74287,0.468432,3.677,4.516,5.22,6.814,100.935,104.422,512,0.41513
eventfd,offered_90,4096,12,1.9551,3.78706,0.568505,3.699,4.637,5.324,10.422,100.963,104.55,512,0.415685
eventfd,offered_90,4096,13,1.95237,3.88478,0.546535,3.851,4.769,5.374,6.504,100.948,104.601,512,0.416452
eventfd,offered_90,4096,14,1.95424,3.81612,0.639766,3.719,4.688,5.605,11.641,100.947,104.402,512,0.415627
eventfd,offered_90,4096,15,1.95382,3.75087,0.493443,3.679,4.54,5.286,7.452,100.952,104.713,512,0.41459
eventfd,offered_90,16384,1,6.34477,10.3389,4.01416,10.619,15.54,17.211,24.777,89.369,91.644,128,1.07219
eventfd,offered_90,16384,2,6.34159,10.4321,3.963,10.741,15.612,16.786,22.523,89.373,90.73,128,1.06588
eventfd,offered_90,16384,3,6.32188,10.3345,3.92593,10.642,15.492,16.379,19.045,89.4,95.377,128,1.06705
eventfd,offered_90,16384,4,6.33003,10.3243,3.93552,10.616,15.555,16.405,18.948,89.403,95.561,128,1.06724
eventfd,offered_90,16384,5,6.31849,10.3318,3.94919,10.641,15.562,16.592,18.049,89.369,94.827,128,1.06876
eventfd,offered_90,16384,6,6.35023,10.2616,3.91487,10.58,15.418,16.312,19.614,89.366,90.663,128,1.06628
eventfd,offered_90,16384,7,6.3128,10.2753,3.91619,10.565,15.437,16.362,17.663,89.393,99.489,128,1.06865
eventfd,offered_90,16384,8,6.34357,10.4682,4.53311,10.646,15.571,16.889,37.879,89.405,101.657,128,1.06764
eventfd,offered_90,16384,9,6.33192,10.3306,3.93854,10.63,15.56,16.594,18.95,89.417,92.3,128,1.06925
eventfd,offered_90,16384,10,6.32431,10.2587,3.92019,10.554,15.446,16.31,18.629,89.387,92.774,128,1.06897
eventfd,offered_90,16384,11,6.34353,10.333,3.93452,10.643,15.478,16.658,20.01,89.362,92.15,128,1.06739
eventfd,offered_90,16384,12,6.34267,10.5498,3.96255,10.882,15.763,16.887,19.715,89.39,90.631,128,1.06734
eventfd,offered_90,16384,13,6.33936,10.3246,3.90158,10.644,15.488,16.675,18.283,89.434,92.458,128,1.06593
eventfd,offered_90,16384,14,6.32735,10.379,3.93523,10.716,15.597,16.41,17.422,89.354,92.824,128,1.06576
eventfd,offered_90,16384,15,6.36465,10.3563,3.95559,10.658,15.548,16.699,20.45,89.29,90.997,128,1.07085
eventfd,offered_90,65536,1,11.9222,20.0618,9.27714,21.107,32.403,34.261,35.771,74.068,104.068,39,4.01227
eventfd,offered_90,65536,2,11.814,20.1813,9.25754,21.204,32.386,35.396,37.294,74.456,161.5,41,4.01687
eventfd,offered_90,65536,3,11.8812,21.8497,9.73201,22.951,34.096,46.262,54.111,74.405,163.852,32,4.01477
eventfd,offered_90,65536,4,11.833,20.3277,9.06559,21.196,32.227,36.442,40.16,74.773,153.709,32,4.01892
eventfd,offered_90,65536,5,11.9289,21.8971,11.0933,22.175,40.642,52.546,63.411,74.413,99.945,37,4.03114
eventfd,offered_90,65536,6,11.9846,21.2454,10.0237,21.581,34.821,48.439,55.111,74.518,91.843,32,4.02406
eventfd,offered_90,65536,7,11.8339,21.3447,9.99608,21.991,33.941,49.866,68.189,74.422,112.107,32,4.03011
eventfd,offered_90,65536,8,11.8691,23.7941,15.1425,22.47,43.699,94.885,110.89,74.79,186.356,32,3.99391
eventfd,offered_90,65536,9,11.8776,22.2448,11.7198,22.232,43.038,58.939,65.586,74.283,120.171,41,4.04397
eventfd,offered_90,65536,10,11.8466,20.5754,8.92102,21.497,32.42,34.976,37.09,74.821,121.538,32,4.01121
eventfd,offered_90,65536,11,11.8707,20.1794,9.29008,20.975,32.515,36.071,39.68,74.593,81.285,40,4.01708
eventfd,offered_90,65536,12,11.8257,24.6953,14.5588,24.112,56.757,59.819,60.435,74.293,123.567,45,3.97889
eventfd,offered_90,65536,13,11.7327,20.2939,8.98225,21.256,32.047,33.033,42.108,74.702,145.836,32,4.06425
eventfd,offered_90,65536,14,11.7852,21.2726,10.1208,22.165,32.728,37.58,86.815,74.854,84.737,32,4.09945
eventfd,offered_90,65536,15,11.912,24.9198,14.6873,23.633,57.823,65.599,74.819,75.29,137.541,32,4.00064
eventfd,offered_90,262144,1,13.3893,6.27121,8.96271,3.889,24.828,49.872,57.15,5.431,110.527,433,16.1343
eventfd,offered_90,262144,2,14.1051,11.7495,11.1225,7.252,32.609,49.3,54.696,5.809,160.518,193,15.5935
eventfd,offered_90,262144,3,13.9194,9.69246,12.0279,4.638,35.969,50.572,68.53,5.304,145.364,270,15.6679
eventfd,offered_90,262144,4,14.142,11.5202,11.6719,7.541,36.725,51.3,73.033,5.809,146.291,192,15.5287
eventfd,offered_90,262144,5,14.2146,17.1799,13.9323,13.912,41.588,52.63,54.878,6.026,139.997,163,15.4566
eventfd,offered_90,262144,6,13.7421,4.67212,4.29742,3.903,11.802,16.755,54.352,5.472,107.563,332,15.8665
eventfd,offered_90,262144,7,13.7099,10.2211,31.4315,4.404,21.689,219.796,305.85,5.32,107.095,314,15.9193
eventfd,offered_90,262144,8,14.0626,12.8014,12.4958,7.681,37.884,51.977,81.007,6.032,151.794,154,15.5866
eventfd,offered_90,262144,9,13.9297,8.93983,11.7009,4.29,31.071,54.796,89.834,5.338,111.411,301,15.7093
eventfd,offered_90,262144,10,13.2672,10.4817,12.8669,4.359,37.217,56.626,67.922,5.365,114.17,511,16.169
eventfd,offered_90,262144,11,14.0585,11.3225,11.4852,6.385,34.563,51.188,56.681,5.508,139.621,223,15.592
eventfd,offered_90,262144,12,14.0231,18.3349,15.6831,14.594,48.739,63.695,86.174,5.881,158.058,167,15.5345
eventfd,offered_90,262144,13,14.1529,17.4697,13.7829,16.044,41.416,52.313,58.357,5.536,149.921,175,15.5165
eventfd,offered_90,262144,14,13.9481,9.59931,11.9157,4.681,36.856,50.991,54.222,5.784,128.64,273,15.6358
eventfd,offered_90,262144,15,13.9995,9.55519,11.0992,4.797,33.328,47.781,51.672,5.409,126.431,271,15.6848
eventfd,offered_90,1048576,1,8.74524,4.38236,0.351423,4.333,4.794,5.403,9.222,40.833,140.56,512,72.6038
eventfd,offered_90,1048576,2,8.64218,6.40897,16.5351,4.326,4.842,85.167,241.596,39.977,139.583,502,75.0515
eventfd,offered_90,1048576,3,8.62046,12.89,57.4332,4.317,4.884,381.192,541.379,40.334,139.085,497,75.7248
eventfd,offered_90,1048576,4,8.74455,4.34716,0.234682,4.307,4.753,5.034,5.969,40.194,130.935,512,73.3263
eventfd,offered_90,1048576,5,8.66126,21.1061,94.0948,4.327,6.098,608.03,869.387,40.465,139.552,490,75.7576
eventfd,offered_90,1048576,6,8.70123,4.84414,6.51444,4.325,4.858,6.531,120.754,40.052,138.161,510,73.9829
eventfd,offered_90,1048576,7,8.71315,4.36046,0.252875,4.333,4.787,5.053,6.609,40.016,139.105,512,73.655
eventfd,offered_90,1048576,8,8.58918,13.5276,60.0634,4.337,5.142,366.711,568.421,40.591,140.772,496,76.0509
eventfd,offered_90,1048576,9,8.6871,4.37349,0.37852,4.313,4.83,5.289,10.663,39.733,137.642,512,73.9746
eventfd,offered_90,1048576,10,8.72534,4.39002,0.495036,4.332,4.739,5.339,12.791,40.434,140.57,512,73.0891
eventfd,offered_90,1048576,11,8.65693,8.32309,27.1042,4.35,5.122,177.162,303.508,40.394,138.116,497,74.8487
eventfd,offered_90,1048576,12,8.7002,4.39184,0.323652,4.335,4.837,5.846,7.411,40.394,139.27,512,73.4004
eventfd,offered_90,1048576,13,8.70235,13.4823,60.8234,4.348,5.528,381.691,597.783,40.838,141.827,495,74.0146
eventfd,offered_90,1048576,14,8.60197,16.5185,75.6694,4.329,5.08,454.037,711.533,40.636,141.704,493,75.7149
eventfd,offered_90,1048576,15,8.7392,4.36765,0.276694,4.316,4.769,5.19,7.455,40.686,139.479,512,72.5884
eventfd,saturated,64,1,0.354807,0.760025,1.79475,0.533,1.302,6.256,9.48,0.244,1.486,976,0.167414
eventfd,saturated,64,2,0.333693,0.901375,1.01215,0.581,3.582,5.256,6.185,0.702,1.306,433,0.178626
eventfd,saturated,64,3,0.335017,0.858202,1.35511,0.459,3.276,7.387,8.453,0.706,1.427,528,0.177919
eventfd,saturated,64,4,0.333714,1.52603,2.4592,0.58,8.604,10.469,10.874,0.7,1.316,518,0.178569
eventfd,saturated,64,5,0.332762,0.876348,1.04334,0.581,2.377,5.103,7.809,0.728,1.357,311,0.179127
eventfd,saturated,64,6,0.332737,2.80424,3.47388,1.082,10.446,10.694,11.827,0.708,1.248,220,0.17914
eventfd,saturated,64,7,0.333713,1.43704,2.20853,0.595,5.599,11.179,12.231,0.705,1.289,527,0.178574
eventfd,saturated,64,8,0.331609,2.09232,2.88221,0.968,10.779,11.014,12.285,0.728,1.41,166,0.179697
eventfd,saturated,64,9,0.333689,1.76322,2.43097,0.957,7.211,10.833,11.068,0.71,1.481,326,0.178364
eventfd,saturated,64,10,0.336035,0.783567,0.932888,0.558,2.537,5.095,8.877,0.7,1.254,575,0.177382
eventfd,saturated,64,11,0.331589,0.633336,0.513515,0.569,1.272,3.58,3.656,0.731,1.449,288,0.17976
eventfd,saturated,64,12,0.334004,1.50883,2.58055,0.594,7.09,11.186,12.183,0.656,1.342,478,0.178381
eventfd,saturated,64,13,0.336793,0.527549,0.362272,0.41,1.203,2.011,3.167,0.709,1.47,671,0.176983
eventfd,saturated,64,14,0.330719,1.51425,2.55884,0.57,7.933,10.623,10.705,0.754,1.289,258,0.180198
eventfd,saturated,64,15,0.334622,1.28941,1.86119,0.565,5.2,9.866,9.936,0.691,1.329,428,0.17809
eventfd,saturated,256,1,1.19027,12.4168,0.739712,12.544,13.073,14.412,15.7,0.917,0.917,2,0.200334
eventfd,saturated,256,2,1.17581,12.4616,1.04571,12.657,13.15,13.999,15.391,0.939,1.038,3,0.202793
eventfd,saturated,256,3,1.17869,12.5084,0.999942,12.553,13.1,14.604,16.053,0.915,0.915,2,0.202042
eventfd,saturated,256,4,1.17754,12.601,0.674655,12.685,13.163,14.051,15.937,8.308,8.308,1,0.202493
eventfd,saturated,256,5,1.1883,12.4353,0.916879,12.513,13.04,14.757,20.708,0.744,0.744,1,0.200518
eventfd,saturated,256,6,1.17366,12.4727,0.89489,12.637,13.122,13.964,15.518,0.848,0.848,2,0.203166
eventfd,saturated,256,7,1.18213,12.4754,0.638799,12.543,13.016,14.149,15.465,0.733,0.733,2,0.201707
eventfd,saturated,256,8,1.18657,12.4691,0.831663,12.593,13.164,14.119,15.622,0,0,0,0.200955
eventfd,saturated,256,9,1.17236,12.6333,0.616633,12.681,13.152,14.1,16.312,0.904,0.904,2,0.203388
eventfd,saturated,256,10,1.18208,12.525,0.75608,12.623,13.129,14.254,15.862,0.826,0.826,1,0.201716
eventfd,saturated,256,11,1.17608,12.648,0.617873,12.687,13.158,14.107,15.699,1.106,2.92,3,0.202745
eventfd,saturated,256,12,1.18059,12.344,1.11936,12.581,13.118,13.592,15.792,0.799,0.799,2,0.201968
eventfd,saturated,256,13,1.17776,12.637,0.578661,12.668,13.158,14.177,15.573,0.764,0.764,1,0.202453
eventfd,saturated,256,14,1.17698,12.5413,0.751565,12.655,13.181,14.018,16.082,0.734,0.734,1,0.202593
eventfd,saturated,256,15,1.16648,12.6471,0.543555,12.668,13.115,14.053,18.821,38.971,38.971,1,0.203931
eventfd,saturated,1024,1,4.41337,12.9156,3.37525,12.739,13.469,16.639,66.647,135.63,135.63,1,0.20889
eventfd,saturated,1024,2,4.46987,12.8005,0.825816,12.663,14.036,16.186,20.689,101.686,101.686,1,0.20793
eventfd,saturated,1024,3,4.40974,12.9622,3.3408,12.658,13.619,16.618,67.36,171.17,171.17,1,0.206869
eventfd,saturated,1024,4,4.3988,12.9692,3.953,12.61,13.537,16.45,77.252,193.23,193.23,1,0.20607
eventfd,saturated,1024,5,4.47083,12.8728,3.78854,12.528,13.454,15.923,74.642,152.433,152.433,1,0.204995
eventfd,saturated,1024,6,4.58107,12.7445,0.851309,12.662,13.574,16.015,24.118,20.024,20.024,1,0.207609
eventfd,saturated,1024,7,4.39736,12.8718,2.86654,12.609,13.439,19.806,58.021,193.236,193.236,1,0.206039
eventfd,saturated,1024,8,4.57651,12.777,1.14491,12.723,13.335,14.976,31.552,51.347,51.347,1,0.20603
eventfd,saturated,1024,9,4.51792,12.7675,0.631442,12.703,13.424,16.278,17.439,83.219,83.219,1,0.206712
eventfd,saturated,1024,10,4.4843,12.8997,3.48933,12.579,13.831,16.624,69.981,136.029,136.029,1,0.20544
eventfd,saturated,1024,11,4.61843,12.6533,1.44878,12.455,13.457,18.329,32.041,51.392,51.392,1,0.2035
eventfd,saturated,1024,12,4.44276,12.923,2.69073,12.654,14.018,16.738,56.365,148.842,148.842,1,0.206466
eventfd,saturated,1024,13,4.40309,13.2521,4.25658,12.973,13.683,16.584,83.242,111.8,111.8,1,0.210857
eventfd,saturated,1024,14,4.68086,12.5656,0.655614,12.485,13.178,15.689,18.839,15.029,15.029,1,0.203455
eventfd,saturated,1024,15,4.39467,13.0227,0.617748,13,13.717,15.851,17.246,98.88,98.88,1,0.211516
eventfd,saturated,4096,1,10.5849,13.0272,6.00355,11.542,21.999,26.865,56.732,150.034,150.034,1,0.356371
eventfd,saturated,4096,2,10.6812,11.6443,3.26411,11.59,16.372,17.433,23.333,89.588,89.588,1,0.354755
eventfd,saturated,4096,3,10.7667,18.3686,2.5147,17.877,21.972,22.539,37.762,35.881,35.881,1,0.353239
eventfd,saturated,4096,4,10.6892,15.1047,3.66983,13.42,22.038,26.887,28.939,146.361,146.361,1,0.352747
eventfd,saturated,4096,5,10.4564,15.4558,6.12022,15.112,22.159,31.371,48.972,120.003,120.003,1,0.361461
eventfd,saturated,4096,6,10.1019,21.8226,9.18164,21.74,30.258,51.156,128.009,14.802,14.802,1,0.377481
eventfd,saturated,4096,7,9.98675,21.4789,9.52022,20.945,30.231,50.319,165.793,145.443,145.443,1,0.377861
eventfd,saturated,4096,8,9.84989,22.0783,10.1999,21.244,30.504,57.84,142.934,150.829,150.829,1,0.382993
eventfd,saturated,4096,9,10.0269,22.1149,7.73825,21.759,30.394,44.961,99.899,192.85,192.85,1,0.374513
eventfd,saturated,4096,10,10.1293,20.881,9.28985,21.522,29.316,60.625,168.296,134.352,134.352,1,0.37304
eventfd,saturated,4096,11,9.89596,18.252,18.5093,19.512,29.213,41.564,336.606,144.991,144.991,2,0.381642
eventfd,saturated,4096,12,10.2281,22.3693,5.59043,21.632,29.054,48.542,102.044,169.945,169.945,1,0.368301
eventfd,saturated,4096,13,10.2499,21.79,8.10371,20.807,26.918,54.812,139.359,50.791,50.791,1,0.371017
eventfd,saturated,4096,14,10.3606,22.0825,4.90079,21.528,28.396,39.985,87.336,121.666,121.666,1,0.365033
eventfd,saturated,4096,15,10.3442,21.5314,7.28678,21.112,26.509,34.952,127.814,70.044,70.044,1,0.366985
eventfd,saturated,16384,1,15.3901,48.5346,11.9992,46.163,64.499,82.61,174.879,124.16,124.16,1,0.977334
eventfd,saturated,16384,2,15.666,48.8465,11.6093,46.638,60.255,120.239,149.925,17.879,17.879,1,0.972966
eventfd,saturated,16384,3,15.4099,49.6699,16.707,46.784,62.753,100.919,221.129,32.248,32.248,1,0.987561
eventfd,saturated,16384,4,15.346,49.6106,13.9624,47.509,65.079,135.937,141.574,77.899,77.899,2,0.986114
eventfd,saturated,16384,5,15.4489,48.6613,12.6703,46.354,60.522,131.679,147.374,105.056,105.056,1,0.97675
eventfd,saturated,16384,6,15.3179,49.6982,16.8525,46.465,64.713,103.75,245.373,159.066,159.066,1,0.9788
eventfd,saturated,16384,7,15.256,50.1094,18.493,46.365,64.762,141.191,245.306,146.924,146.924,1,0.984236
eventfd,saturated,16384,8,15.3306,49.8127,14.9052,46.413,64.993,133.061,151.457,87.088,87.088,1,0.986124
eventfd,saturated,16384,9,15.4268,49.3456,11.458,46.626,62.354,108.569,142.976,149.457,149.457,1,0.973439
eventfd,saturated,16384,10,15.5476,48.152,7.89235,46.214,61.226,79.705,106.104,125.596,125.596,1,0.967323
eventfd,saturated,16384,11,15.41,49.4147,12.1722,46.418,66.776,91.857,158.929,77.143,77.143,1,0.982209
eventfd,saturated,16384,12,15.0615,50.654,17.2204,46.82,61.392,141.801,227.703,153.309,153.309,1,0.995725
eventfd,saturated,16384,13,15.6704,48.0379,12.3928,46.156,60.351,119.712,146.033,13.461,13.461,1,0.973016
eventfd,saturated,16384,14,15.6633,49.2419,11.5311,46.693,61.312,113.839,143.473,31.649,31.649,1,0.97168
eventfd,saturated,16384,15,15.4346,48.7087,11.6533,46.352,64.802,87.215,150.103,151.14,151.14,1,0.972161
eventfd,saturated,65536,1,16.4118,57.3926,24.1463,52.745,107.312,153.135,164.93,1.696,42.02,10,3.69893
eventfd,saturated,65536,2,16.4943,58.4159,20.2624,52.934,103.837,145.887,160.241,69.684,69.684,1,3.66652
eventfd,saturated,65536,3,16.4331,56.8845,17.1621,52.915,84.741,140.221,151.785,63.398,63.398,1,3.68939
eventfd,saturated,65536,4,16.4678,59.9669,25.6507,53.065,103.116,201.392,237.819,82.728,82.728,1,3.6717
eventfd,saturated,65536,5,16.2007,58.1203,26.1856,52.033,100.98,204.31,241.665,133.12,133.12,1,3.70681
eventfd,saturated,65536,6,16.5159,60.4759,26.0793,53.118,91.549,206.815,222.455,118.571,118.571,1,3.6402
eventfd,saturated,65536,7,16.4032,55.825,18.012,52.295,78.608,136.239,188.286,46.052,46.052,1,3.70283
eventfd,saturated,65536,8,16.2211,53.9752,12.8487,52.069,72.791,116.597,135.788,151.949,151.949,1,3.69282
eventfd,saturated,65536,9,16.5117,58.6301,25.0944,51.997,121.295,167.608,210.426,40.463,40.463,1,3.68025
eventfd,saturated,65536,10,16.4236,58.1447,20.1062,52.31,103.373,151.749,166.612,116.983,116.983,1,3.65799
eventfd,saturated,65536,11,16.4501,54.2088,10.9457,52.242,70.331,123.808,141.642,54.949,54.949,1,3.68788
eventfd,saturated,65536,12,16.3852,55.0323,7.58084,52.515,72.456,78.712,84.904,111.428,111.428,1,3.6742
eventfd,saturated,65536,13,16.2776,55.7338,11.1317,52.978,75.117,113.961,132.524,186.732,186.732,1,3.66794
eventfd,saturated,65536,14,16.1058,58.9195,21.1468,52.488,90.984,153.675,207.469,140.93,140.93,1,3.73005
eventfd,saturated,65536,15,16.4648,57.3237,22.3957,52.517,101.196,149.478,191.711,17.957,17.957,1,3.70291
eventfd,saturated,262144,1,16.1314,33.6174,23.3998,29.293,73.159,132.755,170.713,5.495,145.916,45,15.0241
eventfd,saturated,262144,2,16.0866,29.7667,27.1947,24.023,74.522,149.374,178.409,3.014,9.413,103,15.0807
eventfd,saturated,262144,3,16.0856,30.9303,30.0286,23.467,87.822,166.467,186.799,5.152,88.742,85,15.0556
eventfd,saturated,262144,4,15.1383,58.0922,113.27,20.18,287.801,652.578,771.271,5.069,15.703,232,15.7576
eventfd,saturated,262144,5,15.8521,23.3475,25.6057,13.233,68.143,126.06,148.39,5.413,38.101,66,15.3174
eventfd,saturated,262144,6,15.8737,23.7396,20.9439,22.104,57.972,110.093,134.416,4.869,85.861,100,15.2594
eventfd,saturated,262144,7,16.0238,30.7189,33.3851,23.551,113.635,170.097,176.047,4.598,9.861,102,15.0908
eventfd,saturated,262144,8,16.1933,42.7042,40.3933,30.492,125.224,248.131,264.045,5.313,219.976,32,14.9401
eventfd,saturated,262144,9,14.8731,28.057,40.3759,5.929,124.043,179.773,197.971,5.083,14.966,335,15.9777
eventfd,saturated,262144,10,15.9737,27.1725,27.1034,22.459,80.507,145.006,159.732,5.461,95.639,75,15.1296
eventfd,saturated,262144,11,16.0467,29.4296,30.1157,23.046,90.374,176.718,188.19,5.217,120.874,84,15.0774
eventfd,saturated,262144,12,16.2821,39.6334,31.1922,31.422,97.88,181.483,217.01,5.824,166.28,30,14.8775
eventfd,saturated,262144,13,15.9129,28.1544,30.6633,20.803,94.167,162.084,176.606,4.94,13.385,102,15.2291
eventfd,saturated,262144,14,14.9822,59.199,123.921,14.58,305.361,698.949,814.964,4.947,17.035,227,15.9555
eventfd,saturated,262144,15,15.9623,26.3691,32.1618,15.773,93.579,165.977,189.104,4.693,11.273,107,15.1895
eventfd,saturated,1048576,1,8.80418,20.6268,77.997,4.35,74.976,452.04,731.116,41.048,67.071,461,76.8869
eventfd,saturated,1048576,2,8.92752,8.56892,21.2857,4.358,11.875,144.346,175.149,40.817,53.779,483,74.1962
eventfd,saturated,1048576,3,8.96323,10.7704,23.3713,4.349,57.515,131.991,158.252,40.659,56.494,466,74.9441
eventfd,saturated,1048576,4,8.89462,10.066,23.8838,4.346,47.321,151.864,162.08,40.04,62.292,472,76.0584
eventfd,saturated,1048576,5,8.87256,9.69783,22.89,4.337,38.229,135.622,180.504,39.527,57.357,473,76.9098
eventfd,saturated,1048576,6,8.91531,13.6195,31.5141,4.334,95.905,146.184,208.482,39.681,57.09,461,76.8631
eventfd,saturated,1048576,7,8.32613,46.7024,141.564,4.403,299.182,805.015,940.192,40.476,58.442,423,86.8923
eventfd,saturated,1048576,8,8.06685,63.941,140.77,4.555,420.378,724.607,833.841,40.963,63.799,365,94.3742
eventfd,saturated,1048576,9,8.79774,26.6577,85.5281,4.41,176.406,537.521,697.976,40.053,72.112,451,79.1653
eventfd,saturated,1048576,10,8.79432,25.419,72.9489,4.398,163.521,400.008,603.801,39.918,55.25,440,79.9095
eventfd,saturated,1048576,11,8.65997,28.9706,75.5084,4.409,193.934,415.92,516.765,40.497,56.273,421,82.8033
eventfd,saturated,1048576,12,8.92596,11.3177,25.7371,4.366,63.757,147.07,162.21,40.066,58.827,466,76.4893
eventfd,saturated,1048576,13,8.90715,8.47976,21.4303,4.335,16.14,146.945,203.013,39.438,54.816,482,76.2605
eventfd,saturated,1048576,14,8.78253,9.36992,21.1061,4.381,34.605,118.294,187.926,39.995,59.797,469,77.998
eventfd,saturated,1048576,15,8.92371,8.41349,16.7054,4.32,29.274,92.387,154.952,38.714,54.704,476,76.6017
futex,bursty,64,1,0.00351296,115.071,37.3888,125.564,142.656,152.046,185.657,1087.79,1181.95,4100,0.509212
futex,bursty,64,2,0.00351073,115.439,50.7514,125.373,143.021,154.671,628.926,1087.96,1193.77,4102,0.514798
futex,bursty,64,3,0.00343791,116.97,34.5383,126.779,143.25,156.561,204.017,1090.7,1305.93,4114,0.581216
futex,bursty,64,4,0.00349494,116.199,29.1773,126.217,143.447,152.837,176.872,1088.31,1251.3,4097,0.532824
futex,bursty,64,5,0.00351109,113.778,51.8813,125.568,143.218,153.721,220.645,1087.05,1177.22,4144,0.524442
futex,bursty,64,6,0.00350858,110.673,47.7903,124.901,143.548,153.764,486.664,1086.6,1191.32,4202,0.524998
futex,bursty,64,7,0.00351064,115.822,32.3001,126.081,143.163,152.962,190.964,1087.96,1194.48,4101,0.521039
futex,bursty,64,8,0.00344522,116.359,30.2732,126.042,142.986,156.571,230.354,1090.05,1309.43,4101,0.572712
futex,bursty,64,9,0.00350524,115.197,34.3858,126.021,143.245,153.741,220.357,1087.49,1225.33,4166,0.528818
futex,bursty,64,10,0.00349167,118.169,57.6785,126.252,143.504,155.599,466.064,1088.17,1253.76,4097,0.532289
futex,bursty,64,11,0.00336241,115.521,37.6438,125.295,141.942,161.919,249.176,1100.43,1318.7,4099,0.651473
futex,bursty,64,12,0.00351242,116.304,33.0179,126.383,143.036,150.568,181.516,1087.28,1174.63,4109,0.521491
futex,bursty,64,13,0.00350649,116.937,67.3387,126.049,143.524,154.725,1457.21,1087.27,1208.72,4116,0.518185
futex,bursty,64,14,0.0035123,115.878,49.9222,126.408,143.511,153.472,421.501,1087.25,1193.36,4110,0.513977
futex,bursty,64,15,0.00351191,115.571,44.8959,126.474,143.549,154.18,406.219,1087.26,1197.28,4105,0.518591
futex,bursty,256,1,0.014044,116.116,29.8343,126.383,143.566,151.179,198.886,1088.15,1167.92,1024,0.541323
futex,bursty,256,2,0.0140364,116.564,57.016,126.157,143.529,152.013,184.513,1087.83,1189.17,1023,0.549378
futex,bursty,256,3,0.0140266,116.107,28.7325,126.593,143.856,150.504,164.571,1087.54,1165.82,1024,0.545136
futex,bursty,256,4,0.0140289,116.47,28.4815,126.602,144.8,155.222,163.959,1088.45,1169.68,1023,0.55116
futex,bursty,256,5,0.0140222,116.669,28.942,127.27,144.221,151.724,165.878,1088.58,1167.32,1024,0.547297
futex,bursty,256,6,0.0140233,117.066,40.6379,126.715,144.498,155.355,212.028,1088.14,1195.2,1024,0.547226
futex,bursty,256,7,0.0140271,116.74,34.9543,126.508,143.873,154.732,189.428,1088.51,1164.47,1024,0.553044
futex,bursty,256,8,0.0140285,116.492,28.6023,126.625,143.927,152.484,195.5,1087.88,1173.31,1023,0.542935
futex,bursty,256,9,0.0140371,115.951,29.2295,126.45,144.35,153.501,196.254,1087.21,1166.21,1024,0.546979
futex,bursty,256,10,0.0140263,118.203,48.5738,126.867,144,154.532,970.714,1088.4,1166.52,1024,0.546605
futex,bursty,256,11,0.0140075,118.875,70.4472,126.017,144.215,155.543,1515,1088.18,1195.83,1022,0.549386
futex,bursty,256,12,0.0131875,113.077,31.2869,124.353,139.962,164.932,243.822,1140.61,1328,1024,0.711324
futex,bursty,256,13,0.014032,115.407,29.8481,126.006,144.146,152.52,175.518,1088.13,1167.51,1024,0.545763
futex,bursty,256,14,0.0140412,116.535,30.7037,127.29,144.584,155.901,235.399,1088.08,1176.32,1024,0.552604
futex,bursty,256,15,0.0140334,115.651,29.7309,125.918,143.47,152.736,237.575,1087.81,1185,1024,0.547346
futex,bursty,1024,1,0.0559552,115.322,28.5122,122.908,143.039,151.372,257.285,1092.08,1171.74,255,0.609184
futex,bursty,1024,2,0.0533288,112.045,27.8295,120.964,141.333,158.006,214.825,1128.76,1333.11,256,0.726531
futex,bursty,1024,3,0.0559188,113.982,29.0878,122.87,143.656,151.9,176.642,1091.34,1171.49,256,0.612287
futex,bursty,1024,4,0.0560372,111.601,28.7241,120.005,142.182,151.396,161.702,1090.45,1194.49,256,0.606279
futex,bursty,1024,5,0.0560044,115.114,26.1228,121.687,143.472,154.002,173.148,1090.66,1162.17,256,0.606353
futex,bursty,1024,6,0.0559914,114.169,29.058,122.878,142.707,152.9,248.25,1092.68,1177.84,256,0.596242
futex,bursty,1024,7,0.0560963,111.89,30.3062,120.551,143.1,151.905,159.576,1092.68,1184.71,256,0.598169
futex,bursty,1024,8,0.0560469,113.256,27.6552,121.23,141.138,148.907,166.17,1091.43,1188.71,257,0.615417
futex,bursty,1024,9,0.0560349,115.401,26.8324,122.113,143.069,154.705,184.125,1092.4,1157.44,256,0.614263
futex,bursty,1024,10,0.0559417,117.338,55.0155,123.728,144.508,155.603,867.437,1091.69,1185.89,256,0.598631
futex,bursty,1024,11,0.056012,114.774,29.3833,123.286,145.209,162.126,184.312,1091.79,1177.26,256,0.605289
futex,bursty,1024,12,0.0560295,114.657,29.1031,123.17,144.6,157.716,172.631,1092.11,1165.03,256,0.605303
futex,bursty,1024,13,0.0560829,113.985,28.8157,122.375,143.784,152.083,163.723,1090.3,1194.3,256,0.601229
futex,bursty,1024,14,0.0559791,115.282,27.758,123.224,145.017,156.086,175.869,1091.6,1162.35,256,0.617943
futex,bursty,1024,15,0.0560146,113.137,28.8976,122.175,143.204,151.611,163.239,1092.31,1167.07,256,0.601563
futex,bursty,4096,1,0.220824,108.548,25.6212,108.747,141.37,152.004,258.795,1099.58,1173.26,512,0.759104
futex,bursty,4096,2,0.220589,107.297,27.3165,108.356,141.62,155.462,256.673,1100.01,1170.37,512,0.762749
futex,bursty,4096,3,0.220985,105.7,28.4262,108.079,140.74,153.974,224.949,1099.36,1166.11,512,0.759072
futex,bursty,4096,4,0.221054,107.057,26.5666,108.996,140.896,154.923,190.371,1099.31,1163.24,512,0.76629
futex,bursty,4096,5,0.220791,105.498,27.5339,108.689,140.502,149.119,166.617,1100.41,1169.96,512,0.754775
futex,bursty,4096,6,0.220483,103.644,29.0399,107.84,139.201,147.496,163.052,1100.53,1179.7,512,0.75225
futex,bursty,4096,7,0.220503,105.039,30.65,108.748,142.418,156.365,227.843,1099.83,1191.39,512,0.752788
futex,bursty,4096,8,0.220482,105.774,28.5524,109.017,140.849,152.79,247.317,1101.02,1188.38,512,0.758003
futex,bursty,4096,9,0.220494,105.835,28.6188,108.839,141.343,152.68,171.533,1100.73,1178.62,512,0.764789
futex,bursty,4096,10,0.22065,102.374,32.2272,107.952,141.176,151.097,181.429,1100.29,1180.04,512,0.752596
futex,bursty,4096,11,0.22066,103.541,43.6857,107.649,140.292,150.218,793.836,1100.22,1204.44,512,0.751788
futex,bursty,4096,12,0.220323,108.157,69.3498,108.016,140.503,153.159,1542.9,1100.6,1187.41,511,0.753786
futex,bursty,4096,13,0.221176,104.447,28.3589,107.673,140.133,150.698,165.474,1098.89,1178.5,512,0.762663
futex,bursty,4096,14,0.220908,104.79,27.6369,107.54,140.203,148.65,203.6,1099.91,1171.54,512,0.755169
futex,bursty,4096,15,0.220851,103.464,28.9544,107.672,139.948,148.223,157.01,1099.53,1183.92,512,0.75332
futex,bursty,16384,1,0.868149,109.633,19.5371,110.777,129.72,148.286,217.408,1086.89,1153.62,128,1.38001
futex,bursty,16384,2,0.86484,105.063,22.7026,109.815,131.12,144.163,160.451,1088.27,1173.31,128,1.33904
futex,bursty,16384,3,0.865734,107.185,21.6809,110.44,129.092,151.626,188.785,1088.7,1167.6,128,1.37562
futex,bursty,16384,4,0.864372,111.526,12.9528,111.146,130.485,147.951,163.888,1088.21,1114.86,128,1.39911
futex,bursty,16384,5,0.866384,111.527,63.2032,111.066,134.259,153.909,850.826,1088.97,1177.34,128,1.38887
futex,bursty,16384,6,0.858384,107.601,18.7857,110.372,129.227,141.476,151.633,1089.83,1291.35,128,1.34316
futex,bursty,16384,7,0.868724,107.486,23.3082,109.945,132.996,166.341,242.659,1088.82,1149.42,128,1.35413
futex,bursty,16384,8,0.866221,107.055,21.9773,109.781,135.255,164.666,192.761,1089.7,1162.83,128,1.36724
futex,bursty,16384,9,0.867118,109.778,14.2463,110.64,129.861,140.958,149.505,1086.83,1150.14,128,1.37496
futex,bursty,16384,10,0.863974,110.68,16.5888,111.551,133.642,145.166,171.794,1090.41,1158.45,128,1.36359
futex,bursty,16384,11,0.867054,107.522,24.7968,110.607,137.536,187.497,217.44,1091.06,1166.64,128,1.35798
futex,bursty,16384,12,0.86522,111.116,14.5075,111.564,132.336,143.029,152.107,1088.57,1161.3,128,1.3781
futex,bursty,16384,13,0.866252,106.741,25.4068,111.175,131.322,147.07,229.328,1089.95,1155.93,128,1.35321
futex,bursty,16384,14,0.866093,103.052,25.7421,109.812,132.919,146.034,174.524,1087.64,1188.88,128,1.34578
futex,bursty,16384,15,0.865609,104.769,24.3028,110.031,132.002,145.16,154.518,1089.59,1158.88,128,1.36028
futex,bursty,65536,1,3.03512,70.9414,19.2176,69.288,102.3,130.634,139.796,1150.06,1180.61,32,3.3314
futex,bursty,65536,2,2.97851,68.0974,23.7699,68.888,101.833,120.022,156.492,1154,1324.12,32,3.34961
futex,bursty,65536,3,3.02405,73.369,25.5101,69.247,118.598,183.018,205.115,1146.69,1200.99,32,3.36208
futex,bursty,65536,4,3.00419,71.6674,18.8855,70.013,101.62,125.157,143.331,1148.75,1180.53,32,3.42729
futex,bursty,65536,5,2.99847,73.384,16.6867,71.412,102.096,124.649,139.422,1151.41,1272.84,32,3.27494
futex,bursty,65536,6,3.01604,71.698,21.7805,69.628,108.204,132.678,142.65,1151.16,1203.58,32,3.34889
futex,bursty,65536,7,3.02348,111.885,229.393,70.404,126.882,1400.03,1415.28,1145.45,2417.69,31,3.36608
futex,bursty,65536,8,3.00817,65.8813,23.1792,67.577,99.678,113.062,132.11,1142.77,1277.36,39,3.45635
futex,bursty,65536,9,2.98934,67.8746,18.9959,67.456,99.681,118.95,144.395,1155.93,1351.68,32,3.38822
futex,bursty,65536,10,2.9881,70.8585,17.9562,69.174,100.355,124.426,136.042,1151.36,1295.48,32,3.32041
futex,bursty,65536,11,3.02436,77.6302,21.2411,73.036,114.403,152.668,177.015,1155.2,1178.83,32,3.26449
futex,bursty,65536,12,2.9761,72.5594,19.2292,69.842,108.827,124.798,134.623,1155.36,1347.54,32,3.30607
futex,bursty,65536,13,3.00219,72.7305,17.7473,71.078,101.302,127.492,144.939,1150.12,1187.35,32,3.32449
futex,bursty,65536,14,2.99763,69.0147,21.0995,67.916,104.665,125.656,135.881,1153.17,1329.53,32,3.2917
futex,bursty,65536,15,3.02876,73.7515,19.6892,71.301,109.486,127.352,139.173,1148.59,1168.13,32,3.34979
futex,bursty,262144,1,7.48862,43.5978,24.7347,34.047,98.49,110.133,119.129,7.639,1396.79,77,14.43
futex,bursty,262144,2,7.32619,58.9548,59.3367,37.21,188.574,323.238,351.177,5.919,1376.56,99,15.1122
futex,bursty,262144,3,7.52355,43.5089,23.9776,34.247,96.994,108.641,118.513,6.714,1348.11,78,14.3955
futex,bursty,262144,4,7.3763,38.3545,27.6941,32.738,97.504,117.304,132.985,5.789,1328.55,208,14.9289
futex,bursty,262144,5,7.46922,45.7045,28.6642,34.712,102.524,141.02,170.91,7.693,1400.65,75,14.5124
futex,bursty,262144,6,7.54677,43.6151,22.8437,34.097,95.051,105.812,110.853,10.256,1371.61,71,14.417
futex,bursty,262144,7,7.32402,40.6371,27.8006,33.111,98.771,123.847,140.667,6.12,1315.68,168,14.9433
futex,bursty,262144,8,7.467,44.1487,28.7857,33.428,98.552,152.714,197.781,9.891,1375.06,76,14.528
futex,bursty,262144,9,7.45261,46.6008,27.3331,35.361,99.634,158.191,184.005,8.188,1340.01,76,14.3444
futex,bursty,262144,10,7.39225,78.7317,174.051,33.413,480.909,973.623,1059.45,7.132,1366.42,173,15.0822
futex,bursty,262144,11,7.58052,42.2293,21.6854,33.546,92.711,104.947,115.275,9.912,1322.87,72,14.3908
futex,bursty,262144,12,7.32038,49.1921,49.62,33.604,106.083,305.299,496.34,6.549,1381.34,97,15.0473
futex,bursty,262144,13,7.46352,42.6463,26.8253,33.555,97.628,130.717,171.39,25.026,1334.84,70,14.5171
futex,bursty,262144,14,7.54716,44.5589,24.3225,34.676,96.747,108.453,139.591,7.723,1323.27,79,14.3419
futex,bursty,262144,15,7.42176,60.1596,104.234,34.509,109.189,762.312,906.673,6.958,1378.64,89,15.1625
futex,bursty,1048576,1,7.6672,7.58289,27.6393,3.919,4.955,141.773,357.988,40.147,1119.34,501,74.4677
futex,bursty,1048576,2,7.67547,9.02554,39.3233,3.906,4.591,264.371,408.887,39.667,1101.8,502,74.5933
futex,bursty,1048576,3,7.76429,4.11952,1.61779,3.889,4.461,16.904,19.95,39.716,1123.52,511,72.7567
futex,bursty,1048576,4,7.68428,6.93657,20.7892,3.917,5.764,136.219,278.871,39.702,1143.06,500,75.2685
futex,bursty,1048576,5,7.78645,4.17092,1.71055,3.92,4.548,15.35,20.232,39.909,1107.76,511,72.7351
futex,bursty,1048576,6,7.75657,4.16773,1.94725,3.885,4.612,17.946,29.673,39.829,1177.82,508,72.5395
futex,bursty,1048576,7,7.69565,4.39963,4.25523,3.89,4.725,17.139,82.874,39.837,1121.39,507,73.8378
futex,bursty,1048576,8,7.77071,4.1007,1.4371,3.9,4.558,8.06,20.213,39.839,1121.46,512,72.5656
futex,bursty,1048576,9,7.76858,4.19811,1.64861,3.933,4.643,13.457,20.213,40.29,1173.34,512,72.1069
futex,bursty,1048576,10,7.59727,13.2715,49.6034,3.907,14.301,314.05,415.42,40.145,1122.51,489,76.162
futex,bursty,1048576,11,7.83352,4.09421,1.36373,3.892,4.591,7.422,19.696,39.768,1108.05,512,71.7133
futex,bursty,1048576,12,7.63254,11.2137,46.6509,3.903,6.328,270.416,507.121,39.515,1168.22,496,76.2747
futex,bursty,1048576,13,7.77223,4.07581,1.3033,3.906,4.478,8.617,19.721,39.993,1101.88,512,72.3798
futex,bursty,1048576,14,7.79534,4.12786,1.7432,3.879,4.495,19.041,20.225,39.349,1113.82,511,72.8429
futex,bursty,1048576,15,7.67123,7.4649,22.4355,3.895,6.149,140.671,256.988,39.422,1123.88,496,75.8923
futex,offered_25,64,1,0.00267498,125.168,39.7548,128.583,142.201,166,249.194,1432.16,1543.3,4096,0.807355
futex,offered_25,64,2,0.00268586,123.69,42.3284,128.118,142.913,162.373,385.159,1430.35,1552.72,4095,0.796526
futex,offered_25,64,3,0.00268618,127.106,68.419,128.943,143.428,170.175,1610.91,1431.5,1552.08,4090,0.793653
futex,offered_25,64,4,0.00269476,125.495,26.9984,129.23,143.076,162.557,348.517,1430.05,1531.27,4096,0.800238
futex,offered_25,64,5,0.0026838,128.498,84.7306,128.554,142.365,186.885,1564.89,1432.16,1558.06,4089,0.796803
futex,offered_25,64,6,0.00268834,123.133,59.0726,129.057,143.349,174.282,1208.79,1431.57,1573.88,4093,0.781843
futex,offered_25,64,7,0.00267528,124.105,44.5124,129.023,143.036,173.635,680.097,1432,1568.55,4094,0.793708
futex,offered_25,64,8,0.00267373,127.132,43.3129,128.406,144.421,175.429,362.284,1432.45,1536.26,4095,0.812539
futex,offered_25,64,9,0.00268398,117.307,55.9785,127.582,142.108,163.95,937.92,1429.98,1563.18,4094,0.769407
futex,offered_25,64,10,0.0026817,119.475,32.9801,127.87,142.198,169.488,260.54,1431.23,1568.48,4099,0.780428
futex,offered_25,64,11,0.00267276,125.939,58.9494,128.637,143.133,164.107,1156.96,1431.57,1551.87,4093,0.802745
futex,offered_25,64,12,0.00267519,126.121,42.9155,128.936,143.776,169.218,541.099,1432.58,1547.33,4095,0.811465
futex,offered_25,64,13,0.00268193,124.131,38.8128,128.669,142.553,161.573,583.181,1432.41,1552.26,4095,0.797515
futex,offered_25,64,14,0.00268333,124.453,38.7967,128.448,141.707,164.962,863.344,1431.18,1544.13,4096,0.80586
futex,offered_25,64,15,0.00268172,123.428,33.4024,127.822,141.015,161.82,265.618,1432.13,1548.26,4095,0.813308
futex,offered_25,256,1,0.0107577,121.416,33.3589,127.819,141.412,156.407,201.875,1430.82,1556.71,1024,0.806213
futex,offered_25,256,2,0.010735,122.909,54.5535,127.561,141.433,181.505,826.213,1433.28,1551.5,1022,0.802787
futex,offered_25,256,3,0.0107212,127.138,80.1874,127.306,143.495,181.82,1074.57,1432.18,1564.13,1023,0.804539
futex,offered_25,256,4,0.0106976,124.443,42.9772,128.1,139.967,154.073,254.648,1433.12,1549.86,1024,0.811855
futex,offered_25,256,5,0.0107339,123.236,49.454,127.821,141.883,192.069,425.614,1432.47,1568.34,1023,0.792175
futex,offered_25,256,6,0.0107024,124.306,22.2038,127.677,140.498,179.281,278.469,1431.9,1524.42,1024,0.811998
futex,offered_25,256,7,0.0106754,129.768,66.7691,128.413,143.025,190.121,1121.93,1433.35,1559.11,1024,0.820027
futex,offered_25,256,8,0.0107083,125.946,31.267,127.737,142.651,176.099,604.606,1433.31,1533.47,1024,0.819562
futex,offered_25,256,9,0.0107319,126.774,70.3046,127.629,141.464,172.958,1370.65,1431.06,1528.7,1022,0.795432
futex,offered_25,256,10,0.0107244,126.327,61.8909,127.333,141.455,165.189,998.034,1432.84,1529.41,1023,0.816358
futex,offered_25,256,11,0.0107321,126.842,60.4628,127.205,140.845,166.5,873.078,1432.57,1545.27,1023,0.809792
futex,offered_25,256,12,0.0107315,126.533,86.8777,127.423,141.443,182.482,1455.42,1431.41,1590.65,1022,0.795654
futex,offered_25,256,13,0.0107162,123.192,110.066,126.734,141.808,235.275,1720.29,1432.02,1565.98,1020,0.770297
futex,offered_25,256,14,0.0107361,122.831,61.3605,127.202,140.861,171.626,1298.92,1432.83,1555.81,1022,0.804551
futex,offered_25,256,15,0.010735,122.527,71.4321,126.779,141.113,188.928,1263.55,1432.1,1595.58,1023,0.784733
futex,offered_25,1024,1,0.0430667,122.971,19.745,126.935,141.775,154.852,185.51,1431.27,1521.05,256,0.831045
futex,offered_25,1024,2,0.0432059,129.393,131.824,126.375,141.591,213.323,1997.47,1425.38,1565.27,255,0.79146
futex,offered_25,1024,3,0.0429749,123.326,20.359,126.631,141.61,154.162,238.888,1431.61,1528.6,256,0.829345
futex,offered_25,1024,4,0.0430389,123.417,18.5612,126.328,141.522,170.525,189.696,1430.09,1522.71,256,0.825361
futex,offered_25,1024,5,0.0431833,121.904,23.7782,126.146,141.881,174.879,246.679,1430.45,1526.07,256,0.819718
futex,offered_25,1024,6,0.0433778,121.622,21.2352,126.164,141.205,173.938,183.321,1428.04,1531.25,256,0.81423
futex,offered_25,1024,7,0.0432756,121.19,20.4516,126.202,138.039,150.305,172.4,1430.49,1531.66,256,0.8181
futex,offered_25,1024,8,0.043565,120.457,20.5146,125.923,139.531,149.711,156.181,1422.94,1523.03,256,0.805208
futex,offered_25,1024,9,0.0432466,124.493,16.3438,126.766,139.422,157.187,250.189,1426.82,1511.19,256,0.836424
futex,offered_25,1024,10,0.0432303,123.383,18.7406,126.506,141.86,175.938,255.955,1426.33,1534.13,256,0.819588
futex,offered_25,1024,11,0.0429315,123.41,17.0216,126.282,139.914,153.485,186.333,1431.54,1512.55,256,0.829703
futex,offered_25,1024,12,0.0430062,120.418,34.553,127.15,141.324,189.85,402.408,1433.17,1574.25,256,0.827776
futex,offered_25,1024,13,0.0433562,117.069,30.8823,125.703,143.232,159.759,166.693,1422.39,1552.33,256,0.789094
futex,offered_25,1024,14,0.0430532,124.961,68.9238,126.52,140.55,168.951,1173.87,1432.88,1564.89,256,0.81837
futex,offered_25,1024,15,0.0431175,122.364,21.3802,127.092,141.111,150.97,198.576,1429.88,1524.19,256,0.823332
futex,offered_25,4096,1,0.169719,111.273,27.1303,117.775,134.563,157.588,199.253,1438.35,1554.23,512,0.864368
futex,offered_25,4096,2,0.171271,116.172,35.1931,117.292,134.562,155.692,805.377,1433.86,1532.25,512,0.88766
futex,offered_25,4096,3,0.171308,92.3171,71.7464,111.929,135.285,150.02,1338.23,1422.56,1549.64,512,0.81815
futex,offered_25,4096,4,0.171515,104.654,35.6796,116.563,135.034,157.933,187.355,1430.81,1552.85,512,0.866462
futex,offered_25,4096,5,0.170998,114.279,41.9617,118.104,137.206,186.945,848.057,1432.22,1557.98,512,0.861855
futex,offered_25,4096,6,0.170627,112.265,25.2962,116.59,138.575,159.417,259.693,1436.35,1565.15,512,0.883061
futex,offered_25,4096,7,0.169904,114.626,22.5453,117.812,137.987,159.255,195.581,1438.36,1544.63,512,0.898129
futex,offered_25,4096,8,0.170269,117.893,43.8066,118.014,140.54,198.145,789.078,1439.11,1537.66,512,0.878547
futex,offered_25,4096,9,0.169594,117.22,65.3693,118.46,136.909,162.937,1493.89,1436.42,1563.6,511,0.867519
futex,offered_25,4096,10,0.170087,119.794,91.8901,117.771,137.673,177.277,1478.25,1437.09,1572.92,511,0.877161
futex,offered_25,4096,11,0.169057,120.761,87.4687,118.294,139.267,177.77,2041.85,1441,1550.79,511,0.890534
futex,offered_25,4096,12,0.169546,117.357,43.0525,118.182,137.57,172.934,921.156,1440.49,1535.23,512,0.881423
futex,offered_25,4096,13,0.169574,118.224,45.9364,117.233,137.581,176.791,1023.41,1440.08,1522.66,512,0.884438
futex,offered_25,4096,14,0.169395,119.165,48.4954,118.657,138.989,161.022,1082.13,1441.29,1551.12,512,0.902683
futex,offered_25,4096,15,0.169459,115.701,19.7284,118.161,135.314,163.852,182.87,1437.4,1536.3,512,0.876664
futex,offered_25,16384,1,0.673135,88.7468,30.2815,94.164,132.561,158.155,182.048,1442.53,1550.41,128,1.09528
futex,offered_25,16384,2,0.668322,96.871,18.1616,95.84,130.862,145.207,186.129,1452.44,1529.31,128,1.10124
futex,offered_25,16384,3,0.668919,94.8815,18.4232,93.81,128.89,157.054,164.443,1448.99,1528.02,128,1.04418
futex,offered_25,16384,4,0.670125,92.2697,25.2627,95.32,129.625,147.08,153.827,1445.96,1543.23,128,1.10514
futex,offered_25,16384,5,0.673071,98.5406,21.0538,96.651,136.079,168.654,193.306,1447.75,1575.18,128,1.11696
futex,offered_25,16384,6,0.672925,99.3734,23.6071,95.812,139.245,186.051,201.566,1438.71,1550.93,128,1.08812
futex,offered_25,16384,7,0.681661,94.6667,23.3733,96.262,128.157,149.789,161.237,1438.39,1534.65,128,1.13448
futex,offered_25,16384,8,0.666481,98.6962,23.3497,96.797,140.682,180.556,191.973,1446.91,1564.5,128,1.11936
futex,offered_25,16384,9,0.664929,92.1292,24.108,94.156,125.994,150.714,171.068,1450.17,1569.06,128,1.1013
futex,offered_25,16384,10,0.665069,91.2261,26.1759,93.672,130.768,166.942,178.426,1458.1,1536.31,128,1.1073
futex,offered_25,16384,11,0.665146,105.806,142.066,94.819,131.655,174.909,1698.12,1448.34,1558.7,127,1.10728
futex,offered_25,16384,12,0.669152,94.5597,18.1131,95.287,123.931,141.204,154.902,1446.94,1552.45,128,1.12218
futex,offered_25,16384,13,0.666708,105.014,144.255,94.763,128.103,138.851,1711.77,1449.76,1564.34,127,1.11818
futex,offered_25,16384,14,0.667019,85.5385,28.4293,92.998,123.003,145.916,148.544,1443.7,1567.63,128,1.10631
futex,offered_25,16384,15,0.668819,96.9498,23.9353,95.291,141.36,175.202,201.29,1447.65,1538.11,128,1.07135
futex,offered_25,65536,1,2.45999,71.5393,17.5908,68.167,102.052,118.381,129.618,1482.68,1554.06,32,3.20474
futex,offered_25,65536,2,2.48428,73.1991,16.3902,70.984,100.109,113.197,129.579,1476.29,1555.71,32,3.17406
futex,offered_25,65536,3,2.52063,74.1878,19.5194,72.993,106.067,126.783,161.211,1409.85,1545.34,32,3.25583
futex,offered_25,65536,4,2.49444,71.5931,19.9014,69.106,107.108,126.567,138.975,1440.35,1555.57,32,3.2089
futex,offered_25,65536,5,2.48227,75.2485,25.1479,71.92,115.502,164.896,184.051,1470.36,1602.77,32,3.17135
futex,offered_25,65536,6,2.49568,73.5029,21.0111,69.516,108.449,135.465,153.12,1434.47,1560.51,32,3.20515
futex,offered_25,65536,7,2.46233,71.7589,18.1693,70.191,101.481,110.591,135.1,1476.47,1550.59,32,3.23437
futex,offered_25,65536,8,2.44705,71.7377,20.3717,68.919,104.629,136.733,157.423,1482.7,1611.86,32,3.28249
futex,offered_25,65536,9,2.50635,70.8531,20.4034,69.632,103.32,121.806,128.679,1448.75,1556.24,32,3.19373
futex,offered_25,65536,10,2.52431,73.2464,18.1999,70.457,103.927,120.499,131.761,1362.19,1507.84,32,3.2637
futex,offered_25,65536,11,2.44925,73.9603,22.9381,71.188,111.415,135.24,166.528,1472.07,1559.71,32,3.21011
futex,offered_25,65536,12,2.49122,72.958,17.9343,70.413,103.257,117.691,128.169,1461.2,1543.14,32,3.11507
futex,offered_25,65536,13,2.52002,73.311,20.4498,70.883,105.903,126.908,140.417,1412.54,1551.8,32,3.18918
futex,offered_25,65536,14,2.49824,69.8257,17.8506,69.267,98.316,108.165,124.485,1465.53,1553.41,32,3.20092
futex,offered_25,65536,15,2.54968,78.2757,30.4236,71.818,112.377,231.874,253.976,1366.27,1545.97,32,3.1568
futex,offered_25,262144,1,6.59647,44.5756,25.9046,35.376,98.639,112.095,123.802,6.989,1619.75,84,14.3924
futex,offered_25,262144,2,6.59974,42.5692,27.272,34.425,99.099,115.492,153.742,6.492,1569.74,110,14.6488
futex,offered_25,262144,3,6.71667,43.1624,24.8801,34.825,96.508,108.957,116.957,7.547,1606.29,84,14.4364
futex,offered_25,262144,4,6.62792,42.8315,25.4659,34.607,97.434,110.522,118.872,6.108,1589.39,82,14.4869
futex,offered_25,262144,5,6.56485,30.3678,26.4892,28.898,89.803,109.933,126.332,5.382,1527.6,340,15.3509
futex,offered_25,262144,6,6.61872,43.9232,26.1904,35.136,98.195,110.685,120.904,7.872,1594.63,77,14.3961
futex,offered_25,262144,7,6.49515,37.5261,26.9372,32.734,94.775,110.727,144.562,5.771,1587.38,175,15.2097
futex,offered_25,262144,8,6.62244,45.191,28.0461,35.583,100.247,127.467,179.003,8.53,1603.02,80,14.3535
futex,offered_25,262144,9,6.57683,43.3314,27.1029,34.691,98.603,113.515,124.387,8.087,1595.18,81,14.4373
futex,offered_25,262144,10,6.58633,36.1444,27.5892,32.692,95.068,111.026,140.409,6.752,1530.44,209,14.971
futex,offered_25,262144,11,6.66054,45.8712,26.7374,35.702,98.954,124.948,175.864,7.976,1582.4,73,14.2903
futex,offered_25,262144,12,6.58412,42.1278,32.056,34.567,105.151,147.988,178.525,5.377,1537.13,198,15.1037
futex,offered_25,262144,13,6.6278,43.4045,26.44,35.136,98.857,115.966,136.974,10.852,1596.56,73,14.4382
futex,offered_25,262144,14,6.52468,62.1178,98.7158,35.845,117.297,628.318,650.671,9.706,1995.75,85,14.7132
futex,offered_25,262144,15,6.63906,41.2523,25.9188,33.768,94.971,113.775,178.942,8.957,1578.75,92,14.5042
futex,offered_25,1048576,1,7.49883,6.19886,19.3144,3.989,4.928,67.069,253.744,38.75,1368.92,507,75.2504
futex,offered_25,1048576,2,7.53935,4.20997,1.70262,3.965,4.606,9.188,29.904,38.61,1381.42,511,74.284
futex,offered_25,1048576,3,7.46243,4.25799,1.76191,3.945,4.912,14.841,21.337,39.336,1316.09,511,75.0413
futex,offered_25,1048576,4,7.5709,4.19595,1.54855,3.946,4.579,13.341,19.192,39.248,1410.75,512,73.3504
futex,offered_25,1048576,5,7.56437,4.24041,1.80882,3.97,4.57,18.106,20.615,39.34,1408.69,512,73.4257
futex,offered_25,1048576,6,7.46521,4.60228,6.27676,3.958,4.72,15.793,110.43,38.867,1352.07,508,75.7603
futex,offered_25,1048576,7,7.51323,4.66734,6.93715,3.953,4.707,20.718,114.74,38.846,1371.92,509,74.3449
futex,offered_25,1048576,8,7.53308,4.19196,1.58658,3.964,4.667,10.245,20.332,39.319,1427.18,509,73.3077
futex,offered_25,1048576,9,7.4321,16.8694,62.1496,4.001,57.346,317.254,570.268,39.926,1416.86,484,77.221
futex,offered_25,1048576,10,7.55941,4.18107,1.39064,3.966,4.72,9.307,19.838,39.282,1414.39,512,73.227
futex,offered_25,1048576,11,7.44115,10.64,42.17,3.989,7.325,227.979,434.334,40.036,1413.59,492,76.6404
futex,offered_25,1048576,12,7.55973,4.17421,1.58945,3.944,4.518,9.435,19.686,39.235,1417.7,512,73.3231
futex,offered_25,1048576,13,7.5783,4.19376,1.57462,3.962,4.727,9.705,20.258,39.577,1385.73,509,73.3292
futex,offered_25,1048576,14,7.50441,11.7964,48.7512,3.976,5.703,289.736,468.516,39.946,1357.9,497,75.4483
futex,offered_25,1048576,15,7.50141,4.20495,1.57552,3.965,4.688,9.272,19.951,39.175,1424.55,512,74.4489
futex,offered_50,64,1,0.00546075,47.4392,63.0174,23.526,139.044,147.417,1057.36,669.725,807.947,4332,0.676893
futex,offered_50,64,2,0.00547026,52.5248,55.9124,23.516,140.394,148.657,174.721,663.258,808.749,4758,0.666373
futex,offered_50,64,3,0.00544514,35.3646,52.7607,21.307,135.563,146.075,758.593,662.212,802.814,4872,0.695408
futex,offered_50,64,4,0.00542937,20.895,19.0952,19.84,31.417,132.763,150.293,662.162,702.334,5047,0.715301
futex,offered_50,64,5,0.00542765,25.7146,33.5479,20.417,104.477,140.166,152.7,661.701,767.594,5225,0.718663
futex,offered_50,64,6,0.00542905,26.001,50.4434,20.417,100.972,140.319,167.016,662.001,759.282,5099,0.714924
futex,offered_50,64,7,0.00544345,22.4151,38.6458,19.476,37.034,137.943,306.569,653.571,711.02,6887,0.679955
futex,offered_50,64,8,0.00544161,22.3239,58.8269,19.13,33.713,134.878,974.968,655.853,717.675,6680,0.668597
futex,offered_50,64,9,0.00545309,25.7464,77.993,18.71,106.177,140.675,1211.37,637.981,752.447,7735,0.630643
futex,offered_50,64,10,0.00549053,26.2341,70.5143,17.74,105.207,200.718,939.301,6.608,779.67,8614,0.574769
futex,offered_50,64,11,0.00545834,19.5791,52.693,17.578,30.333,127.11,974.031,1.224,707.421,9790,0.627987
futex,offered_50,64,12,0.00546555,17.7613,27.1882,17.685,30.13,84.345,491.782,572.12,703.624,8135,0.623354
futex,offered_50,64,13,0.00546611,19.8143,30.2363,18.057,35.01,136.165,222.685,605.23,715.028,8041,0.625914
futex,offered_50,64,14,0.00548072,21.3163,56.0632,17.149,34.976,186.187,849.869,0.991,720.371,10587,0.590576
futex,offered_50,64,15,0.00547026,17.3808,19.5973,17.665,29.323,88.346,221.465,1.038,699.829,10151,0.624518
futex,offered_50,256,1,0.0219536,19.1002,46.3845,16.466,31.411,105.39,793.474,655.855,722.496,1542,0.601309
futex,offered_50,256,2,0.0217744,18.824,16.2155,18.984,33.442,100.166,161.695,661.352,721.434,1413,0.671746
futex,offered_50,256,3,0.0217072,25.4296,27.1673,21.13,109.15,139.074,155.912,666.123,747.542,1131,0.718216
futex,offered_50,256,4,0.0220707,85.205,53.151,107.101,142.631,149.804,163.271,677.005,809.663,1107,0.615545
futex,offered_50,256,5,0.0218148,24.915,74.9938,19.208,37.057,147.534,1128.07,661.467,769.141,1299,0.643028
futex,offered_50,256,6,0.0219261,35.6585,73.2412,21.07,133.589,146.846,1031.89,662.701,803.037,1206,0.625804
futex,offered_50,256,7,0.0220124,30.8242,45.8561,19.333,132.508,149.337,602.725,657.929,796.032,1438,0.612009
futex,offered_50,256,8,0.0218398,38.9421,42.9764,22.994,135.861,146.065,189.357,663.421,804.6,1190,0.67613
futex,offered_50,256,9,0.0219853,50.107,50.8276,23.985,138.845,148.367,185.157,661.516,804.573,1305,0.632255
futex,offered_50,256,10,0.0218927,19.2412,24.8821,18.378,32.568,104.554,314.411,661.254,728.647,1358,0.62853
futex,offered_50,256,11,0.0219155,32.4315,62.2138,20.312,131.009,146.067,858.381,661.527,803.247,1312,0.640646
futex,offered_50,256,12,0.0218654,22.8468,71.2701,17.364,32.662,231.8,869.098,660.207,762.041,1393,0.612127
futex,offered_50,256,13,0.0220832,23.3007,61.912,17.105,37.701,359.188,811.139,651.202,773.948,1598,0.560379
futex,offered_50,256,14,0.0219053,27.8313,40.7652,18.959,127.499,146.913,382.134,661.467,802.966,1350,0.628863
futex,offered_50,256,15,0.0217088,42.0622,68.8123,22.943,137.031,147.456,1213.5,675.969,807.642,1071,0.708673
futex,offered_50,1024,1,0.0879403,102.81,43.7721,121.158,143.528,151.599,164.279,686.614,809.495,256,0.66164
futex,offered_50,1024,2,0.0867719,48.4967,46.8998,27.51,137.135,153.638,171.225,677.898,806.374,256,0.762584
futex,offered_50,1024,3,0.0877721,95.7121,45.755,113.795,141.003,146.894,155.413,681.586,812.983,257,0.682532
futex,offered_50,1024,4,0.087927,100.918,45.9853,120.22,143.022,153.531,246.051,684.773,822.168,256,0.674946
futex,offered_50,1024,5,0.0872181,65.3373,51.6421,35.427,141.17,155.769,174.865,677.057,813.753,256,0.733178
futex,offered_50,1024,6,0.0879972,98.2978,45.427,115.387,141.437,152.717,253.85,684.79,815.787,256,0.662515
futex,offered_50,1024,7,0.0877412,26.1182,31.3464,19.022,115.533,141.464,238.468,666.88,797.79,256,0.651023
futex,offered_50,1024,8,0.0870548,21.5668,28.0044,20.125,36.209,60.797,471.838,671.404,707.899,257,0.753164
futex,offered_50,1024,9,0.0873402,89.6665,91.4929,109.896,142.715,166.88,1295.15,681.346,817.53,255,0.688858
futex,offered_50,1024,10,0.0875214,20.4037,17.926,18.708,38.489,75.082,195.396,666.282,725.332,256,0.668953
futex,offered_50,1024,11,0.0873012,31.1633,75.4007,20.026,57.929,450.204,841.733,667.401,1085.2,255,0.706575
futex,offered_50,1024,12,0.0880011,98.5533,45.4588,117.868,142.789,155.149,164.487,682.346,809.363,256,0.672413
futex,offered_50,1024,13,0.0870251,27.9953,41.1258,20.247,113.546,147.4,487.09,667.566,796.983,256,0.707735
futex,offered_50,1024,14,0.0880979,22.5748,30.9123,18.211,44.736,204.313,351.399,663.752,850.805,257,0.645867
futex,offered_50,1024,15,0.0872026,21.7786,17.1388,20.125,44.552,94.776,160.313,666.604,752.771,256,0.72572
futex,offered_50,4096,1,0.34105,34.4225,68.4703,12.51,125.381,145.423,892.973,679.356,811.274,510,0.875293
futex,offered_50,4096,2,0.341973,49.7677,74.3593,18.901,136.409,261.882,787.235,680.375,814.842,511,0.848385
futex,offered_50,4096,3,0.340845,41.2366,69.664,14.885,132.069,407.48,713.82,681.343,1007.93,511,0.88401
futex,offered_50,4096,4,0.34026,34.992,54.777,14.081,126.524,144.475,800.569,681.33,809.028,511,0.886211
futex,offered_50,4096,5,0.341943,46.8672,75.5447,18.499,131.263,143.71,1352.9,680.276,807.052,511,0.854609
futex,offered_50,4096,6,0.341674,21.3263,71.526,8.43,33.343,392.666,963.467,670.97,1035.75,514,0.857643
futex,offered_50,4096,7,0.340332,57.4057,53.7097,23.969,136.871,147.277,253.45,685.516,814.78,512,0.858395
futex,offered_50,4096,8,0.343336,94.1425,43.8213,108.684,140.365,150.603,163.748,696.134,815.08,512,0.799879
futex,offered_50,4096,9,0.344132,92.8126,44.7242,108.183,140.596,148.244,157.259,695.222,816.49,512,0.778484
futex,offered_50,4096,10,0.343845,94.7137,44.3418,108.441,141.716,151.951,166.912,697.521,819.454,512,0.771454
futex,offered_50,4096,11,0.343697,93.2084,43.7604,107.538,139.373,148.357,214.319,694.627,812.646,512,0.785623
futex,offered_50,4096,12,0.344454,92.5845,44.0685,107.568,139.656,149.807,224.297,693.649,812.778,512,0.791351
futex,offered_50,4096,13,0.344062,93.3341,45.2143,107.702,140.591,150.651,267.669,694.885,817.876,512,0.790065
futex,offered_50,4096,14,0.341375,38.5308,48.9173,15.247,131.329,149.822,309.834,680.02,816.002,512,0.855148
futex,offered_50,4096,15,0.339702,14.6101,22.347,8.623,29.651,135.75,238.32,679.591,744.945,515,0.905601
futex,offered_50,16384,1,1.31066,17.6224,15.7547,14.586,39.626,104.928,127.109,660.703,693.42,130,1.58095
futex,offered_50,16384,2,1.31577,26.3116,31.4187,15.798,111.713,143.01,199.984,662.762,721.08,128,1.57366
futex,offered_50,16384,3,1.31545,21.2631,25.1133,14.931,73.594,139.896,153.066,662.788,704.502,128,1.5514
futex,offered_50,16384,4,1.31009,27.4108,85.4121,15.078,60.906,178.026,964.676,659.692,729.932,128,1.6012
futex,offered_50,16384,5,1.30459,45.8862,45.3927,18.418,124.497,138.733,148.725,676.229,792.004,128,1.54104
futex,offered_50,16384,6,1.32001,57.1196,47.908,27.396,127.237,142.561,153.223,673.815,795.947,128,1.51158
futex,offered_50,16384,7,1.31607,25.369,28.7634,15.412,110.984,128.437,141.455,660.526,738.633,129,1.53897
futex,offered_50,16384,8,1.31233,23.0438,35.5359,15.577,75.898,191.391,295.699,661.84,831.244,128,1.58666
futex,offered_50,16384,9,1.30349,18.3312,19.5731,14.399,37.808,114.325,192.624,668.722,707.281,128,1.6203
futex,offered_50,16384,10,1.30515,23.1852,29.4906,14.811,95.855,161.591,232.829,671.334,752.356,129,1.59417
futex,offered_50,16384,11,1.30467,22.6152,25.0218,14.929,102.756,125.433,144.247,669.634,751.009,128,1.57687
futex,offered_50,16384,12,1.30142,18.902,23.707,14.036,38.789,151.493,206.252,672.44,749.916,128,1.63049
futex,offered_50,16384,13,1.30725,16.2075,12.1928,14.308,29.692,63.081,153.802,665.482,693.203,128,1.58797
futex,offered_50,16384,14,1.30568,16.4393,13.8389,14.073,30.825,92.148,164.613,668.944,701.625,130,1.59565
futex,offered_50,16384,15,1.30604,18.8371,19.1638,14.579,44.012,126.262,163.648,669.782,726.436,128,1.60176
futex,offered_50,65536,1,4.31282,35.6241,16.2412,35.357,60.366,74.46,123.889,645.864,756.019,42,4.34895
futex,offered_50,65536,2,4.32374,35.0149,18.9595,33.63,67.948,109.438,129.528,651.893,706.228,37,4.39409
futex,offered_50,65536,3,4.28038,32.8737,17.6366,32.007,65.165,95.955,107.543,655.138,678.154,35,4.47107
futex,offered_50,65536,4,4.309,36.4447,20.8733,33.097,71.668,94.678,258.832,661.906,695.908,32,4.51485
futex,offered_50,65536,5,4.29859,34.5913,21.4968,32.186,75.775,121.344,143.236,640.303,706.097,47,4.39607
futex,offered_50,65536,6,4.30864,34.3613,15.4525,33.92,62.73,88.003,97.247,655.931,737.528,38,4.38988
futex,offered_50,65536,7,4.28945,35.4004,17.1147,34.893,63.15,96.531,103.703,659.538,703.022,37,4.43392
futex,offered_50,65536,8,4.33956,36.4041,16.9554,35.896,64.963,96.198,102.383,659.647,723.878,32,4.31895
futex,offered_50,65536,9,4.33469,36.4692,19.4903,35.212,73.265,91.418,146.24,640.319,776.656,35,4.42803
futex,offered_50,65536,10,4.30809,68.9282,185.088,34.346,94.924,1109.59,1116.46,660.584,1764.16,31,4.2334
futex,offered_50,65536,11,4.27677,35.9183,22.0814,33.094,77.499,135.144,168.498,659.664,692.061,35,4.46684
futex,offered_50,65536,12,4.33242,37.7686,30.5796,34.499,60.761,198.138,287.074,655.788,710.105,32,4.50202
futex,offered_50,65536,13,4.34794,37.7643,28.4405,33.525,63.392,174.44,203.022,658.839,710.26,32,4.48061
futex,offered_50,65536,14,4.3246,35.2546,22.0922,31.841,97.905,114.256,125.149,658.577,694.25,32,4.40489
futex,offered_50,65536,15,4.33154,36.5723,20.5861,34.914,79.87,107.062,121.882,652.393,692.467,35,4.40397
futex,offered_50,262144,1,9.55878,52.1461,30.0374,39.155,115.481,140.439,155.951,711.688,900.204,48,14.5646
futex,offered_50,262144,2,9.43544,40.9459,29.7453,31.834,104.78,155.172,190.786,7.079,888.827,88,15.1618
futex,offered_50,262144,3,9.22246,28.6346,33.5521,23.449,117.631,177.996,219.581,7.177,745.961,202,15.892
futex,offered_50,262144,4,8.36436,76.8705,181.207,11.67,609.544,838.263,951.909,5.558,722.26,545,19.242
futex,offered_50,262144,5,8.12384,69.4798,141.243,9.841,430.138,618.062,785.559,6.14,726.498,716,19.1861
futex,offered_50,262144,6,7.72511,70.1376,151.141,4.418,408.869,710.562,985.221,6.891,709.34,963,20.158
futex,offered_50,262144,7,7.82161,67.6637,145.997,4.153,455.613,654.71,727.35,6.028,716.321,957,19.6122
futex,offered_50,262144,8,7.68028,80.1911,142.706,7.251,429.259,618.498,898.357,6.595,714.751,832,20.513
futex,offered_50,262144,9,7.8174,31.6903,76.5778,4.001,173.242,490.22,558.241,6.35,712.064,1031,19.3948
futex,offered_50,262144,10,9.05377,26.071,23.5694,25.468,76.997,103.426,114.041,5.068,808.757,381,15.4751
futex,offered_50,262144,11,9.12452,33.6421,24.1577,29.953,89.774,108.441,130.919,6.543,892.842,228,15.1569
futex,offered_50,262144,12,9.3821,43.2527,24.6444,33.965,95.73,115.079,134.528,5.99,955.562,100,14.4147
futex,offered_50,262144,13,9.49311,41.1666,23.3816,33.316,94.281,104.715,126.544,6.28,977.54,91,14.5133
futex,offered_50,262144,14,9.29555,36.8327,28.1179,32.094,96.504,133.094,151.772,5.931,905.307,129,14.7089
futex,offered_50,262144,15,9.29466,38.2084,37.1627,26.888,144.149,179.725,207.796,12.545,807.463,100,15.6358
futex,offered_50,1048576,1,6.85739,161.468,214.391,34.311,633.332,743.571,780.526,41.175,734.243,240,115.966
futex,offered_50,1048576,2,7.44413,69.7274,145.384,4.302,436.705,642.105,683.844,40.652,706.387,372,94.3112
futex,offered_50,1048576,3,8.08363,4.07045,1.00731,3.914,4.456,8.123,17.494,38.049,691.644,511,74.2397
futex,offered_50,1048576,4,8.00298,20.7842,93.1652,3.95,16.354,578.919,834.241,40.252,751.948,489,75.9353
futex,offered_50,1048576,5,8.02085,4.1568,1.75497,3.934,4.441,10.54,31.06,39.273,755.14,512,74.373
futex,offered_50,1048576,6,8.13069,4.73555,7.44489,3.95,4.77,16.837,125.855,40.391,696.417,507,73.0056
futex,offered_50,1048576,7,7.95546,15.3205,46.2745,3.979,80.922,241.602,430.867,39.623,722.783,458,80.5072
futex,offered_50,1048576,8,7.25619,119.94,202.952,4.481,595.953,767.104,879.955,41.538,740.133,317,100.572
futex,offered_50,1048576,9,6.84598,149.224,240.86,6.007,688.868,1000.51,1189.57,39.964,743.487,279,114.31
futex,offered_50,1048576,10,7.28884,96.5106,175.884,4.447,561.378,688.783,729.978,41.218,662.666,326,100.985
futex,offered_50,1048576,11,8.0705,7.12521,17.2784,3.926,15.116,117.458,166.765,38.069,750.801,487,76.8486
futex,offered_50,1048576,12,7.97311,10.9427,43.3582,3.971,8.622,252.286,450.628,40.621,740.648,495,76.1117
futex,offered_50,1048576,13,8.05186,7.20451,16.7748,3.962,13.004,109.589,137.545,40.367,760.275,489,75.7961
futex,offered_50,1048576,14,7.50534,72.5319,168.451,4.124,526.179,751.905,833.542,40.434,709.629,382,92.5513
futex,offered_50,1048576,15,6.90086,208.165,249.364,68.834,704.349,782.385,937.097,41.79,782.102,203,115.539
futex,offered_75,64,1,0.0149711,6.9889,41.9563,3.489,8.347,65.255,797.52,253.222,301.718,4115,0.177821
futex,offered_75,64,2,0.0147953,9.39677,59.2767,3.495,8.939,120.084,842.383,253.258,358.988,4097,0.17674
futex,offered_75,64,3,0.0148877,7.073,38.3736,3.582,9.443,67.016,656.36,253.135,302.838,4157,0.176535
futex,offered_75,64,4,0.0149656,5.84761,34.764,3.449,5.112,52.496,748.55,253.247,285.34,4152,0.173527
futex,offered_75,64,5,0.0150005,5.92304,23.9579,3.482,6.075,73.436,377.289,253.239,313.433,4104,0.174323
futex,offered_75,64,6,0.0144302,6.58145,37.1371,3.568,9.849,60.428,680.881,253.3,785.379,4166,0.179832
futex,offered_75,64,7,0.0149824,5.83178,26.5351,3.52,7.587,60.988,273.849,253.268,296.243,4170,0.180973
futex,offered_75,64,8,0.0151724,3.58547,2.67722,3.446,4.398,4.829,50.501,253.213,254.813,4143,0.167711
futex,offered_75,64,9,0.0151821,3.85152,13.7213,3.45,4.39,4.865,61.69,253.205,254.433,4124,0.167966
futex,offered_75,64,10,0.0150558,5.63692,58.7518,3.483,4.802,47.313,140.073,253.197,269.488,4120,0.172645
futex,offered_75,64,11,0.0151248,5.22761,31.4064,3.492,5.24,30.641,144.409,253.172,274.766,4113,0.174297
futex,offered_75,64,12,0.014962,4.582,8.48021,3.42,5.092,44.566,131.753,253.259,278.532,4181,0.176833
futex,offered_75,64,13,0.0149207,5.75192,30.4378,3.426,5.209,53.904,701.378,253.262,292.113,4134,0.17715
futex,offered_75,64,14,0.014961,4.91919,12.4958,3.427,6.043,51.088,168.491,253.262,286.904,4170,0.176195
futex,offered_75,64,15,0.0148962,8.05851,62.0849,3.509,9.085,74.346,618.709,253.253,309.138,4096,0.174895
futex,offered_75,256,1,0.0596162,5.89706,12.0688,4.258,9.509,55.307,145.277,252.216,274.299,1024,0.199935
futex,offered_75,256,2,0.0588924,6.40915,18.1076,4.313,7.178,79.538,247.013,252.267,290.804,1025,0.202622
futex,offered_75,256,3,0.0573241,14.3953,80.0187,4.397,12.241,600.221,867.378,252.443,847.788,1014,0.206477
futex,offered_75,256,4,0.0576857,14.4254,90.3692,4.807,11.91,123.269,1315.2,252.244,326.927,1018,0.213458
futex,offered_75,256,5,0.0589631,7.70651,41.7628,4.311,9.35,54.724,706.515,252.22,294.707,1021,0.199547
futex,offered_75,256,6,0.0588295,6.3261,21.5626,4.241,6.57,70.43,123.441,252.23,304.47,1024,0.200128
futex,offered_75,256,7,0.0593356,6.58924,16.4393,4.224,6.651,85.168,205.126,252.192,317.261,1025,0.197509
futex,offered_75,256,8,0.0595804,5.67128,9.56292,4.211,10.674,51.504,111.925,252.17,286.641,1024,0.200633
futex,offered_75,256,9,0.0601491,4.52721,4.39915,4.216,5.125,10.672,58.402,252.185,254,1025,0.192433
futex,offered_75,256,10,0.0592708,7.52035,38.9495,4.23,6.555,78.152,794.462,252.212,301.768,1022,0.205469
futex,offered_75,256,11,0.0583059,12.2732,64.0123,4.376,19.57,229.754,1177.85,252.287,477.993,1015,0.21162
futex,offered_75,256,12,0.0598392,4.8483,6.3475,4.205,5.228,35.891,70.079,252.183,268.881,1024,0.194199
futex,offered_75,256,13,0.0604161,4.7139,5.34136,4.213,5.111,48.674,63.583,252.142,253.674,1024,0.191844
futex,offered_75,256,14,0.0599327,4.54011,4.79417,4.168,5.068,15.945,63.282,252.17,253.833,1024,0.192396
futex,offered_75,256,15,0.0585146,12.0654,73.0204,4.367,13.01,139.128,742.773,252.237,338.794,1018,0.210337
futex,offered_75,1024,1,0.231365,11.0626,31.3656,5.988,16.086,174.533,333.06,250.21,423.129,254,0.287567
futex,offered_75,1024,2,0.229491,13.3513,60.5042,5.952,14.275,172.674,719.945,250.118,419.872,256,0.284424
futex,offered_75,1024,3,0.232205,5.60869,1.43851,5.881,6.666,9.001,19.21,250.137,251.387,256,0.260056
futex,offered_75,1024,4,0.232451,5.54225,1.13476,5.836,6.744,7.423,13.86,250.101,251.414,256,0.259614
futex,offered_75,1024,5,0.223757,16.7263,176.35,5.877,7.331,11.398,2834.83,250.112,252.402,255,0.26225
futex,offered_75,1024,6,0.232542,5.55213,1.10936,5.862,6.722,7.498,12.85,250.132,251.511,256,0.258686
futex,offered_75,1024,7,0.232685,5.53238,1.16175,5.821,6.721,7.794,13.744,250.201,252.612,256,0.259182
futex,offered_75,1024,8,0.232514,5.51707,1.12271,5.81,6.7,7.551,13.548,250.191,251.585,256,0.258795
futex,offered_75,1024,9,0.2321,5.55046,1.13138,5.855,6.736,7.49,14.595,250.199,252.8,256,0.2603
futex,offered_75,1024,10,0.232186,5.45179,1.14383,5.734,6.69,7.414,13.456,250.07,251.865,256,0.259914
futex,offered_75,1024,11,0.232554,5.52109,1.07167,5.837,6.718,7.374,9.679,250.123,251.753,256,0.259249
futex,offered_75,1024,12,0.232616,5.56272,1.09806,5.89,6.743,7.562,11.544,250.158,253.418,256,0.259732
futex,offered_75,1024,13,0.232629,5.51525,1.07299,5.823,6.69,7.406,10.51,250.167,251.992,256,0.259102
futex,offered_75,1024,14,0.23088,5.53062,1.52659,5.791,6.65,7.472,24.746,250.275,254.13,256,0.260547
futex,offered_75,1024,15,0.232449,7.48094,10.8945,5.957,6.915,78.009,84.072,250.177,255.922,256,0.264389
futex,offered_75,4096,1,0.897114,5.04612,8.72386,3.656,4.698,55.586,83.773,251.189,252.474,512,0.41215
futex,offered_75,4096,2,0.896132,5.98127,10.7786,3.585,12.901,56.195,119.842,251.168,295.559,512,0.421026
futex,offered_75,4096,3,0.88498,11.4402,71.0075,3.626,20.358,177.042,1503.52,251.325,413.029,509,0.444072
futex,offered_75,4096,4,0.896073,5.05207,8.68051,3.645,4.876,59.955,85.619,251.238,256.135,512,0.411591
futex,offered_75,4096,5,0.894803,4.37429,7.25613,3.554,4.714,19.04,133.506,251.178,254.925,512,0.42751
futex,offered_75,4096,6,0.894544,4.46352,6.18782,3.564,5.37,26.301,80.756,251.195,271.342,512,0.42765
futex,offered_75,4096,7,0.895372,4.07872,3.93256,3.541,4.871,16.029,58.813,251.23,260.267,512,0.416921
futex,offered_75,4096,8,0.895534,5.43557,9.07423,3.622,11.935,55.233,101.932,251.27,287.465,512,0.422304
futex,offered_75,4096,9,0.896259,4.4254,7.11333,3.544,4.732,31.117,132.548,251.2,279.589,512,0.418495
futex,offered_75,4096,10,0.897072,5.64325,12.4359,3.623,12.17,54.34,125.857,251.229,281.498,511,0.440988
futex,offered_75,4096,11,0.894097,5.84223,12.1207,3.59,12.095,58.319,182.585,251.33,290.635,512,0.42938
futex,offered_75,4096,12,0.891284,10.3489,32.9234,3.675,48.025,199.076,393.77,251.374,456.423,510,0.433639
futex,offered_75,4096,13,0.89533,6.79379,15.4602,3.741,18.996,79.856,196.2,251.292,295.237,514,0.435299
futex,offered_75,4096,14,0.875008,13.389,78.2077,3.53,13.106,270.064,909.404,251.527,513.814,504,0.432562
futex,offered_75,4096,15,0.891079,6.18433,15.4779,3.546,12.034,87.966,194.318,251.532,292.089,522,0.449301
futex,offered_75,16384,1,3.20966,11.9596,13.7573,10.489,19.701,72.927,159.132,240.567,246.487,128,1.11921
futex,offered_75,16384,2,3.1835,16.8867,39.4314,10.709,43.69,218.811,398.755,240.822,449.629,128,1.10326
futex,offered_75,16384,3,3.1994,11.7646,13.2197,10.365,19.677,68.81,180.625,240.653,304.713,127,1.11876
futex,offered_75,16384,4,3.20759,11.2352,7.6775,10.451,19.633,45.503,83.56,240.714,255.091,128,1.09524
futex,offered_75,16384,5,3.20674,12.7821,18.5957,10.525,20.503,90.465,200.657,240.682,337.773,128,1.09773
futex,offered_75,16384,6,3.2023,19.6477,40.7781,11.107,54.674,223.462,308.982,240.625,450.503,127,1.09773
futex,offered_75,16384,7,3.21757,10.7552,6.17115,10.507,17.093,40.402,65.454,240.686,245.683,128,1.0969
futex,offered_75,16384,8,3.21538,9.86239,3.59707,10.171,14.625,16.549,20.369,240.809,244.452,128,1.06603
futex,offered_75,16384,9,3.22004,9.97595,3.65962,10.291,14.867,17.132,19.306,240.814,243.498,128,1.06897
futex,offered_75,16384,10,3.21518,9.95437,3.61559,10.331,14.685,16.844,19.011,240.722,243.819,128,1.06503
futex,offered_75,16384,11,3.21355,11.7624,14.644,10.392,18.86,110.683,189.448,240.77,252.719,128,1.12904
futex,offered_75,16384,12,3.2137,12.6158,14.5125,10.706,23.41,112.178,130.028,240.698,276.029,128,1.10725
futex,offered_75,16384,13,3.21739,11.8813,14.9321,10.4,18.401,93.426,168.286,240.789,248.071,128,1.12128
futex,offered_75,16384,14,3.21572,10.3691,7.35334,10.218,14.808,18.769,103.512,240.804,244.32,128,1.07408
futex,offered_75,16384,15,3.20952,9.99338,3.66274,10.317,14.879,17.378,19.963,240.762,243.927,128,1.06755
futex,offered_75,65536,1,8.19592,28.5156,21.1626,25.41,62.059,124.662,167.607,225.483,275.72,32,4.0961
futex,offered_75,65536,2,8.25897,45.8654,26.4633,51.435,78.591,145.171,164.687,246.078,343.085,36,3.90098
futex,offered_75,65536,3,8.22004,24.533,18.4282,23.071,54.197,62.582,234.121,224.997,254.52,32,4.19158
futex,offered_75,65536,4,8.13131,32.5786,22.0665,28.579,73.681,100.831,138.889,211.361,272.061,44,4.19046
futex,offered_75,65536,5,8.22953,30.178,26.2085,25.654,88.078,165.745,179.251,184.49,298.378,52,4.35193
futex,offered_75,65536,6,8.24052,31.3573,23.2901,26.866,72.095,88.929,174.571,197.176,280.536,52,4.15473
futex,offered_75,65536,7,8.25865,48.5572,24.027,51.204,73.42,152.84,168.705,234.174,269.916,32,3.99483
futex,offered_75,65536,8,8.18073,23.0696,12.5151,23.108,53.304,59.119,60.817,225.775,269.677,36,3.99512
futex,offered_75,65536,9,8.32648,33.4445,20.3655,29.414,66.467,77.65,82.628,225.383,307.308,32,3.85272
futex,offered_75,65536,10,8.27197,39.479,26.2367,30.97,63.282,156.254,170.326,225.862,386.956,32,3.84139
futex,offered_75,65536,11,8.26931,40.1164,19.4652,49.46,63.242,73.349,79.693,228.318,304.457,37,3.8438
futex,offered_75,65536,12,8.20468,31.974,19.6609,27.847,60.578,73.25,84.637,226.238,271.816,37,3.87522
futex,offered_75,65536,13,8.32299,43.5886,19.2214,51.968,64.903,76.458,88.16,251.572,292.246,32,3.76229
futex,offered_75,65536,14,8.26196,41.2643,17.905,49.973,60.884,65.632,67.891,249.732,278.306,32,3.80332
futex,offered_75,65536,15,8.28433,39.3833,19.026,48.195,62.798,66.202,72.648,226.513,294.42,32,3.78814
futex,offered_75,262144,1,11.0311,59.5741,119.487,11.543,314.216,601.036,636.886,5.637,297.376,483,17.9661
futex,offered_75,262144,2,10.382,79.0015,157.817,4.144,509.26,672.55,696.853,5.804,258.444,814,19.0843
futex,offered_75,262144,3,10.7855,50.3808,120.692,3.646,351.634,611.747,664.18,5.629,257.647,768,17.9288
futex,offered_75,262144,4,12.8727,30.7253,12.1634,31.16,50.94,71.671,85.82,8.423,302.778,71,14.9833
futex,offered_75,262144,5,12.7929,29.095,13.3318,30.422,52.01,70.66,80.385,6.554,322.702,78,15.0877
futex,offered_75,262144,6,12.7844,29.8722,11.9761,31.106,49.927,64.319,84.662,6.429,323.982,88,15.009
futex,offered_75,262144,7,12.5015,62.2457,109.834,33.79,164.978,714.935,906.195,6.556,323.905,102,15.7622
futex,offered_75,262144,8,9.7552,75.3021,159.314,3.819,468.874,680.493,750.065,5.834,259.716,1026,19.8256
futex,offered_75,262144,9,10.9212,49.6498,120.227,4.061,333.758,646.923,710.774,5.481,256.3,808,17.6142
futex,offered_75,262144,10,12.8237,31.3084,26.5987,30.66,54.772,187.329,248.067,6.661,289.818,106,14.9698
futex,offered_75,262144,11,12.2029,21.5624,14.0881,22.142,47.966,59.557,73.797,5.627,298.441,221,15.731
futex,offered_75,262144,12,12.8782,30.3892,11.6363,31.229,50.035,63.101,75.155,7.545,306.5,78,14.9752
futex,offered_75,262144,13,12.7358,24.8577,13.3299,28.301,47.87,54.184,60.312,5.298,285.492,116,15.2345
futex,offered_75,262144,14,12.8894,38.5912,21.3747,33.042,82.35,124.438,136.13,233.374,325.648,42,15.1421
futex,offered_75,262144,15,10.5181,244.744,402.579,32.764,1149.45,1571.91,1603.38,6.286,302.676,399,19.6748
futex,offered_75,1048576,1,8.55097,4.00627,0.923829,3.877,4.522,4.939,15.245,39.151,264.382,512,74.0981
futex,offered_75,1048576,2,8.42069,15.158,62.7919,3.928,14.636,382.326,587.801,39.917,281.063,489,76.4655
futex,offered_75,1048576,3,8.46608,4.30216,3.65038,3.901,4.547,10.527,66.293,37.915,279.498,507,76.0847
futex,offered_75,1048576,4,8.48936,11.1566,29.9049,3.918,53.819,188.758,201.453,37.732,282.355,469,79.5283
futex,offered_75,1048576,5,7.20545,265.092,418.401,23.755,1314.92,1766.01,1904.15,41.373,303.033,248,114.404
futex,offered_75,1048576,6,7.2417,148.268,220.623,6.197,637.981,859.958,932.392,41.12,287.496,271,112.243
futex,offered_75,1048576,7,7.15103,175.793,332.206,6.222,739.957,1773.39,2037.82,40.834,298.45,276,112.534
futex,offered_75,1048576,8,7.87629,84.6854,179.251,4.155,555.283,728.423,853.241,39.529,283.532,367,94.6552
futex,offered_75,1048576,9,8.50608,4.0247,0.849819,3.886,4.546,6.933,15.726,38.073,281.305,512,75.2214
futex,offered_75,1048576,10,8.41998,179.733,480.816,3.929,1358.85,2053.06,2176.05,37.82,295.522,436,77.797
futex,offered_75,1048576,11,8.53249,4.28197,3.35507,3.897,4.713,10.318,57.211,38.32,251.729,510,75.0953
futex,offered_75,1048576,12,8.49979,8.12189,18.5877,3.942,25.641,126.07,150.298,37.074,283.993,477,78.8959
futex,offered_75,1048576,13,8.19761,31.4662,99.8474,3.954,218.872,513.155,772.684,38.553,298,442,85.1055
futex,offered_75,1048576,14,7.39015,120.894,189.145,4.647,551.648,710.821,757.798,41.667,292.653,291,107.02
futex,offered_75,1048576,15,8.0323,28.5638,79.2634,4.025,179.127,467.247,541.987,39.326,291.023,427,87.4778
futex,offered_90,64,1,0.0343044,4.88279,9.8859,3.467,8.323,47.519,152.959,103.231,132.245,4085,0.177853
futex,offered_90,64,2,0.0342402,4.97667,12.9429,3.434,6.156,57.375,222.765,103.222,125.222,4099,0.176431
futex,offered_90,64,3,0.0341601,4.51487,8.66248,3.421,5.671,40.561,130.413,103.186,123.241,4097,0.171196
futex,offered_90,64,4,0.0341309,4.6442,8.5619,3.435,5.927,48.039,126.253,103.214,127.629,4102,0.174427
futex,offered_90,64,5,0.0342914,4.66193,9.87424,3.397,5.685,50.641,122.453,103.217,127.115,4103,0.174664
futex,offered_90,64,6,0.0341369,4.8607,30.9434,3.373,5.4,26.327,184.076,103.212,121.529,4100,0.1707
futex,offered_90,64,7,0.0343223,4.22568,8.08703,3.369,5.309,26.066,108.237,103.223,118.507,4093,0.171802
futex,offered_90,64,8,0.0343332,4.48339,8.55297,3.403,5.568,38.92,131.568,103.218,123.223,4091,0.173693
futex,offered_90,64,9,0.0342865,4.81256,10.7078,3.425,6.72,50.353,165.52,103.22,140.393,4087,0.173077
futex,offered_90,64,10,0.0328855,6.72184,34.8139,3.476,11.579,74.699,751.065,103.237,174.912,4091,0.179129
futex,offered_90,64,11,0.0341667,4.94388,22.0687,3.393,5.036,36.728,167.385,103.116,120.513,4084,0.169912
futex,offered_90,64,12,0.0342241,5.48806,14.6349,3.45,10.233,60.6,207.82,103.24,142.917,4083,0.182011
futex,offered_90,64,13,0.0342953,4.9661,10.2417,3.444,9.419,57.012,135.198,103.243,141.982,4087,0.176684
futex,offered_90,64,14,0.0343214,4.95104,10.3208,3.461,9.672,58.777,107.389,103.044,140.775,4095,0.169261
futex,offered_90,64,15,0.0343191,5.22323,11.3222,3.449,10.472,62.154,149.221,103.036,139.715,4076,0.172691
futex,offered_90,256,1,0.137338,4.26481,4.82129,4.004,4.919,10.401,89.193,102.084,104.303,1024,0.193244
futex,offered_90,256,2,0.137402,3.80794,0.641025,3.931,4.595,4.853,7.594,102.073,103.181,1024,0.190734
futex,offered_90,256,3,0.137232,3.81891,0.723718,3.93,4.61,5.003,12.111,102.089,103.494,1024,0.19058
futex,offered_90,256,4,0.137402,3.997,0.724615,4.071,4.981,5.328,10.337,102.103,103.295,1024,0.190348
futex,offered_90,256,5,0.137319,3.79678,0.641482,3.915,4.588,4.896,6.293,102.107,103.074,1024,0.190443
futex,offered_90,256,6,0.137233,3.81249,0.66913,3.93,4.601,4.912,8.29,102.072,103.199,1025,0.190895
futex,offered_90,256,7,0.137402,3.81858,0.664401,3.938,4.613,4.91,7.162,102.106,103.218,1024,0.190933
futex,offered_90,256,8,0.137168,4.06218,0.778477,4.126,5.032,5.352,13.585,102.057,103.574,1024,0.19026
futex,offered_90,256,9,0.137357,3.88459,0.73671,3.974,4.772,5.193,10.556,102.131,103.497,1025,0.190613
futex,offered_90,256,10,0.137353,3.88095,0.673127,3.971,4.808,5.25,7.527,102.095,103.978,1024,0.19079
futex,offered_90,256,11,0.137363,4.09699,0.698199,4.181,5.04,5.335,6.318,102.045,103.251,1024,0.189935
futex,offered_90,256,12,0.137275,3.80356,0.619444,3.934,4.596,4.847,6.45,102.107,103.409,1024,0.190804
futex,offered_90,256,13,0.137053,3.94063,0.708256,4.024,4.903,5.276,8.11,102.111,103.872,1024,0.190294
futex,offered_90,256,14,0.137282,3.84092,1.5908,3.921,4.592,4.874,8.427,102.098,102.976,1025,0.190553
futex,offered_90,256,15,0.137263,3.95776,0.686077,4.039,4.92,5.291,8.735,102.081,103.897,1024,0.190379
futex,offered_90,1024,1,0.548096,5.50242,1.28073,5.951,6.565,7.784,13.146,99.293,102.197,257,0.261667
futex,offered_90,1024,2,0.549932,5.48249,1.21487,5.945,6.519,7.303,13.679,99.321,100.337,256,0.261228
futex,offered_90,1024,3,0.547776,5.48496,1.18456,5.956,6.546,7.124,11.044,99.273,101.837,256,0.261369
futex,offered_90,1024,4,0.550606,5.93519,2.48382,6.196,6.96,10.81,40.313,99.247,101.732,256,0.260837
futex,offered_90,1024,5,0.548987,5.69087,1.15028,6.124,6.807,7.054,10.13,99.35,101.708,256,0.260288
futex,offered_90,1024,6,0.550242,5.47529,1.20615,5.974,6.522,6.842,13.868,99.198,100.57,256,0.26106
futex,offered_90,1024,7,0.54813,5.46983,1.20398,5.943,6.513,6.89,14.121,99.246,100.4,257,0.261366
futex,offered_90,1024,8,0.547997,5.51117,1.5885,5.914,6.502,6.865,23.174,99.31,101.781,256,0.26099
futex,offered_90,1024,9,0.547908,5.46697,1.1612,5.954,6.558,6.879,9.581,99.289,102.974,256,0.261041
futex,offered_90,1024,10,0.547263,5.75636,3.53217,5.977,6.785,14.313,91.778,99.305,104.134,256,0.267087
futex,offered_90,1024,11,0.546334,6.79801,12.7033,6.095,9.149,14.761,206.642,99.235,105.049,255,0.265203
futex,offered_90,1024,12,0.550104,5.9057,2.32184,6.075,6.928,14.899,31.119,99.26,107.613,256,0.263132
futex,offered_90,1024,13,0.54857,6.11983,4.08502,6.034,7.739,29.333,49.562,99.228,106.848,256,0.269455
futex,offered_90,1024,14,0.549714,6.09482,4.58284,6.132,6.915,13.754,74.973,99.215,107.258,256,0.262197
futex,offered_90,1024,15,0.550325,6.75504,8.38101,6.197,7.202,60.191,94.439,99.234,156.178,255,0.262479
futex,offered_90,4096,1,1.9535,4.46366,8.65996,3.426,4.899,16.687,111.716,101.057,106.746,510,0.425989
futex,offered_90,4096,2,1.94414,5.4477,18.8597,3.506,5.272,64.204,400.35,101.141,109.887,510,0.424278
futex,offered_90,4096,3,1.92995,5.99057,24.414,3.491,7.777,51.719,514.529,101.097,147.711,509,0.423973
futex,offered_90,4096,4,1.9458,5.34995,18.557,3.447,8.001,38.655,382.26,101.019,110.455,510,0.423825
futex,offered_90,4096,5,1.95689,3.91818,3.61218,3.532,4.504,12.356,59.536,101.106,106.391,512,0.412779
futex,offered_90,4096,6,1.95523,3.5827,0.569213,3.541,4.377,5.022,11.952,101.156,103.674,512,0.407323
futex,offered_90,4096,7,1.9564,3.60122,0.56115,3.553,4.387,5.049,11.624,101.14,104.253,512,0.407915
futex,offered_90,4096,8,1.95796,3.4573,0.908553,3.33,4.19,4.881,18.972,101.064,103.793,512,0.407657
futex,offered_90,4096,9,1.95489,3.37955,0.531921,3.289,4.091,4.752,12.169,100.964,104.093,512,0.408337
futex,offered_90,4096,10,1.95366,3.45183,0.958362,3.309,4.194,5.011,20.505,101.078,104.101,512,0.408096
futex,offered_90,4096,11,1.95221,3.43899,1.30412,3.297,4.17,4.83,30.726,100.968,104.277,512,0.409322
futex,offered_90,4096,12,1.95754,3.407,0.838645,3.287,4.104,4.825,18.236,100.97,103.8,512,0.408467
futex,offered_90,4096,13,1.95698,3.50294,1.77059,3.283,4.168,7.597,30.34,101.088,105.151,512,0.407233
futex,offered_90,4096,14,1.95675,3.83428,2.85271,3.503,4.596,12.116,57.873,101.126,104.955,512,0.41361
futex,offered_90,4096,15,1.95544,6.42849,15.224,3.409,12.781,103.449,150.702,101.017,163.616,507,0.439938
futex,offered_90,16384,1,6.31889,12.4928,12.8627,10.697,23.644,81.225,119.231,89.774,125.872,128,1.09378
futex,offered_90,16384,2,6.30605,13.2178,15.4002,10.393,34.295,106.23,131.566,89.838,151.588,125,1.12407
futex,offered_90,16384,3,6.29526,13.5945,18.2446,10.928,28.143,114.535,261.908,89.688,122.702,124,1.14704
futex,offered_90,16384,4,6.30185,14.1766,18.1836,10.914,35.405,126.644,161.547,89.687,118.701,125,1.13115
futex,offered_90,16384,5,6.18137,17.699,39.7739,11.132,50.412,210.348,408.008,89.721,103.134,123,1.16551
futex,offered_90,16384,6,6.15071,15.5973,31.7341,11.041,37.553,100.78,351.756,89.791,263.414,127,1.12822
futex,offered_90,16384,7,6.34433,12.2624,10.5151,11.242,23.876,51.487,124.799,89.634,105.026,127,1.1114
futex,offered_90,16384,8,6.28653,12.8552,15.0438,10.791,23.982,103.599,201.923,89.716,120.782,127,1.12596
futex,offered_90,16384,9,6.32319,11.8732,8.96891,10.868,22.604,60.841,74.592,89.591,111.136,128,1.105
futex,offered_90,16384,10,6.33863,11.0187,6.22698,10.688,21.481,34.59,61.924,89.725,93.945,128,1.09719
futex,offered_90,16384,11,6.3146,13.1772,12.8824,11.22,28.411,85.992,124.011,89.633,121.655,127,1.1221
futex,offered_90,16384,12,6.25059,15.7128,27.4572,11.217,39.352,147.943,271.463,89.568,135.508,125,1.12426
futex,offered_90,16384,13,6.2519,17.9535,38.2679,11.243,61.482,240.493,385.747,89.596,167.049,124,1.11973
futex,offered_90,16384,14,6.32095,13.5528,14.4797,11.143,34.148,93.505,132.879,89.583,124.357,126,1.12856
futex,offered_90,16384,15,6.24458,15.9059,31.8217,11.125,37.071,126.903,338.806,89.675,114.276,125,1.13539
futex,offered_90,65536,1,11.9565,26.7285,23.7619,22.761,70.843,93.553,300.242,74.796,91.248,31,4.12781
futex,offered_90,65536,2,11.905,25.0761,17.32,23.454,54.963,115.529,130.771,75.111,149.776,30,4.08401
futex,offered_90,65536,3,11.7134,25.8542,22.2494,22.177,66.742,143.634,189.483,75.115,91.514,31,4.16894
futex,offered_90,65536,4,11.8521,27.1491,22.5839,23.419,64.865,121.385,152.114,75.902,84.151,31,4.14609
futex,offered_90,65536,5,11.7803,25.0537,21.0297,22.554,62.173,134.803,144.318,75.82,148.967,30,4.11256
futex,offered_90,65536,6,11.6722,29.3944,25.3718,24.303,68.757,135.224,159.239,74.974,181.932,31,4.21568
futex,offered_90,65536,7,11.8241,25.4827,20.433,21.948,65.274,119.23,127.358,75.232,142.365,32,4.09704
futex,offered_90,65536,8,11.8654,29.7591,28.2025,23.297,112.769,140.727,149.948,75.639,237.149,30,4.0811
futex,offered_90,65536,9,11.9844,30.8222,24.5042,26.507,59.653,155.704,165.241,74.746,111.894,31,4.02347
futex,offered_90,65536,10,11.7926,29.486,28.4062,23.297,70.931,154.209,165.294,75.265,90.216,30,4.19934
futex,offered_90,65536,11,11.8903,26.8452,19.8798,24.282,64.66,128.995,137.013,75.526,111.157,30,4.12126
futex,offered_90,65536,12,11.8654,22.6975,11.5012,22.791,43.545,58.025,65.207,75.715,106.362,32,4.05044
futex,offered_90,65536,13,11.8672,29.4115,24.4321,25.295,70.115,149.871,157.61,75.574,115.348,29,4.15535
futex,offered_90,65536,14,11.925,24.1605,16.1637,22.484,55.564,88.309,121.385,75.409,78.903,32,4.03636
futex,offered_90,65536,15,11.6797,29.6655,24.7357,24.822,80.026,123.164,166.187,75.426,160.219,29,4.25051
futex,offered_90,262144,1,14.537,28.3334,20.7545,26.408,67.218,99.973,142.917,5.652,145.178,96,15.4489
futex,offered_90,262144,2,14.7529,35.182,25.7395,30.238,95.012,139.03,173.829,52.954,154.13,57,15.2468
futex,offered_90,262144,3,14.8532,34.8349,23.1677,30.206,77.07,136.059,162.343,5.933,131.155,72,15.239
futex,offered_90,262144,4,14.029,60.1393,115.27,29.583,340.568,664.866,753.21,5.712,249.57,99,15.9062
futex,offered_90,262144,5,13.5307,9.50722,10.1348,5.649,29.876,50.747,57.998,5.611,128.68,341,15.9641
futex,offered_90,262144,6,14.5929,22.5934,10.2191,24.183,36.233,51.047,59.101,49.032,225.507,62,15.3516
futex,offered_90,262144,7,14.7112,26.3984,10.3162,28.254,41.586,52.108,75.94,13.392,153.568,65,15.1712
futex,offered_90,262144,8,14.7606,25.0014,9.44329,26.407,35.832,50.17,70.535,76.309,152.162,52,15.2372
futex,offered_90,262144,9,14.5611,23.3362,10.2296,24.537,38.925,49.679,52.143,23.545,137.54,66,15.337
futex,offered_90,262144,10,13.544,14.8964,14.8328,8.354,44.857,59.205,81.164,5.281,143.623,348,15.8793
futex,offered_90,262144,11,14.7076,24.8096,11.1335,26.105,42.667,52.634,64.292,34.857,192.156,64,15.1928
futex,offered_90,262144,12,14.4743,23.9534,12.9178,26.154,46.97,52.729,62.439,5.928,150.213,112,15.2045
futex,offered_90,262144,13,14.8671,26.721,9.89178,28.839,40.108,52.073,60.457,62.218,167.311,59,15.0721
futex,offered_90,262144,14,14.5342,21.4613,9.99124,23.149,34.775,48.831,51.414,6.011,157.752,88,15.4042
futex,offered_90,262144,15,14.0633,19.1266,12.48,19.699,38.249,49.534,56.477,7.396,138.963,162,15.6088
futex,offered_90,1048576,1,8.92753,4.16499,0.472871,4.083,4.685,5.246,9.715,37.982,146.395,512,71.9961
futex,offered_90,1048576,2,8.72303,13.3882,57.5999,4.118,4.953,335.127,589.324,38.112,139.977,494,75.4977
futex,offered_90,1048576,3,8.88779,4.06728,0.448512,3.99,4.564,5.556,8.478,39.359,140.354,512,70.9009
futex,offered_90,1048576,4,8.8964,3.98653,0.335745,3.941,4.403,4.814,8.592,39.557,140.464,512,70.6177
futex,offered_90,1048576,5,8.74318,233.785,592.647,4.019,1889.73,2467.17,2529.57,39.816,141.325,429,73.7552
futex,offered_90,1048576,6,8.86581,3.99896,0.364515,3.938,4.509,4.827,8.187,39.536,136.6,512,71.0121
futex,offered_90,1048576,7,8.91768,4.00574,0.398783,3.942,4.484,4.817,8.013,39.388,141.086,512,70.2427
futex,offered_90,1048576,8,8.72547,113.651,368.536,4.011,1165.43,1723.89,1776.85,39.646,142.286,458,73.3969
futex,offered_90,1048576,9,8.90885,4.39431,5.41181,3.941,4.521,6.644,106.829,39.799,141.906,510,70.1101
futex,offered_90,1048576,10,8.88208,281.929,669.386,4.072,2217.05,2614.01,2684.22,39.557,140.875,409,73.1756
futex,offered_90,1048576,11,8.68132,557.595,1081.19,4.114,3197.73,3627.16,3706.85,40.572,142.001,366,77.3612
futex,offered_90,1048576,12,8.91593,4.10133,1.69159,3.972,4.505,5.536,41.221,39.807,143.006,512,69.7631
futex,offered_90,1048576,13,8.92105,4.04995,0.852381,3.944,4.49,5.01,16.725,39.256,136.35,512,70.6115
futex,offered_90,1048576,14,8.74269,9.0407,34.7354,3.98,4.709,191.221,383.717,39.586,141.594,498,73.1871
futex,offered_90,1048576,15,8.91239,4.02555,0.354814,3.963,4.468,5.158,7.669,39.84,141.594,512,70.0593
futex,saturated,64,1,0.129248,0.477394,0.652975,0.294,0.767,3.613,8.133,0.477,0.677,208781,0.459813
futex,saturated,64,2,0.12705,0.506459,0.773896,0.314,1.131,3.8,10.329,0.475,0.674,218446,0.468066
futex,saturated,64,3,0.128187,0.523707,1.17759,0.309,1.385,3.886,10.094,0.475,0.672,214958,0.463126
futex,saturated,64,4,0.126891,0.531972,1.41989,0.319,1.363,4.011,9.913,0.475,0.67,218576,0.468123
futex,saturated,64,5,0.125501,0.553012,1.67558,0.439,1.236,3.92,10.328,0.48,0.67,205796,0.47302
futex,saturated,64,6,0.123398,0.508025,1.07838,0.457,0.821,3.268,7.421,0.482,0.667,200910,0.481469
futex,saturated,64,7,0.127113,0.558864,1.78762,0.316,1.374,4.262,11.472,0.475,0.669,217366,0.466654
futex,saturated,64,8,0.124293,0.524141,1.2088,0.441,0.948,3.626,10.794,0.48,0.671,209242,0.477863
futex,saturated,64,9,0.125758,0.494445,1.05432,0.312,0.762,3.546,9.961,0.476,0.666,222100,0.472464
futex,saturated,64,10,0.12535,0.483229,0.78753,0.319,0.741,3.387,9.697,0.478,0.669,217705,0.473931
futex,saturated,64,11,0.128466,0.48388,0.869769,0.291,0.768,3.504,8.482,0.475,0.673,214507,0.462671
futex,saturated,64,12,0.122177,0.527663,0.885406,0.46,0.921,3.562,10.801,0.481,0.672,202848,0.485783
futex,saturated,64,13,0.122292,0.505866,0.804914,0.459,0.764,3.318,9.54,0.481,0.673,202818,0.486134
futex,saturated,64,14,0.126411,0.523738,1.21283,0.318,1.319,3.803,9.962,0.475,0.668,219976,0.469643
futex,saturated,64,15,0.125829,0.508528,1.2328,0.317,0.766,3.857,8.749,0.477,0.668,219970,0.47218
futex,saturated,256,1,0.888612,0.855271,2.26038,0.328,3.353,5.404,19.434,0.244,0.712,12903,0.265333
futex,saturated,256,2,0.843618,0.656179,1.57373,0.29,2.945,5.351,19.09,0.244,0.749,15625,0.281199
futex,saturated,256,3,0.859356,0.834053,2.39312,0.323,3.262,7.127,18.564,0.25,0.756,14403,0.274745
futex,saturated,256,4,0.860666,0.669684,2.5986,0.307,2.335,6.595,18.94,0.244,0.724,14397,0.273829
futex,saturated,256,5,0.838158,0.626118,1.37773,0.278,3.179,6.62,18.062,0.244,0.72,15968,0.283172
futex,saturated,256,6,0.864852,0.730641,2.96161,0.309,2.765,6.735,18.049,0.244,0.755,14268,0.273208
futex,saturated,256,7,0.869319,0.759933,2.37144,0.315,2.935,6.951,18.252,0.243,0.72,13798,0.270612
futex,saturated,256,8,0.832903,0.816587,2.57431,0.286,3.591,8.445,19.674,0.246,0.735,16036,0.28379
futex,saturated,256,9,0.828895,0.562549,2.29948,0.274,1.249,5.189,20.136,0.244,0.717,16212,0.28456
futex,saturated,256,10,0.83606,0.731426,2.64036,0.31,2.709,6.272,18.455,0.253,0.755,15850,0.283027
futex,saturated,256,11,0.854835,0.827946,2.79482,0.297,4.032,9.365,17.922,0.244,0.738,14819,0.276649
futex,saturated,256,12,0.851733,0.682653,2.81278,0.285,2.455,7.646,19.167,0.243,0.712,15067,0.277654
futex,saturated,256,13,0.885689,0.652822,1.38278,0.329,2.067,5.488,19.147,0.25,0.757,13319,0.267877
futex,saturated,256,14,0.87533,0.885432,2.62184,0.318,3.657,7.617,19.662,0.244,0.709,13577,0.269179
futex,saturated,256,15,0.847672,0.60531,2.12532,0.282,2.021,5.54,18.808,0.243,0.72,15193,0.278581
futex,saturated,1024,1,4.75524,12.1934,0.713619,12.072,13.352,15.436,16.776,13.373,13.373,1,0.2003
futex,saturated,1024,2,4.49421,12.6237,4.83773,12.015,14.296,22.65,87.175,151.989,151.989,1,0.203957
futex,saturated,1024,3,4.53486,12.2967,3.47395,11.889,13.451,17.688,67.816,185.968,185.968,1,0.199903
futex,saturated,1024,4,4.53599,12.3055,3.48344,11.897,13.143,18.004,68.868,171.619,171.619,1,0.200895
futex,saturated,1024,5,4.4951,12.4784,3.08382,12.101,13.646,17.101,61.849,173.475,173.475,1,0.202532
futex,saturated,1024,6,4.51701,12.268,3.30954,11.913,13.166,16.7,65.158,198.419,198.419,1,0.200072
futex,saturated,1024,7,4.47925,12.5502,3.72724,11.966,14.083,27.65,65.624,139.705,139.705,1,0.205301
futex,saturated,1024,8,4.65925,12.271,1.63148,12.041,13.11,15.535,36.882,53.397,53.397,1,0.202187
futex,saturated,1024,9,4.46413,12.7731,4.51989,12.042,15.14,25.23,81.348,116.164,116.164,1,0.207525
futex,saturated,1024,10,4.60607,12.3989,0.825481,12.293,13.477,15.141,15.583,0,0,0,0.207122
futex,saturated,1024,11,4.57461,12.2784,3.32895,11.932,12.829,17.346,66.212,165.016,165.016,1,0.19953
futex,saturated,1024,12,4.55066,12.5802,1.76448,12.298,13.617,16.099,40.716,51.735,51.735,1,0.207132
futex,saturated,1024,13,4.69289,12.2469,1.61722,12.045,12.883,17.114,37.982,53.431,53.431,1,0.200709
futex,saturated,1024,14,4.55652,12.4358,3.42922,12.001,13.426,16.468,67.075,142.243,142.243,1,0.201554
futex,saturated,1024,15,4.55292,12.4114,3.49912,12.025,13.216,16.557,68.596,154.745,154.745,1,0.201081
futex,saturated,4096,1,10.5541,13.071,5.73364,13.198,21.933,22.262,24.917,27.615,33.258,4,0.35953
futex,saturated,4096,2,10.4878,18.4329,4.60799,20.705,22.191,26.448,31.261,236.003,236.003,1,0.35732
futex,saturated,4096,3,10.5899,13.6547,5.93845,14.509,21.841,26.715,64.388,174.771,174.771,1,0.355449
futex,saturated,4096,4,10.6808,13.3218,3.84619,12.381,21.689,27.247,65.567,121.583,121.583,1,0.35397
futex,saturated,4096,5,10.548,13.7474,7.12073,11.851,21.979,24.37,96.034,232.58,232.58,1,0.355054
futex,saturated,4096,6,10.6139,13.8344,5.35686,13.41,21.84,23.29,60.588,194.543,194.543,1,0.353971
futex,saturated,4096,7,10.6082,8.40451,2.52488,8.106,12.425,13.308,16.166,151.407,151.407,1,0.355358
futex,saturated,4096,8,10.6842,10.3376,3.91015,10.045,19.347,21.116,25.167,58.451,58.451,1,0.355554
futex,saturated,4096,9,10.6686,8.5513,3.47313,7.686,16.999,17.837,20.308,59.263,59.263,1,0.35602
futex,saturated,4096,10,10.5942,7.1315,2.32721,6.757,11.409,12.607,15.713,141.797,141.797,1,0.356049
futex,saturated,4096,11,10.6539,9.14895,2.12574,8.972,12.665,13.257,15.742,119.814,119.814,1,0.354696
futex,saturated,4096,12,10.7284,8.26481,2.13058,8.779,11.091,12.751,15.6,19.957,19.957,1,0.355264
futex,saturated,4096,13,10.7495,7.56773,2.55077,7.271,11.976,12.866,15.027,4.684,4.684,1,0.354924
futex,saturated,4096,14,10.6322,8.09399,1.93976,7.687,11.629,12.026,14.883,115.237,115.237,1,0.355575
futex,saturated,4096,15,10.6305,7.81001,1.78955,7.767,11.267,12.081,14.313,101.755,101.755,1,0.35605
futex,saturated,16384,1,15.9239,52.3082,4.26637,53.462,54.999,57.406,57.931,96.961,96.961,1,0.949063
futex,saturated,16384,2,15.7087,52.382,6.28961,53.354,58.416,71.102,86.453,132.007,132.007,1,0.95722
futex,saturated,16384,3,15.9582,53.1694,3.06546,53.429,56.172,66.818,74.835,121.914,121.914,1,0.943309
futex,saturated,16384,4,16.0924,52.6893,3.53456,53.472,55.565,57.151,62.393,54.269,54.269,1,0.943192
futex,saturated,16384,5,15.9576,53.3795,2.49188,53.754,55.743,61.567,62.857,167.864,167.864,1,0.937795
futex,saturated,16384,6,15.6944,52.7389,5.26932,53.596,57.393,71.579,82.713,142.015,142.015,1,0.95686
futex,saturated,16384,7,15.5677,50.1896,6.75337,53.021,56.769,64.31,82.558,136.423,136.423,1,0.965571
futex,saturated,16384,8,15.9356,53.1055,3.11706,53.617,56.368,64.169,72.498,147.89,147.89,1,0.941561
futex,saturated,16384,9,16.1213,51.7369,6.46472,53.429,55.2,56.762,57.839,22.415,22.415,1,0.945061
futex,saturated,16384,10,15.8346,53.2268,2.41766,53.721,56.836,58.401,60.839,99.401,99.401,1,0.953774
futex,saturated,16384,11,15.8297,52.0315,5.75648,53.355,56.607,68.549,81.571,15.357,15.357,1,0.962035
futex,saturated,16384,12,15.7991,53.9501,2.56368,53.883,58.116,63.24,68.589,182.126,182.126,1,0.945624
futex,saturated,16384,13,16.0133,53.4484,1.94226,53.719,55.143,57.66,65.444,127.41,127.41,1,0.939443
futex,saturated,16384,14,15.8498,53.4308,2.70548,53.678,56.48,65.144,70.906,197.394,197.394,1,0.940827
futex,saturated,16384,15,15.729,50.3205,6.42186,53.093,55.693,57.931,82.768,50.357,50.357,1,0.96532
futex,saturated,65536,1,15.9373,46.5671,8.90891,50.663,52.984,57.678,59.944,181.876,181.876,1,3.7484
futex,saturated,65536,2,16.3646,52.6144,11.3289,51.116,57.301,122.459,151.737,199.994,199.994,1,3.63736
futex,saturated,65536,3,16.3713,48.1454,6.38086,50.424,52.727,54.554,55.763,51.063,51.063,1,3.70965
futex,saturated,65536,4,15.808,66.1741,61.1011,51.714,168.357,391.917,425.281,150.134,150.134,1,3.79698
futex,saturated,65536,5,15.8511,48.6971,14.3353,50.967,74.399,96.292,103.565,141.762,141.762,1,3.79461
futex,saturated,65536,6,15.9033,48.7311,10.7326,51.575,57.412,91.247,98.309,146.859,146.859,1,3.77491
futex,saturated,65536,7,16.1837,50.138,4.79568,51.252,54.378,63.279,69.419,120.175,120.175,2,3.70534
futex,saturated,65536,8,16.2548,50.9713,2.70602,51.472,53.483,57.129,64.765,165.093,165.093,1,3.68371
futex,saturated,65536,9,16.1457,49.132,6.3227,51.128,53.194,55.262,56.606,151.69,151.69,1,3.71579
futex,saturated,65536,10,15.912,50.9405,22.2307,51.213,81.638,150.337,176.843,4.517,57.427,11,3.80712
futex,saturated,65536,11,16.2033,52.0499,3.35825,51.788,56.677,68.875,70.738,183.382,183.382,1,3.68038
futex,saturated,65536,12,16.1862,48.7594,8.22587,51.167,53.725,56.673,63.303,140.683,140.683,1,3.71096
futex,saturated,65536,13,15.5947,66.6814,51.4386,51.709,179.729,323.677,348.613,227.435,227.435,1,3.81204
futex,saturated,65536,14,16.5008,55.5283,15.6369,51.939,84.109,140.864,156.044,49.891,49.891,1,3.68027
futex,saturated,65536,15,16.3682,51.5687,4.4657,51.655,57.79,64.944,84.913,132.339,132.339,1,3.65985
futex,saturated,262144,1,15.8627,23.3005,11.1697,28.116,34.134,37.814,68.422,5.213,130.697,81,15.231
futex,saturated,262144,2,15.6056,38.4493,67.8935,29.2,37.449,380.061,747.561,8.496,204.484,6,15.5488
futex,saturated,262144,3,15.9711,24.877,9.50707,28.012,35.327,37.755,50.175,4.646,132.321,57,15.1416
futex,saturated,262144,4,15.9573,25.1101,10.0005,28.804,35.134,39.067,53.66,5.384,203.582,68,15.1194
futex,saturated,262144,5,15.8508,24.5681,10.5204,28.717,34.439,38.196,62.216,5.287,192.13,80,15.1859
futex,saturated,262144,6,15.5402,29.6703,51.0881,25.117,51.471,352.667,393.067,4.873,24.687,130,15.4733
futex,saturated,262144,7,15.67,22.0858,12.145,27.456,34.565,38.452,50.387,4.798,25.26,139,15.3263
futex,saturated,262144,8,15.8342,23.6709,10.9866,28.298,34.604,38.897,50.802,5.065,226.618,82,15.2176
futex,saturated,262144,9,15.9492,25.5318,9.44079,28.436,35.082,38.722,69.549,5.037,185.601,68,15.1465
futex,saturated,262144,10,15.8311,22.6251,9.44057,25.348,32.728,38.152,51.067,5.194,217.482,76,15.2249
futex,saturated,262144,11,15.3594,6.87167,9.62169,3.503,20.653,25.948,121.11,4.452,25.13,262,15.5557
futex,saturated,262144,12,15.8708,24.0143,10.7069,28.204,35.073,38.442,54.149,6.315,116.928,81,15.1953
futex,saturated,262144,13,15.8672,22.9598,11.0728,27.591,34.144,36.995,53.754,5.012,122.548,92,15.2256
futex,saturated,262144,14,15.7915,20.2247,12.3573,24.889,35.439,37.922,44.075,4.946,24.57,124,15.3065
futex,saturated,262144,15,15.9226,26.0085,9.10432,29.08,34.96,38.441,50.01,5.843,268.834,55,15.1148
futex,saturated,1048576,1,8.82456,3.99228,0.287442,3.949,4.416,4.652,7.793,40.629,56.822,512,71.8125
futex,saturated,1048576,2,8.71618,11.3461,49.5689,3.943,4.604,326.267,470.434,40.803,55.147,498,74.249
futex,saturated,1048576,3,8.71385,14.595,64.8331,3.959,5.809,350.438,695.585,41.044,57.682,491,74.3604
futex,saturated,1048576,4,8.80996,4.02148,0.644547,3.943,4.421,4.769,15.488,40.241,58.727,512,72.8784
futex,saturated,1048576,5,8.88529,4.0216,0.494109,3.945,4.413,5.171,10.963,40.472,57.092,512,71.2922
futex,saturated,1048576,6,8.71855,14.3196,61.7249,3.973,4.721,372.591,565.069,40.638,59.042,493,74.4393
futex,saturated,1048576,7,8.84456,4.02057,0.357336,3.958,4.447,4.852,7.948,40.507,55.272,512,71.7995
futex,saturated,1048576,8,8.86628,4.03396,0.617814,3.944,4.444,6.747,13.116,40.323,53.313,512,71.9666
futex,saturated,1048576,9,8.72884,10.9747,40.4884,3.987,4.981,282.246,373.905,40.483,55.468,494,74.4818
futex,saturated,1048576,10,8.80148,3.98795,0.340544,3.943,4.439,4.668,8.932,39.981,55.142,512,73.045
futex,saturated,1048576,11,8.85988,3.97772,0.376936,3.933,4.4,4.616,9.757,40.059,55.215,512,71.9646
futex,saturated,1048576,12,8.59978,8.47993,29.7217,3.942,4.685,170.106,330.607,39.829,56.256,496,76.5349
futex,saturated,1048576,13,8.82562,4.12042,2.10073,3.942,4.445,7.304,49.447,39.916,56.656,512,72.8302
futex,saturated,1048576,14,8.88709,4.00207,0.530699,3.933,4.449,4.697,12.531,40.34,54.77,512,71.5947
futex,saturated,1048576,15,8.70614,5.05779,12.0455,3.94,4.556,14.495,186.319,40.329,56.943,505,74.3516
io_uring,bursty,64,1,0.00355186,12.4257,100.517,4.989,5.588,11.847,1522.88,1058.52,1650.01,4094,0.214324
io_uring,bursty,64,2,0.00355665,11.5088,96.8171,5.099,5.63,10.404,1793.35,1058.5,1539.85,4094,0.214194
io_uring,bursty,64,3,0.00354905,12.8869,106.398,5.12,5.653,12.234,1471.46,1058.51,1586.77,4123,0.215588
io_uring,bursty,64,4,0.00354302,12.047,105.61,5.108,5.643,10.807,1459.49,1058.53,1520.38,4089,0.215099
io_uring,bursty,64,5,0.00354901,10.9075,95.1404,5.081,5.632,11.882,1397.87,1058.53,1535.32,4092,0.215584
io_uring,bursty,64,6,0.00354842,11.3885,99.5944,5.011,5.609,10.537,1858.44,1058.54,1613.07,4091,0.214394
io_uring,bursty,64,7,0.00355756,10.7654,92.3284,5.045,5.612,10.479,1399.41,1058.52,1519.81,4100,0.215214
io_uring,bursty,64,8,0.00355062,13.2253,124.747,5.038,5.604,10.387,2465.05,1058.47,1590.48,4097,0.21429
io_uring,bursty,64,9,0.00354533,12.3592,102.699,5.056,5.61,12.21,1464.07,1058.52,1651.89,4095,0.214541
io_uring,bursty,64,10,0.00355262,11.8008,95.1515,5.057,5.618,11.611,1130.12,1058.49,1590.39,4099,0.214628
io_uring,bursty,64,11,0.00355118,11.1761,93.6499,5.045,5.609,10.445,1598.75,1058.51,1461.78,4091,0.214483
io_uring,bursty,64,12,0.00354824,12.8003,114.76,5.059,5.624,10.832,2328.2,1058.53,1653.35,4099,0.214633
io_uring,bursty,64,13,0.0035518,10.1447,90.3886,5.075,5.618,10.355,1265.34,1058.49,1459,4122,0.214848
io_uring,bursty,64,14,0.00355938,12.8446,110.955,5.114,5.646,12.223,1741.1,1058.46,1519.63,4096,0.214617
io_uring,bursty,64,15,0.00355432,12.8829,117.537,5.088,5.629,10.499,2247.73,1058.51,1519.95,4088,0.214518
io_uring,bursty,256,1,0.0143049,14.7181,72.857,5.699,6.271,599.095,602.865,1057.46,1652.67,1024,0.238192
io_uring,bursty,256,2,0.0142634,12.7897,90.3385,5.69,6.248,15.199,1657.26,1057.45,1462.1,1022,0.239442
io_uring,bursty,256,3,0.0142722,13.4545,99.2752,5.711,6.25,261.379,996.802,1057.46,1380.88,1024,0.239008
io_uring,bursty,256,4,0.014074,15.7869,132.544,5.714,6.294,203.167,1937.6,1057.45,1779.57,1023,0.239139
io_uring,bursty,256,5,0.0142141,16.3109,134.789,5.704,6.259,10.764,2251.87,1057.4,1578.83,1019,0.238994
io_uring,bursty,256,6,0.0141956,15.0957,152.156,5.73,6.265,10.329,2991.43,1057.38,1327.52,1019,0.238867
io_uring,bursty,256,7,0.0142786,15.089,134.59,5.731,6.311,14.075,2325.39,1057.42,1247.04,1020,0.239674
io_uring,bursty,256,8,0.0142238,15.1008,138.473,5.689,6.248,10.375,2323.9,1057.36,1061.47,1021,0.239251
io_uring,bursty,256,9,0.0140327,17.3888,159.745,5.701,6.267,10.593,2535.21,1057.42,1988.95,1020,0.240169
io_uring,bursty,256,10,0.0142771,9.69132,53.5173,5.71,6.291,14.016,798.635,1057.45,1320.06,1024,0.241637
io_uring,bursty,256,11,0.0141562,19.0528,173.618,5.752,6.305,22.396,3115.19,1057.44,1850.38,1019,0.239607
io_uring,bursty,256,12,0.0141682,18.0598,169.826,5.714,6.273,10.688,3124.61,1057.45,1859.68,1020,0.24027
io_uring,bursty,256,13,0.0141339,11.6962,112.786,5.757,6.294,10.388,1390.52,1057.39,1062.38,1024,0.239511
io_uring,bursty,256,14,0.0142556,16.0396,113.207,5.688,6.279,188.22,1596.51,1057.45,1521.39,1020,0.23854
io_uring,bursty,256,15,0.0142332,13.2331,99.0753,5.699,6.26,10.697,1457.64,1057.42,1508.34,1023,0.239372
io_uring,bursty,1024,1,0.0560708,30.6532,234.535,7.32,8.093,579.52,3248.14,1055.26,2831.41,254,0.307639
io_uring,bursty,1024,2,0.0571433,33.6356,221.345,7.389,8.144,931.711,2943.28,1055.14,1981.69,253,0.30621
io_uring,bursty,1024,3,0.0571242,15.9584,104.658,7.376,8.134,176.052,1578.81,1055.2,1629.98,255,0.307201
io_uring,bursty,1024,4,0.0571418,14.5691,58.2743,7.341,8.196,372.76,581.34,1055.24,1615.86,256,0.306426
io_uring,bursty,1024,5,0.0568218,24.6402,198.81,7.343,8.051,580.539,2990.72,1055.29,1984.59,255,0.308618
io_uring,bursty,1024,6,0.055755,28.6381,254.266,7.345,7.984,17.038,3575.5,1055.18,2970.87,254,0.306686
io_uring,bursty,1024,7,0.0572869,19.5634,107.121,7.307,8.21,575.956,1434.54,1055.22,1626.84,255,0.306444
io_uring,bursty,1024,8,0.0572533,11.9144,57.2559,7.352,8.016,13.436,726.002,1055.16,1630.99,256,0.308282
io_uring,bursty,1024,9,0.0566888,17.307,134.979,7.328,8.032,12.846,2097.78,1055.19,1920.3,256,0.307758
io_uring,bursty,1024,10,0.0573118,9.1376,35.778,7.344,8.014,10.387,580.636,1055.25,1058.76,256,0.308619
io_uring,bursty,1024,11,0.0572206,19.7093,126.669,7.364,8.082,239.681,1874.15,1055.16,1288.95,255,0.306565
io_uring,bursty,1024,12,0.0570069,14.425,119.395,7.388,8.055,11.285,1922.24,1055.14,1224.63,255,0.308095
io_uring,bursty,1024,13,0.0554242,18.4258,113.846,7.387,8.144,658.497,932.314,1055.16,1905.73,256,0.308715
io_uring,bursty,1024,14,0.0567608,15.5712,85.1462,7.496,8.317,451.229,1169.32,1055.17,1984.93,255,0.307921
io_uring,bursty,1024,15,0.0571,26.3289,197.593,7.404,8.154,658.037,3003.99,1055.23,1712.63,254,0.306239
io_uring,bursty,4096,1,0.223103,19.8452,162.724,4.727,6.031,348.392,2936.13,1056.79,1805.54,509,0.464918
io_uring,bursty,4096,2,0.222056,17.4875,171.188,4.758,6.014,22.984,2752.85,1056.79,1811.64,511,0.46784
io_uring,bursty,4096,3,0.224432,16.1794,136.684,4.738,5.824,22.737,2622.31,1056.75,1815.23,510,0.466276
io_uring,bursty,4096,4,0.224297,16.4426,133.011,4.751,5.945,466.377,2620.97,1056.75,1721.73,511,0.466299
io_uring,bursty,4096,5,0.225389,18.2558,115.943,4.758,5.999,462.166,1834.15,1056.68,1683.9,511,0.465005
io_uring,bursty,4096,6,0.222598,24.5536,200.538,4.761,6.015,707.043,2995.78,1056.8,1914.59,511,0.465969
io_uring,bursty,4096,7,0.2234,16.2111,143.674,4.762,5.951,28.611,2570.32,1056.73,1650.99,511,0.467022
io_uring,bursty,4096,8,0.223277,27.1921,183.367,4.702,6.507,753.865,2621.48,1056.78,1817.25,509,0.464269
io_uring,bursty,4096,9,0.224061,22.0977,157.888,4.677,5.975,707.603,2499.18,1056.75,1885.8,510,0.464658
io_uring,bursty,4096,10,0.224963,10.8681,93.4436,4.686,5.741,10.66,1908.86,1056.77,1407.74,511,0.46568
io_uring,bursty,4096,11,0.224538,17.9061,127.642,4.669,5.87,437.264,1867.45,1056.71,1812.81,510,0.46473
io_uring,bursty,4096,12,0.22116,29.573,220.405,4.72,6.203,834.201,3258.81,1056.83,1994.18,509,0.465119
io_uring,bursty,4096,13,0.223508,17.793,143.702,4.765,5.854,340.684,2703.4,1056.72,1848.47,513,0.467149
io_uring,bursty,4096,14,0.223891,20.0943,161.392,4.799,5.948,594.597,2676.05,1056.65,1798.33,511,0.466385
io_uring,bursty,4096,15,0.222821,20.9234,158.81,4.764,6.009,673.177,2631.68,1056.79,1947.24,511,0.46617
io_uring,bursty,16384,1,0.86613,12.4309,19.6004,12.384,17.696,19.376,26.105,1045.13,1927.69,129,1.13777
io_uring,bursty,16384,2,0.878088,18.8602,76.8212,12.31,17.541,19.002,884.427,1045.19,1713.81,128,1.13162
io_uring,bursty,16384,3,0.871477,25.5986,108.139,12.3,17.633,882.37,885.457,1045.19,1926.32,128,1.1298
io_uring,bursty,16384,4,0.873392,12.0948,3.83046,12.275,17.412,18.686,21.896,1045.31,1493.59,128,1.13378
io_uring,bursty,16384,5,0.869051,18.6371,76.8942,12.053,17.361,21.312,885.263,1045.3,1931.63,128,1.1298
io_uring,bursty,16384,6,0.848206,37.1094,283.304,11.955,17.204,58.57,3232.33,1045.5,1935.37,127,1.12697
io_uring,bursty,16384,7,0.862596,44.0376,226.782,12.153,17.742,994.291,2249.89,1045.4,2259.5,127,1.12094
io_uring,bursty,16384,8,0.857317,31.4326,128.375,12.05,17.616,792.1,993.157,1045.28,1947.74,128,1.12501
io_uring,bursty,16384,9,0.842758,50.8485,302.794,12.181,17.817,994.034,3235.68,1045.43,2927.77,127,1.12271
io_uring,bursty,16384,10,0.848307,59.4007,317.347,12.075,18.039,997.702,3252.14,1045.51,2881.74,127,1.12053
io_uring,bursty,16384,11,0.858779,44.1105,224.092,12.067,17.707,995.875,2167.2,1045.39,2048.65,127,1.11925
io_uring,bursty,16384,12,0.857612,33.7088,245.179,11.914,17.26,46.299,2797.27,1045.33,2903.74,127,1.13053
io_uring,bursty,16384,13,0.86556,67.8291,302.81,12.271,54.16,993.023,2929.81,1045.39,1924.82,126,1.11546
io_uring,bursty,16384,14,0.871268,25.8528,111.383,12.126,17.363,882.424,936.892,1045.22,1937.37,128,1.1272
io_uring,bursty,16384,15,0.874454,35.4775,132.952,12.018,17.635,778.106,785.03,1045.46,1824.57,128,1.12109
io_uring,bursty,65536,1,2.82497,50.8181,163.233,23.187,32.821,972.367,991.388,1032.32,2737.03,35,4.00886
io_uring,bursty,65536,2,2.81278,73.6409,202.245,23.748,811.562,903.194,927.222,1031.98,3620.69,35,3.94473
io_uring,bursty,65536,3,2.89836,46.508,139.012,23.136,33.647,835.467,859.06,1032.08,2784.25,40,4.06061
io_uring,bursty,65536,4,2.94242,142.057,415.223,25.25,945.277,2198.39,2226.25,1032.46,2736.32,31,3.87021
io_uring,bursty,65536,5,2.59888,274.013,850.044,26.252,3427.64,3589.6,3600.87,1033.13,4628.61,30,3.82391
io_uring,bursty,65536,6,2.90799,121.142,546.445,23.522,90.487,3311.91,3320.86,1032.33,3328.21,32,3.98503
io_uring,bursty,65536,7,2.78667,154.887,615.73,25.012,653.127,3538.23,3553.07,1032.28,3631.56,31,3.93906
io_uring,bursty,65536,8,2.97947,148.992,434.087,25.418,937.528,2290.95,2315.09,1032.34,2446.7,31,3.85457
io_uring,bursty,65536,9,2.89881,46.4903,139.223,23.396,32.745,836.309,859.555,1032.44,1993.56,38,4.04198
io_uring,bursty,65536,10,2.83599,76.8297,213.93,23.987,846.334,966.253,989.601,1031.41,3865.74,45,3.99421
io_uring,bursty,65536,11,3.05777,51.0164,162.573,23.221,33.867,966.341,990.213,1032.18,2665.17,32,4.00964
io_uring,bursty,65536,12,3.01852,67.4817,180.457,23.431,655.457,869.745,893.294,1032.48,1927.53,32,3.94502
io_uring,bursty,65536,13,2.85442,48.7485,151.868,22.958,33.054,908.756,929.502,1032.2,3537.74,34,4.01137
io_uring,bursty,65536,14,2.86741,69.0675,184.91,23.866,653.836,896.827,919.809,1032.37,2021.86,36,3.98663
io_uring,bursty,65536,15,2.61106,121.404,412.375,24.735,945.557,2250.88,2272.46,1032.65,3399.47,33,3.92748
io_uring,bursty,262144,1,6.69357,185.567,551.313,17.625,947.481,3431.19,3542.49,1031.14,3555.28,60,14.6964
io_uring,bursty,262144,2,5.65345,419.798,731.12,23.478,2343.34,3195.78,3231.45,16.7,3656.98,90,13.8653
io_uring,bursty,262144,3,7.24602,359.378,678.047,22.654,1943.09,2879.65,2967.38,1047.51,3953.76,31,13.8566
io_uring,bursty,262144,4,6.11191,487.166,894.282,21.072,2919.34,3083.86,3182.43,12.809,3955.42,130,13.9138
io_uring,bursty,262144,5,6.26697,274.041,717.672,21.257,2261.14,3384.88,3478.49,1043.71,4017.67,52,14.3144
io_uring,bursty,262144,6,5.51089,269.528,656.001,19.78,2378.28,2543.29,3635.68,12.884,3233.02,119,15.1265
io_uring,bursty,262144,7,6.71204,202.989,586.339,20.978,977.369,3473.94,3526.62,1044.34,3537.75,47,14.4619
io_uring,bursty,262144,8,6.44868,144.063,457.275,12.949,975.463,2866.21,2919.41,11.992,2825.05,105,15.2132
io_uring,bursty,262144,9,7.05326,300.37,549.667,22.398,1840.39,1932.9,1980.56,1044.18,3954.22,41,13.9976
io_uring,bursty,262144,10,6.89278,110.217,328.778,15.57,600.655,1898.93,1958.92,14.379,3279.84,75,14.777
io_uring,bursty,262144,11,6.41137,217.576,499.576,19.372,1791.3,2122.93,2339.56,12.285,3282.97,111,14.5398
io_uring,bursty,262144,12,6.91079,220.307,488.404,20.734,961.526,2640.87,2678.91,878.346,2888.99,59,14.2561
io_uring,bursty,262144,13,6.36341,555.59,921.451,23.175,2844.98,2948.6,2973.24,1004.7,3955.25,57,13.5308
io_uring,bursty,262144,14,7.14469,316.35,676.631,22.078,1834.48,2966.74,3057.1,1043.93,3194.84,47,13.974
io_uring,bursty,262144,15,5.68584,400.042,697.859,21.15,1942.94,3148.02,3216.37,657.095,3955.14,80,13.9942
io_uring,bursty,1048576,1,3.95777,1214.15,1148.81,985.606,3460.77,3698.91,8699.5,47.526,3781.97,148,70.9018
io_uring,bursty,1048576,2,4.54336,1240.55,989.153,995.968,3151.66,3434.19,3539.3,45.446,3666.46,117,69.2515
io_uring,bursty,1048576,3,4.73575,1644.13,1301.79,1788.82,3604.19,4698.89,4829.48,42.752,4476.21,122,63.5462
io_uring,bursty,1048576,4,4.44507,889.743,933.534,548.722,2685.14,3138.42,3402.02,43.65,3421.39,183,72.5415
io_uring,bursty,1048576,5,4.40426,991.539,800.729,838.543,2361.41,3148.3,3391.57,49.133,4634.78,85,73.8692
io_uring,bursty,1048576,6,4.26947,831.301,911.049,569.143,2817.46,3201.14,3596.35,43.355,3630.96,197,70.4583
io_uring,bursty,1048576,7,4.42044,977.774,1024.42,629.748,2937.23,3157.81,3256.57,43.021,3887.34,175,70.8886
io_uring,bursty,1048576,8,4.61681,1033.29,997.591,836.425,2684.27,3335.07,3459.53,43.132,3858.17,175,69.9649
io_uring,bursty,1048576,9,4.46494,947.402,983.846,603.895,2679.17,3447.22,3658.95,44.952,3863.13,182,71.489
io_uring,bursty,1048576,10,4.71164,1105.23,886.465,931.401,2778.09,3252.69,3548.64,44.997,4628.55,118,69.0198
io_uring,bursty,1048576,11,4.51689,1139.54,1084.61,853.642,3038.7,3405.71,3542.83,43.371,3904.95,151,69.4315
io_uring,bursty,1048576,12,4.38867,757.57,866.658,464.673,2299.51,3209.5,3738.01,43.81,3344.99,208,72.7561
io_uring,bursty,1048576,13,4.41406,1102.56,1111.39,701.078,3163.47,3512.01,3702.84,44.424,3713.8,166,73.3272
io_uring,bursty,1048576,14,4.48398,1041.98,946.853,866.19,2680.45,2914.31,3177.6,47.209,3632.31,156,71.6509
io_uring,bursty,1048576,15,4.6441,1292.58,1113.02,1057.97,3203.99,3591.25,3766.7,44.72,3614.58,135,70.7008
io_uring,offered_25,64,1,0.00299628,13.7819,105.795,5.156,5.705,209.353,1473.44,1258.42,1805.01,4103,0.211657
io_uring,offered_25,64,2,0.00299991,12.1196,96.7024,5.153,5.703,11.167,1466.05,1258.42,1731.65,4142,0.212252
io_uring,offered_25,64,3,0.00299638,12.6391,102.074,5.157,5.698,12.367,1205.02,1258.43,1859.85,4093,0.211634
io_uring,offered_25,64,4,0.00299325,13.9004,133.498,5.146,5.687,10.525,2663.37,1258.43,1667.2,4090,0.211754
io_uring,offered_25,64,5,0.0029962,11.5683,98.0849,5.139,5.701,12.851,1811.46,1258.42,1722.19,4091,0.213045
io_uring,offered_25,64,6,0.0029942,12.6693,115.74,5.16,5.702,11.053,2403.59,1258.4,1744.47,4093,0.211611
io_uring,offered_25,64,7,0.00299714,12.4406,109.032,5.184,5.704,10.554,2409.4,1258.44,1723.38,4094,0.212246
io_uring,offered_25,64,8,0.00299493,13.6367,121.163,5.101,5.679,11.612,2413.16,1258.45,1802.17,4089,0.21135
io_uring,offered_25,64,9,0.002997,12.4436,100.615,5.18,5.702,11.72,1200.94,1258.4,1803.69,4095,0.211427
io_uring,offered_25,64,10,0.00299501,12.8497,118.13,5.221,5.733,10.941,2411.09,1258.41,1656.59,4096,0.212138
io_uring,offered_25,64,11,0.00298898,12.8755,112.363,5.072,5.67,11.699,1595.77,1258.47,1873.24,4089,0.211815
io_uring,offered_25,64,12,0.00299169,14.125,126.375,5.187,5.732,12.303,2473.66,1258.45,1922.36,4091,0.211981
io_uring,offered_25,64,13,0.00299929,12.3467,92.7209,5.131,5.71,17.547,1660.52,1258.45,1847.25,4091,0.211885
io_uring,offered_25,64,14,0.00299718,12.1938,102.744,5.1,5.685,11.158,1470.34,1258.47,1599.2,4093,0.212026
io_uring,offered_25,64,15,0.00299589,12.8242,123.172,5.205,5.737,10.659,2606.24,1258.39,1596.65,4092,0.211817
io_uring,offered_25,256,1,0.0119355,16.5094,136.929,5.737,6.388,328.157,2193.03,1257.47,1989.35,1023,0.236593
io_uring,offered_25,256,2,0.0119025,15.018,107.88,5.764,6.406,462.113,934.557,1257.4,1988.37,1026,0.236504
io_uring,offered_25,256,3,0.0120028,10.1541,55.0654,5.729,6.348,12.077,935.294,1257.36,1719.58,1027,0.235799
io_uring,offered_25,256,4,0.0120229,11.6007,78.0818,5.722,6.336,10.757,1261.28,1257.38,1590.96,1022,0.235454
io_uring,offered_25,256,5,0.0119894,17.1164,130.684,5.741,6.385,397.408,2143.56,1257.37,2120.4,1022,0.235115
io_uring,offered_25,256,6,0.0118829,17.4594,152.716,5.742,6.408,398.313,2932.01,1257.36,1920.68,1023,0.23565
io_uring,offered_25,256,7,0.0120099,17.9526,116.573,5.716,6.344,590.371,1468.32,1257.42,1982.79,1022,0.235418
io_uring,offered_25,256,8,0.0120198,18.3194,136.376,5.764,6.399,461.052,1924.62,1257.38,1982.61,1021,0.235738
io_uring,offered_25,256,9,0.0120061,15.323,116.977,5.768,6.419,65.925,1727.29,1257.39,1780.42,1023,0.2361
io_uring,offered_25,256,10,0.0119212,16.2248,124.032,5.768,6.453,461.242,934.865,1257.4,1987.17,1026,0.237109
io_uring,offered_25,256,11,0.0119938,19.5382,170.786,5.743,6.394,207.111,2962.98,1257.41,1926.3,1019,0.235592
io_uring,offered_25,256,12,0.012004,14.0914,112.737,5.734,6.363,60.445,1002.19,1257.4,1781.72,1024,0.235813
io_uring,offered_25,256,13,0.0120024,14.8799,133.616,5.718,6.342,13.715,2664.74,1257.45,1783.13,1021,0.235923
io_uring,offered_25,256,14,0.0118874,18.424,153.698,5.73,6.392,533.445,2861.88,1257.39,1993.43,1022,0.235934
io_uring,offered_25,256,15,0.0119668,17.6038,127.225,5.729,6.387,599.145,1396.62,1257.41,1918.69,1026,0.235626
io_uring,offered_25,1024,1,0.0481716,36.0012,238.069,7.669,8.527,849.961,2955.29,1254.54,2095.27,253,0.30654
io_uring,offered_25,1024,2,0.0477287,36.0535,235.814,7.681,8.4,994.504,2722.41,1254.58,2395.49,254,0.307086
io_uring,offered_25,1024,3,0.0478375,22.3749,199.695,7.683,8.359,13.711,3119.94,1254.53,2023.46,255,0.308616
io_uring,offered_25,1024,4,0.0481625,16.1497,72.0918,7.671,8.466,496.425,730.108,1254.51,1830.71,256,0.307352
io_uring,offered_25,1024,5,0.0483303,28.8666,208.016,7.658,8.323,851.331,3007.89,1254.58,2033.36,254,0.306559
io_uring,offered_25,1024,6,0.0479784,20.602,175.02,7.668,8.323,13.372,2724.28,1254.54,1974.71,255,0.308284
io_uring,offered_25,1024,7,0.0475519,19.0821,133.318,7.715,8.632,312.816,1991.18,1254.58,2177.97,255,0.310924
io_uring,offered_25,1024,8,0.0482117,17.7911,84.9206,7.656,8.284,724.141,725.81,1254.57,1975.78,256,0.306518
io_uring,offered_25,1024,9,0.047875,22.2291,148.649,7.715,8.332,580.123,2181.11,1254.52,1980.98,255,0.306803
io_uring,offered_25,1024,10,0.0479745,28.0027,185.871,7.701,8.543,838.465,2642.15,1254.45,2087.82,255,0.306483
io_uring,offered_25,1024,11,0.0479069,22.302,184.703,7.688,8.372,190.273,2845.79,1254.51,1986.77,255,0.307756
io_uring,offered_25,1024,12,0.0480737,29.873,207.904,7.681,8.344,725.727,3028.68,1254.51,1989.72,254,0.306107
io_uring,offered_25,1024,13,0.0480508,21.3247,142.849,7.711,8.408,719.736,1991.9,1254.49,2102.48,255,0.308211
io_uring,offered_25,1024,14,0.0476889,25.1421,189.871,7.72,8.464,727.336,2848.96,1254.45,2105.07,255,0.308411
io_uring,offered_25,1024,15,0.0480306,23.1641,157.236,7.727,8.536,723.385,2310.88,1254.49,1975.4,255,0.307533
io_uring,offered_25,4096,1,0.19022,18.483,132.602,4.97,6.352,543.335,2232.67,1256.22,2046.02,511,0.468833
io_uring,offered_25,4096,2,0.189298,22.7286,177.839,4.917,6.511,472.002,3545.71,1256.33,2044.77,511,0.467247
io_uring,offered_25,4096,3,0.186767,23.3516,173.928,4.931,6.491,792.558,3109.39,1256.31,2168.92,512,0.467337
io_uring,offered_25,4096,4,0.189053,16.8549,141.685,4.931,6.166,310.073,2850.44,1256.27,1976.18,512,0.466334
io_uring,offered_25,4096,5,0.190086,14.8017,88.6418,4.918,6.212,320.058,913.717,1256.3,2123.91,512,0.466307
io_uring,offered_25,4096,6,0.189477,23.0554,193.027,4.899,6.154,668.132,3493.2,1256.3,1967.28,510,0.466635
io_uring,offered_25,4096,7,0.18866,30.6892,225.924,4.989,6.826,765.627,3034.03,1256.26,2477.34,507,0.465871
io_uring,offered_25,4096,8,0.1896,21.1172,128.854,4.93,6.89,872.54,1867.38,1256.35,2126.22,511,0.465996
io_uring,offered_25,4096,9,0.189937,18.6051,126.764,4.946,6.471,547.795,2263.29,1256.29,1973.88,511,0.465079
io_uring,offered_25,4096,10,0.188033,24.4146,177.79,4.924,6.768,712.656,3390.2,1256.35,2165.74,513,0.468252
io_uring,offered_25,4096,11,0.189706,17.145,94.1652,4.914,6.364,641.491,989.63,1256.33,1975.25,512,0.466337
io_uring,offered_25,4096,12,0.1897,20.3752,103.405,4.94,6.403,751.238,914.369,1256.29,2043.92,512,0.465673
io_uring,offered_25,4096,13,0.190135,16.2036,91.9372,4.856,6.229,632.57,1000.95,1256.34,2043.86,512,0.465484
io_uring,offered_25,4096,14,0.18952,18.1108,134.199,4.926,6.76,359.469,2630.31,1256.29,1971.95,512,0.465597
io_uring,offered_25,4096,15,0.189367,21.629,148.012,4.904,6.486,712.732,2034.91,1256.29,1975.7,510,0.466027
io_uring,offered_25,16384,1,0.727292,51.0358,272.508,12.719,131.63,511.846,2997.25,1245.14,2072.17,126,1.11512
io_uring,offered_25,16384,2,0.727496,67.7833,193.442,12.72,684.568,889.749,899.485,1244.96,2127.97,128,1.11064
io_uring,offered_25,16384,3,0.731813,59.2345,248.703,12.719,130.767,1372.25,2254.13,1244.99,2321.02,126,1.11378
io_uring,offered_25,16384,4,0.727763,53.9268,162.565,12.591,681.306,686.315,689.444,1245.08,1926.62,128,1.11524
io_uring,offered_25,16384,5,0.731383,56.357,205.047,12.71,132.32,903.073,1679.6,1245.23,2142.42,127,1.11406
io_uring,offered_25,16384,6,0.737466,52.7643,290.627,12.655,65.662,753.957,3168.68,1244.9,2069.1,126,1.11337
io_uring,offered_25,16384,7,0.741603,46.1656,260.333,12.54,19.233,512.807,2854.53,1245.09,1904.6,127,1.12121
io_uring,offered_25,16384,8,0.738158,67.5498,305.669,12.572,69.765,992.641,2993.76,1244.79,2193.32,128,1.11489
io_uring,offered_25,16384,9,0.726358,62.8895,293.31,12.728,128.908,1997.42,2511,1244.95,3746.37,125,1.11459
io_uring,offered_25,16384,10,0.722577,59.7912,302.834,12.837,134.093,818.908,3236.42,1244.96,2071.82,127,1.11408
io_uring,offered_25,16384,11,0.728024,53.7691,303.053,12.511,20.398,1683.35,2999.98,1244.99,2072.39,125,1.1216
io_uring,offered_25,16384,12,0.729113,30.2029,153.258,12.487,18.87,518.115,1679.32,1244.74,2134.88,127,1.12488
io_uring,offered_25,16384,13,0.719929,54.9092,169.249,12.688,675.709,685.38,996.105,1245.26,1926.51,128,1.11761
io_uring,offered_25,16384,14,0.732861,83.8076,354.992,12.912,130.256,1679.65,2997.15,1244.97,2917.64,124,1.11692
io_uring,offered_25,16384,15,0.729403,41.6204,179.818,12.516,21.325,994.971,1680.84,1244.87,2919.2,127,1.1206
io_uring,offered_25,65536,1,2.62588,85.8381,186.299,25.054,533.674,870.542,894.448,1230.26,2121.93,42,3.85624
io_uring,offered_25,65536,2,2.51143,117.924,424.693,25.264,548.092,2442.02,2469.15,1230.94,2566.2,31,3.94478
io_uring,offered_25,65536,3,2.71231,137.719,545.088,24.864,506.082,3155.46,3166.68,1231.61,1947.07,30,3.94707
io_uring,offered_25,65536,4,2.43904,162.513,609.757,25.424,491.461,3516.83,3535.19,1231.99,3673.9,31,3.90182
io_uring,offered_25,65536,5,2.70683,148.619,535.445,25.811,488.661,3084.12,3100.38,1231.23,1932.74,30,3.88789
io_uring,offered_25,65536,6,2.59748,147.466,416.209,26.676,741.51,2295.6,2314.87,1230.84,2457.65,31,3.81745
io_uring,offered_25,65536,7,2.57203,100.06,303.318,25.29,581.651,1043.7,2621.38,1231.39,2630.52,33,3.9388
io_uring,offered_25,65536,8,2.54685,85.4213,233.766,24.701,546.2,715.212,1986.33,1231.96,2626.32,33,3.91733
io_uring,offered_25,65536,9,2.56097,128.965,416.469,26.032,522.522,2365.51,2385.11,1230.89,2548.41,31,3.88891
io_uring,offered_25,65536,10,2.45221,115.703,361.839,24.957,485.202,2051.39,2076.05,1232.83,2231.46,32,3.88988
io_uring,offered_25,65536,11,2.76506,151.522,530.685,25.648,946.809,2974.78,2991.89,1231.71,2469.11,30,3.92899
io_uring,offered_25,65536,12,2.61823,238.919,640.333,25.856,1735.44,3005.61,3028.62,1230.97,2341.87,29,3.81556
io_uring,offered_25,65536,13,2.43391,127.41,509.231,24.848,485.754,3508.77,3532.3,1231.53,3540.34,32,3.98429
io_uring,offered_25,65536,14,2.65061,148.629,532.6,25.166,502.221,3063.8,3080.45,1232.58,2671.63,30,3.88109
io_uring,offered_25,65536,15,2.64397,225.523,656.779,26.43,2488.21,2980.81,3022.63,1231.71,3738.76,29,3.78179
io_uring,offered_25,262144,1,5.62448,442.722,712.609,33.24,1217.88,3835.87,4140.79,13.501,3724.77,94,13.2596
io_uring,offered_25,262144,2,6.3011,452.732,445.907,407.883,971.284,1831.78,1944.74,602.141,2937.03,46,11.8773
io_uring,offered_25,262144,3,6.28755,539.273,666.803,442.522,2058.99,2805.98,2900.72,1257.7,3431.99,38,12.0517
io_uring,offered_25,262144,4,6.0988,408.782,434.821,34.39,975.276,1435.22,1506.19,610.396,2939.38,50,12.241
io_uring,offered_25,262144,5,5.6302,319.213,597.911,27.424,887.206,3490.61,3599.15,13.825,2985.92,104,13.3176
io_uring,offered_25,262144,6,5.85687,321.081,483.071,31.797,785.813,3038.08,3193.66,12.272,3216.52,100,12.5423
io_uring,offered_25,262144,7,6.32286,483.562,629.195,34.39,2016.7,2886.19,2970.34,15.099,2934.17,66,12.4956
io_uring,offered_25,262144,8,6.07388,418.392,410.207,35.652,960.126,981.696,995.347,604.499,4925.69,47,11.9409
io_uring,offered_25,262144,9,5.58616,445.993,687.674,29.739,1892.56,3339.91,3600.75,1208.58,3621.56,51,13.1877
io_uring,offered_25,262144,10,6.17927,520.718,713.322,34.272,2744.41,2936.14,2961.51,1859.93,4925.95,30,12.3026
io_uring,offered_25,262144,11,5.85658,370.188,466.496,32.393,1111.66,2079.52,2191.04,307.215,2926.95,76,12.8379
io_uring,offered_25,262144,12,6.21097,473.282,829.69,32.824,2766.17,3947.71,5704.43,1526.2,3709.07,31,12.5224
io_uring,offered_25,262144,13,5.58762,391.838,718.324,27.882,2168.32,3615.42,3714.94,12.98,3728.96,89,13.3264
io_uring,offered_25,262144,14,6.21732,489.366,566.373,538.57,977.868,2735.77,2833.18,2429.88,2938.2,31,11.9642
io_uring,offered_25,262144,15,6.28677,392.901,604.68,30.941,1883.71,2818.41,2899.96,1019.28,3427.8,58,12.9227
io_uring,offered_25,1048576,1,4.4131,942.217,816.518,808.779,2616.95,3128.79,3172.89,47.508,3967.87,113,70.8098
io_uring,offered_25,1048576,2,4.63585,1098.3,905.577,1017.44,2547.2,2704.35,3632.87,47.315,3883.48,148,68.7745
io_uring,offered_25,1048576,3,4.0591,973.451,967.096,761.703,2973.86,3167.55,6655.19,44.566,3920.6,143,70.8431
io_uring,offered_25,1048576,4,4.76858,1465.16,1180.38,1346.27,3322.02,3574.6,3728.01,43.097,3628.55,148,66.5996
io_uring,offered_25,1048576,5,4.38338,1097.03,1082.84,687.838,3022.97,3359.28,3510.37,43.425,3459.33,172,71.4243
io_uring,offered_25,1048576,6,4.27392,945.267,1024.74,551.994,2811.98,3275.77,3736.42,43.232,3589.46,214,69.9797
io_uring,offered_25,1048576,7,4.51824,1086.96,1069.74,887.992,3440.55,3597.26,3617.14,42.759,3805.89,185,69.8219
io_uring,offered_25,1048576,8,4.46531,1059.62,1016.79,814.139,2844.86,3078.02,3454.8,43.551,3858.32,169,67.7528
io_uring,offered_25,1048576,9,4.60571,939.914,716.209,797.156,2360.84,2814.38,2984.78,50.142,4782.59,72,69.4861
io_uring,offered_25,1048576,10,4.60336,1193.22,1047.16,894.297,3224.37,3595.43,3674.81,47.422,3898.76,114,68.7327
io_uring,offered_25,1048576,11,4.39554,1081.91,1070.07,718.634,2998.54,3372.82,3514.86,42.933,3703.45,178,68.6112
io_uring,offered_25,1048576,12,4.33055,1057.41,1099.69,753.601,3223.87,3408.77,3578.03,43.848,4469.62,183,71.0272
io_uring,offered_25,1048576,13,4.71628,1179.91,999.554,957.191,3062.15,3446.52,3618.19,44.088,3960.82,134,67.9255
io_uring,offered_25,1048576,14,4.47635,1108.29,1087.79,806.897,3047.97,3393.36,3493.05,43.694,3647.48,172,68.5701
io_uring,offered_25,1048576,15,4.50083,989.375,825.522,830.364,2509.55,2694.86,2865.95,46.778,3924.58,116,71.0939
io_uring,offered_50,64,1,0.00567893,11.7744,99.802,4.787,5.654,11.916,1001.13,658.512,669.188,4071,0.218364
io_uring,offered_50,64,2,0.00563451,13.4197,126.735,4.883,5.69,11.925,2658.08,658.462,1309.78,4072,0.21752
io_uring,offered_50,64,3,0.00566332,12.8943,110.698,4.843,5.673,12.135,1991.33,658.534,1309.23,4066,0.218146
io_uring,offered_50,64,4,0.00562455,13.3054,130.992,4.876,5.685,11.769,2660.04,658.426,699.916,4074,0.21696
io_uring,offered_50,64,5,0.00567436,12.6552,105.734,4.749,5.645,12.843,1004.5,658.526,1308.69,4064,0.217606
io_uring,offered_50,64,6,0.00568052,10.594,82.6385,4.833,5.645,11.768,1000.88,658.389,666.168,4073,0.216829
io_uring,offered_50,64,7,0.0056604,13.0103,110.6,4.728,5.636,12.065,1990.89,658.518,1315.52,4066,0.218365
io_uring,offered_50,64,8,0.00561206,13.9159,133.328,4.786,5.641,11.941,2658.47,658.535,1317.54,4073,0.217768
io_uring,offered_50,64,9,0.00567352,13.0938,111.932,4.803,5.837,14.526,1312.56,658.615,1222.15,4092,0.221633
io_uring,offered_50,64,10,0.0056342,15.0928,126.675,4.881,11.095,81.015,2321.28,658.735,1314.04,4102,0.2411
io_uring,offered_50,64,11,0.00552853,22.8222,239.624,4.862,9.434,61.105,3994.63,658.802,1319.56,4190,0.232936
io_uring,offered_50,64,12,0.00565754,13.9362,119.712,4.874,10.815,81.742,2322.26,658.761,797.526,4126,0.239977
io_uring,offered_50,64,13,0.00565469,12.2838,101.335,4.954,11.552,72.242,1706.72,658.643,783.154,4104,0.240488
io_uring,offered_50,64,14,0.00565715,13.3148,115.756,4.939,10.054,65.769,1992.32,658.765,786.605,4091,0.23308
io_uring,offered_50,64,15,0.00558467,15.3227,134.811,4.935,11.31,126.103,1810.01,658.637,1313.99,4079,0.244975
io_uring,offered_50,256,1,0.0225078,17.1431,126.62,5.747,13.021,108.811,1992.4,657.553,1329.73,1018,0.272076
io_uring,offered_50,256,2,0.0223502,19.5425,169.974,5.639,12.164,94.252,2663.96,657.437,1330.72,1019,0.281744
io_uring,offered_50,256,3,0.0223632,16.0446,124.793,5.709,13.408,102.03,2114.72,657.223,774.121,1017,0.268636
io_uring,offered_50,256,4,0.0222273,21.1462,188.695,5.665,13.092,105.448,3479.99,657.335,1638.78,1020,0.279315
io_uring,offered_50,256,5,0.0225833,15.508,120.002,5.65,13.544,118.278,1992.71,657.269,1308.86,1019,0.268254
io_uring,offered_50,256,6,0.0224352,20.3442,168.543,5.63,13.322,526.286,2634.34,657.425,1315.17,1020,0.276423
io_uring,offered_50,256,7,0.0225294,19.3984,128.752,5.694,16.472,320.554,1990.12,657.586,1319.03,1022,0.296784
io_uring,offered_50,256,8,0.0224941,15.8044,135.789,5.605,13.096,75.388,2625.89,657.297,800.194,1020,0.265532
io_uring,offered_50,256,9,0.0223869,21.7962,169.728,5.583,14.567,346.25,2656.57,657.596,1323.27,1016,0.286992
io_uring,offered_50,256,10,0.0221814,17.855,157.663,5.598,12.97,116.94,2005.48,657.336,1320.73,1018,0.272508
io_uring,offered_50,256,11,0.022384,21.5435,156.952,5.767,20.834,190.111,2435.91,657.24,1642.28,1015,0.28296
io_uring,offered_50,256,12,0.0225328,16.2779,149.385,5.618,8.369,109.418,2662.17,657.385,917.819,1019,0.269507
io_uring,offered_50,256,13,0.0228323,10.4642,66.5776,5.682,8.495,44.763,996.421,657.763,682.353,1022,0.252357
io_uring,offered_50,256,14,0.0224707,14.4257,133.109,5.579,7.576,78.404,1999.85,657.45,1211.78,1021,0.25796
io_uring,offered_50,256,15,0.0225826,11.7847,128.667,5.509,6.476,11.958,2670.97,657.419,674.582,1029,0.24584
io_uring,offered_50,1024,1,0.0901273,29.6258,203.611,7.57,13.356,990.263,2875.45,654.654,1630.06,252,0.326372
io_uring,offered_50,1024,2,0.090126,25.4921,197.116,7.542,12.956,668.294,2941.54,654.234,1330.55,252,0.330136
io_uring,offered_50,1024,3,0.0866988,31.4402,272.157,7.6,10.311,74.967,3479.97,654.276,2990.24,256,0.318736
io_uring,offered_50,1024,4,0.0909439,10.8478,61.9117,7.415,8.956,17.439,1000.02,654.879,1318.54,256,0.318247
io_uring,offered_50,1024,5,0.0907399,14.4817,92.1946,7.426,8.643,14.011,1323.49,654.409,1313.33,256,0.31396
io_uring,offered_50,1024,6,0.0884026,24.048,210.448,7.385,11.855,87.407,3237.56,654.673,1623.47,254,0.329237
io_uring,offered_50,1024,7,0.088061,25.9243,208.243,7.315,9.26,86.996,2429.5,655.681,2423.01,258,0.330211
io_uring,offered_50,1024,8,0.0910276,14.9339,91.0205,7.526,8.753,13.481,1081.72,654.588,1312.92,254,0.312445
io_uring,offered_50,1024,9,0.0892721,31.5859,247.087,7.308,8.404,995.463,3091.55,654.426,1989.64,252,0.312202
io_uring,offered_50,1024,10,0.0876476,26.8708,229.54,7.116,9.622,15.613,2650.33,654.604,1986.79,336,0.351578
io_uring,offered_50,1024,11,0.0872567,26.5667,228.868,7.186,8.989,14.417,3012.38,655.152,2785.57,262,0.327693
io_uring,offered_50,1024,12,0.089503,17.2869,165.024,7.569,8.474,13.649,2654.12,654.376,669.33,255,0.311586
io_uring,offered_50,1024,13,0.090084,17.1202,122.818,7.187,8.746,15.079,1712.68,654.804,1644.76,255,0.317188
io_uring,offered_50,1024,14,0.0899558,25.1733,214.602,7.378,10.14,20.411,3035.54,654.399,1311.26,253,0.322032
io_uring,offered_50,1024,15,0.091799,9.74342,46.7375,7.53,8.429,12.088,756.971,654.305,660.259,255,0.311659
io_uring,offered_50,4096,1,0.358576,14.9762,128.026,5.108,13.322,70.681,2640.24,655.94,1274.26,511,0.499423
io_uring,offered_50,4096,2,0.357127,14.153,144.775,4.986,6.383,20.503,3070.29,656.016,1293.18,509,0.470882
io_uring,offered_50,4096,3,0.359892,16.9586,116.781,4.999,7.228,637.504,1699.1,655.905,1300.91,506,0.469501
io_uring,offered_50,4096,4,0.362128,13.2404,79.1365,5.006,6.573,435.572,996.325,655.899,1289.37,508,0.4678
io_uring,offered_50,4096,5,0.352973,21.3944,184.174,4.993,6.508,308.506,2996.27,655.865,1964.38,508,0.470198
io_uring,offered_50,4096,6,0.362678,13.0396,78.4353,5.056,6.415,309.76,995.474,655.793,1285.11,508,0.468894
io_uring,offered_50,4096,7,0.360578,13.4896,93.5537,5.034,6.162,26.777,1384.35,655.917,1299.07,508,0.468776
io_uring,offered_50,4096,8,0.357311,16.2021,135.177,5.043,6.219,307.52,2714.17,655.793,1296.65,510,0.468236
io_uring,offered_50,4096,9,0.358873,14.3103,116.064,5.06,6.412,20.912,2140.82,655.837,1293.73,508,0.470111
io_uring,offered_50,4096,10,0.357452,14.2432,149.182,4.995,6.057,19.548,3174.87,656.046,1292.86,509,0.470127
io_uring,offered_50,4096,11,0.363054,15.9909,95.8495,4.977,6.496,636.962,996.313,655.969,1295.48,505,0.467898
io_uring,offered_50,4096,12,0.359096,18.783,117.728,5.039,6.68,638.222,1630.42,655.819,1300.71,505,0.467538
io_uring,offered_50,4096,13,0.356203,20.0142,172.997,5.039,6.537,619.226,3415.03,655.876,1479.88,508,0.469124
io_uring,offered_50,4096,14,0.364206,9.30035,59.1488,4.995,6.14,19.939,1001.62,655.884,1198.8,509,0.469513
io_uring,offered_50,4096,15,0.355839,23.5242,163.798,5.075,7.874,992.856,2563.39,655.904,1609.7,504,0.468163
io_uring,offered_50,16384,1,1.27298,38.4133,291.232,12.494,18.046,60.587,3320.31,644.543,2877.25,127,1.12949
io_uring,offered_50,16384,2,1.28064,45.1862,305.587,12.695,18.477,761.434,3408.79,644.445,2875.81,126,1.12278
io_uring,offered_50,16384,3,1.32214,38.7557,234.919,12.792,18.633,762.798,2581.14,644.371,2899.76,126,1.12504
io_uring,offered_50,16384,4,1.3597,12.4242,4.01599,12.658,17.913,19.535,21.341,644.472,1512.39,128,1.12876
io_uring,offered_50,16384,5,1.3035,61.8305,349.749,12.901,19.242,2571.69,3016.08,644.35,2898.38,124,1.11779
io_uring,offered_50,16384,6,1.29281,43.8269,290.912,12.711,18.682,759.108,3237.87,644.607,2877.63,126,1.12339
io_uring,offered_50,16384,7,1.33746,32.5015,168.192,12.776,18.531,762.811,1778.05,644.202,1838.38,126,1.12037
io_uring,offered_50,16384,8,1.36326,27.2287,119.291,12.786,18.596,667.169,1203.75,644.641,1512.46,126,1.12275
io_uring,offered_50,16384,9,1.28142,53.1674,286.072,12.871,24.256,1859.99,2624.24,644.388,2635.49,125,1.11916
io_uring,offered_50,16384,10,1.34273,25.1832,102.106,12.788,18.509,630.289,1001.02,644.317,1510.9,127,1.12583
io_uring,offered_50,16384,11,1.31046,34.7839,250.793,12.603,17.765,49.769,2863.16,644.399,2897.04,127,1.12772
io_uring,offered_50,16384,12,1.3342,55.2555,255.102,13.15,48.361,923.565,2559.59,644.503,1880.84,124,1.11412
io_uring,offered_50,16384,13,1.33738,49.2377,281.507,12.891,19.978,992.988,2999.67,644.444,2321.73,124,1.11615
io_uring,offered_50,16384,14,1.29652,41.17,261.361,12.732,18.886,763.804,2892.47,644.505,2897.12,126,1.12547
io_uring,offered_50,16384,15,1.35828,23.4008,87.3531,12.618,18.033,627.599,795.264,644.303,1430.34,127,1.12252
io_uring,offered_50,65536,1,3.67786,118.326,428.861,24.792,338.404,2221.72,3031.81,630.597,2303.55,30,3.93567
io_uring,offered_50,65536,2,3.77474,110.218,479.274,24.261,69.267,2791.86,2802.07,629.778,3427.98,38,4.0102
io_uring,offered_50,65536,3,3.89228,125.386,428.409,25.915,790.278,2409.3,2421.03,629.958,2671.42,30,3.88681
io_uring,offered_50,65536,4,4.08404,120.818,525.615,24.71,102.505,3060.66,3080.87,629.489,3655.53,30,4.03035
io_uring,offered_50,65536,5,4.16853,177.258,545.032,27.214,970.441,2979.36,2994.14,629.924,2665.45,28,3.79471
io_uring,offered_50,65536,6,3.90848,124.76,425.144,25.46,792.182,2382.39,2401.41,630.05,2652.76,30,3.88727
io_uring,offered_50,65536,7,4.04267,206.624,571.33,28.074,982.234,3078.58,3096.16,629.68,2672.08,27,3.69736
io_uring,offered_50,65536,8,3.85459,98.2791,287.667,25.391,832.038,1504.95,1531.44,630.868,3098.72,30,3.88617
io_uring,offered_50,65536,9,3.536,123.096,467.659,25.004,134.91,2674.45,2688.09,629.556,3312.32,38,3.9452
io_uring,offered_50,65536,10,3.21238,342.866,1635.37,25.857,757.544,9435.96,9451.52,628.904,10077.6,30,3.89604
io_uring,offered_50,65536,11,3.8888,81.277,322.191,24.609,37.663,2283.88,2310.93,629.476,2318.58,32,4.03637
io_uring,offered_50,65536,12,3.97354,173.951,706.144,25.995,764.145,4052.04,4078.01,629.257,2822.01,30,3.97666
io_uring,offered_50,65536,13,3.96022,110.512,259.193,26.507,954.531,990.631,1002.25,4.292,2552.95,73,3.84634
io_uring,offered_50,65536,14,4.17319,88.2076,248.043,25.352,742.206,1289.46,1315.07,630.658,1550.78,30,3.89619
io_uring,offered_50,65536,15,4.35017,79.3795,207.271,24.974,762.845,985.448,993.594,629.592,2535.69,30,3.88169
io_uring,offered_50,262144,1,7.0248,362.994,642.722,31.232,2264.97,2803.02,2834.23,642.743,3448.84,48,12.5923
io_uring,offered_50,262144,2,6.89838,482.831,834.22,30.054,2750.47,3646.63,3679.49,1183.97,3689.93,30,12.7025
io_uring,offered_50,262144,3,7.29349,460.867,700.135,38.363,1350.12,3405.22,3504.05,657.001,3515.42,44,12.4643
io_uring,offered_50,262144,4,6.90481,367.124,550.757,29.971,967.618,2653.13,2701.91,48.29,3532.32,51,12.8906
io_uring,offered_50,262144,5,7.08901,464.665,701.69,30.029,2587.46,2979.75,3076.84,20.122,4018.35,49,12.832
io_uring,offered_50,262144,6,6.83557,449.758,747.324,27.906,2523.91,3007.82,3050.21,428.781,3691.32,52,13.162
io_uring,offered_50,262144,7,6.90267,489.798,710.214,32.182,2324.28,3183.03,3237.68,14.716,4016.22,63,12.7466
io_uring,offered_50,262144,8,6.6901,446.715,669.133,30.723,2301.58,3193.63,3321.37,19.391,3535.16,56,12.7206
io_uring,offered_50,262144,9,6.82443,381.599,570.958,29.724,978.262,3103.45,3234.76,640.997,3531.73,43,12.6167
io_uring,offered_50,262144,10,7.18559,586.168,858.823,30.781,2751.21,2933.82,2986.94,1037.72,4015.88,29,12.8646
io_uring,offered_50,262144,11,7.10006,456.502,663.566,30.833,2088.22,3219.86,3327.93,642.969,3537.53,33,12.3798
io_uring,offered_50,262144,12,7.40312,474.64,654.951,34.744,1778.15,2902.3,2987.92,1431.46,3998.24,26,13.0812
io_uring,offered_50,262144,13,6.95095,397.408,675.547,29.462,2563.26,2766.21,2857.07,181.854,3967.81,53,12.8883
io_uring,offered_50,262144,14,6.61567,457.59,768.023,30.004,2543.7,3267.05,3340.72,643.879,3512.42,47,13.0612
io_uring,offered_50,262144,15,7.04415,478.75,681.132,29.978,1746.77,2685.23,2711.7,640.955,3520.42,42,12.8784
io_uring,offered_50,1048576,1,4.60113,1109.82,1047.2,836.639,2984.62,3505.76,3642.68,46.07,3962.14,140,68.05
io_uring,offered_50,1048576,2,4.58004,800.627,740.477,722.247,2113.14,2785.48,3449.62,43.958,4442.32,153,71.5144
io_uring,offered_50,1048576,3,4.46608,966.898,1008.14,633.274,2714.95,3238.34,3483.62,44.25,3695.89,207,69.8255
io_uring,offered_50,1048576,4,4.48124,1107.26,1060.3,883.315,2924.45,4030.27,4288.8,45.994,3550.2,146,70.4214
io_uring,offered_50,1048576,5,4.48032,1177.36,959.991,889.593,2952.19,3373.09,3725.09,53.778,3940.92,82,70.2297
io_uring,offered_50,1048576,6,4.61365,1198.02,935.047,916.507,2743.43,3016.49,3185.32,47.634,3923.53,103,66.7858
io_uring,offered_50,1048576,7,4.65448,991.032,769.425,853.84,2512.37,2757.43,2828.75,48.246,4493.76,95,68.0414
io_uring,offered_50,1048576,8,4.60896,996.462,955.558,805.577,2896.37,3490.58,3626.24,47.931,3849.82,143,70.0803
io_uring,offered_50,1048576,9,4.66377,1342.55,1139.67,1211.29,3344.79,4009.97,4218.05,43.876,3819.54,127,67.6503
io_uring,offered_50,1048576,10,4.37087,775.275,770.317,625.01,2268.1,2995.29,3666.58,45.941,3930.57,161,73.0394
io_uring,offered_50,1048576,11,4.49878,1097.27,914.756,868.857,2781.95,3087.86,3244.64,49.185,3924.53,108,67.1663
io_uring,offered_50,1048576,12,4.89894,1080.34,899.439,837.47,2683.74,2933.14,3342.34,47.562,4491.15,94,67.1257
io_uring,offered_50,1048576,13,4.46709,1159.07,1048.76,897.407,2929.95,3582.99,3628.91,45.507,3884.35,142,69.0508
io_uring,offered_50,1048576,14,4.47359,1080.37,1007.69,894.643,2947.05,3493.35,3585.14,44.117,4420.04,150,69.0157
io_uring,offered_50,1048576,15,4.51348,956.83,858.504,797.645,2607.13,3325.67,3475.03,44.366,4042.74,119,73.9608
io_uring,offered_75,64,1,0.0135774,13.5609,120.77,5.29,6.025,10.102,2544.08,257.353,1058.21,4068,0.216435
io_uring,offered_75,64,2,0.0134388,14.4045,135.776,5.272,6.023,10.001,2607.82,257.331,1055.25,4082,0.217007
io_uring,offered_75,64,3,0.0134973,13.2212,129.056,5.27,6.024,9.91,2725.83,257.328,1067.43,4080,0.216863
io_uring,offered_75,64,4,0.0135762,12.4671,100.95,5.319,6.034,10.152,1271.96,257.289,1057.73,4070,0.216178
io_uring,offered_75,64,5,0.0134294,14.0095,129.707,5.325,6.03,9.983,2484.73,257.279,1137.08,4076,0.216589
io_uring,offered_75,64,6,0.0135982,12.8998,107.768,5.321,6.064,10.074,1931.27,257.326,1067.08,4072,0.216385
io_uring,offered_75,64,7,0.0134099,14.8785,126.9,5.306,6.033,10.178,2194.74,257.338,1134.64,4067,0.216417
io_uring,offered_75,64,8,0.0135082,14.1203,122.91,5.292,6.039,10.043,2476.3,257.293,1068.53,4074,0.216291
io_uring,offered_75,64,9,0.0135611,14.0574,126.524,5.295,6.023,10.032,2487.77,257.289,1059.04,4072,0.216242
io_uring,offered_75,64,10,0.0135425,11.9727,94.4618,5.308,6.029,10.055,1407.31,257.281,996.076,4073,0.216179
io_uring,offered_75,64,11,0.0135312,14.5704,124.755,5.267,6.038,10.189,2281.25,257.327,1073.06,4068,0.216755
io_uring,offered_75,64,12,0.0135996,12.0099,107.712,5.264,6.016,9.855,1727.89,257.344,1057,4085,0.217063
io_uring,offered_75,64,13,0.0135489,13.3491,135.682,5.279,6.023,9.7,2737.84,257.31,340.529,4086,0.21686
io_uring,offered_75,64,14,0.0133071,14.5882,136.317,5.296,6.025,10.015,2485.91,257.351,1188.02,4073,0.216675
io_uring,offered_75,64,15,0.0135172,13.4647,117.545,5.275,6.029,10.044,2267.18,257.33,1059.17,4082,0.217256
io_uring,offered_75,256,1,0.0521987,19.7641,161.384,6.011,6.802,15.247,2722.29,256.126,1254.07,1014,0.241977
io_uring,offered_75,256,2,0.0520465,20.2642,155.686,5.976,6.741,806.153,2143.9,256.182,1324.1,1015,0.241981
io_uring,offered_75,256,3,0.05324,14.8867,126.425,6.023,6.752,11.417,1004.33,256.127,1183.35,1017,0.24211
io_uring,offered_75,256,4,0.053366,15.2474,135.116,6.012,6.714,10.322,2493.52,256.175,1121.9,1018,0.242314
io_uring,offered_75,256,5,0.0544808,11.0444,90.988,5.99,6.701,10.08,941.946,256.149,986.015,1021,0.242345
io_uring,offered_75,256,6,0.0513388,20.1421,176.706,5.993,6.733,11.583,2950.24,256.129,1857.06,1016,0.242277
io_uring,offered_75,256,7,0.0539292,15.9075,141.469,6.007,6.718,10.755,2212.5,256.072,988.483,1019,0.241701
io_uring,offered_75,256,8,0.0528284,17.547,170.744,6.022,6.71,10.132,3012.46,256.128,1071.32,1019,0.242363
io_uring,offered_75,256,9,0.0533912,16.9923,153.367,5.986,6.706,11.461,3006.12,256.152,1126.25,1019,0.242297
io_uring,offered_75,256,10,0.0538919,12.4649,92.6234,6.025,6.732,10.776,1477.77,256.205,993.732,1019,0.242083
io_uring,offered_75,256,11,0.0525241,18.4458,161.648,6.065,6.754,12.146,3000.56,256.17,1135.94,1016,0.240155
io_uring,offered_75,256,12,0.0536377,15.6337,127.39,6.004,6.72,11.541,1865.49,256.134,1077.97,1017,0.241143
io_uring,offered_75,256,13,0.0527441,16.9294,166.228,5.997,6.68,10.079,2942.23,256.132,1074.71,1020,0.242496
io_uring,offered_75,256,14,0.0534539,15.4074,135.569,5.998,6.712,10.344,2275.33,256.138,1126.52,1018,0.242082
io_uring,offered_75,256,15,0.0532533,17.5646,144.615,5.989,6.787,13.273,2339.74,256.181,1124.14,1014,0.242396
io_uring,offered_75,1024,1,0.21337,14.8536,89.9437,7.286,8.064,13.018,1055.39,254.083,1301.29,254,0.30391
io_uring,offered_75,1024,2,0.202284,28.1809,176.847,7.339,8.197,996.638,2029.42,254.033,1985.85,251,0.30249
io_uring,offered_75,1024,3,0.206407,25.2941,213.76,7.354,8.079,455.713,3264.76,254.021,1226.22,254,0.303058
io_uring,offered_75,1024,4,0.199081,28.2861,228.845,7.356,8.383,453.764,3116.58,254.078,2166.44,254,0.304756
io_uring,offered_75,1024,5,0.216355,14.6159,86.3416,7.343,8.143,12.709,1053.64,254.048,1165.95,253,0.302645
io_uring,offered_75,1024,6,0.211272,16.1915,148.141,7.36,8.128,11.144,2383.47,254.112,257.922,255,0.305274
io_uring,offered_75,1024,7,0.198355,32.0867,284.528,7.337,8.001,10.2,3383.02,254.043,2999.26,255,0.304456
io_uring,offered_75,1024,8,0.22486,10.4469,57.2152,7.299,8.075,11.109,925.204,254.017,257.572,255,0.304233
io_uring,offered_75,1024,9,0.212551,25.6339,207.988,7.355,8.126,383.343,3027.32,254.044,1637.78,252,0.302911
io_uring,offered_75,1024,10,0.200252,31.7882,248.599,7.361,8.237,917.699,3089.75,253.991,2630.63,253,0.304318
io_uring,offered_75,1024,11,0.201138,25.7046,213.153,7.395,8.128,14.048,2776.2,254.067,2268.77,254,0.304488
io_uring,offered_75,1024,12,0.21127,18.1841,127.173,7.324,8.097,13.034,1511.2,254.061,1757.42,254,0.303914
io_uring,offered_75,1024,13,0.21046,18.2048,181.58,7.271,8.006,11.891,2919.46,254.035,1036.69,255,0.305055
io_uring,offered_75,1024,14,0.190556,35.0063,269.925,7.334,8.091,1453.49,3242.73,254.1,2988.61,254,0.304624
io_uring,offered_75,1024,15,0.199501,26.218,181.348,7.321,8.178,1386.46,2176.66,254.054,1988.57,253,0.302454
io_uring,offered_75,4096,1,0.792029,17.5397,201.361,4.916,5.645,9.615,3313.64,255.56,1065.45,512,0.462209
io_uring,offered_75,4096,2,0.814988,16.4801,161.615,4.898,5.691,20.38,3317.77,255.578,1062.67,509,0.4612
io_uring,offered_75,4096,3,0.759833,26.284,251.127,4.891,5.746,20.502,3326.24,255.606,2969.83,510,0.462978
io_uring,offered_75,4096,4,0.831389,13.927,101.069,4.89,5.744,21.053,1313.66,255.607,1061,508,0.461175
io_uring,offered_75,4096,5,0.825606,13.1702,149.418,4.883,5.661,9.968,3242.61,255.603,261.314,511,0.461794
io_uring,offered_75,4096,6,0.812317,15.8559,145.728,4.884,5.693,19.333,2194.74,255.591,1488.5,509,0.462053
io_uring,offered_75,4096,7,0.788616,20.3748,173.671,4.902,5.805,22.351,2320.42,255.629,1969.21,508,0.461395
io_uring,offered_75,4096,8,0.819626,17.292,172.288,4.885,5.69,20.064,2998.48,255.597,1062.01,508,0.460721
io_uring,offered_75,4096,9,0.769632,24.2523,206.54,4.89,5.725,25.618,3243.03,255.67,1968.67,508,0.46166
io_uring,offered_75,4096,10,0.76376,22.2037,209.284,4.89,5.886,29.084,3037.73,255.63,1496.16,507,0.462719
io_uring,offered_75,4096,11,0.781713,21.0312,193.798,4.979,5.944,21.225,2876.69,255.582,1966.6,508,0.462553
io_uring,offered_75,4096,12,0.791688,21.1028,190.341,4.94,5.773,21.503,2872.11,255.585,1965.79,508,0.462086
io_uring,offered_75,4096,13,0.807549,22.2018,185.538,4.913,5.867,198.148,2998.9,255.573,1290.56,506,0.460982
io_uring,offered_75,4096,14,0.807048,17.8344,204.729,4.917,5.634,9.935,3314.54,255.579,279.106,512,0.461952
io_uring,offered_75,4096,15,0.797406,18.9371,153.947,4.91,5.799,22.662,2358.31,255.613,1968.51,507,0.460902
io_uring,offered_75,16384,1,2.60283,53.7547,342.588,11.489,16.614,2198.79,3248.7,245.2,2962.8,128,1.11931
io_uring,offered_75,16384,2,2.52171,52.6999,275.823,11.57,17.98,1996.34,2255.49,245.184,2393.09,125,1.10764
io_uring,offered_75,16384,3,2.67,40.2167,233.118,11.545,16.67,1373.87,2307.62,244.996,2433.31,126,1.11384
io_uring,offered_75,16384,4,2.67999,45.4718,224.4,11.628,18.374,1372.35,1953.12,244.979,2877.06,124,1.10992
io_uring,offered_75,16384,5,2.89274,33.7803,218.962,11.504,17.166,368.199,2475.58,245.025,1874,126,1.11433
io_uring,offered_75,16384,6,2.54925,47.986,336.176,11.52,17.149,992.516,3710.52,245.131,3723.17,127,1.11578
io_uring,offered_75,16384,7,3.10494,11.1461,3.82124,11.365,16.165,17.776,34.626,244.65,248.553,128,1.12146
io_uring,offered_75,16384,8,2.79672,43.5141,283.3,11.617,17.046,995.596,3083.19,244.844,1196.05,125,1.11389
io_uring,offered_75,16384,9,2.37512,56.9554,341.046,11.576,18.003,1276.72,3560.44,245.095,3621.9,126,1.11481
io_uring,offered_75,16384,10,3.08167,27.766,184.202,11.427,15.98,62.365,2103.81,244.907,247.811,126,1.11582
io_uring,offered_75,16384,11,3.11859,11.4203,4.72527,11.454,16.133,18.255,47.606,244.784,248.314,128,1.11819
io_uring,offered_75,16384,12,2.64477,39.9928,189.729,11.668,19.3,1436.85,1505.24,244.92,1903.22,125,1.11139
io_uring,offered_75,16384,13,2.6884,53.7435,334.92,11.671,17.779,2369.71,3018.05,244.903,2887.31,125,1.11936
io_uring,offered_75,16384,14,3.1789,11.2032,3.60298,11.423,15.898,17.664,23.473,244.761,246.838,128,1.11715
io_uring,offered_75,16384,15,2.79652,49.993,221.006,11.705,47.643,1000.61,1888.34,244.93,1200.16,123,1.10446
io_uring,offered_75,65536,1,4.454,202.012,695.824,22.932,2664.44,3122.58,3140.32,229.122,3364.38,56,3.96281
io_uring,offered_75,65536,2,5.29132,102.268,309.47,24.497,944.005,1589.12,1608.76,229.916,2724.26,32,3.85907
io_uring,offered_75,65536,3,4.86311,237.955,678.675,26.112,2162.57,3053.16,3079.88,231.584,2802.96,29,3.79383
io_uring,offered_75,65536,4,4.34747,278.791,723.101,28.233,2482.19,2928.08,2943.38,231.716,2736.57,27,3.69501
io_uring,offered_75,65536,5,4.94294,228.579,548.388,28.562,2005.56,2250.54,2260.56,230.474,3652.97,27,3.59176
io_uring,offered_75,65536,6,5.00361,189.63,635.323,24.628,2580.34,2720.68,2731.55,4.358,2960.29,70,3.91874
io_uring,offered_75,65536,7,4.79082,244.885,732.423,26.076,2950.15,3077.43,3088.21,231.221,3655.8,29,3.79051
io_uring,offered_75,65536,8,4.82344,119.856,547.031,22.966,33.618,3181.45,3199.66,230.463,3424.05,33,4.04738
io_uring,offered_75,65536,9,4.66367,218.62,593.587,26.468,2092.47,2151.27,2160.51,231.547,2725.74,29,3.75372
io_uring,offered_75,65536,10,5.07995,257.623,735.923,28.106,2960.8,3156.75,3180.42,229.565,3722.98,28,3.6743
io_uring,offered_75,65536,11,5.06034,190.026,563.342,26.115,2096.94,2555.8,2565.44,4.188,2794.68,82,3.82195
io_uring,offered_75,65536,12,4.53479,176.424,560.296,25.272,1075.46,3027.57,3042.42,232.086,3510.86,30,3.80856
io_uring,offered_75,65536,13,4.13182,234.788,632.022,27.174,2029.16,2981.48,2989.92,232.165,3723.22,30,3.7007
io_uring,offered_75,65536,14,4.87569,277.099,629.102,28.585,2168.66,2211.87,2235.59,232.509,2643.9,27,3.54213
io_uring,offered_75,65536,15,5.27118,245.785,661.576,27.328,2567.9,2848.65,2872.24,232.512,3655.34,27,3.66227
io_uring,offered_75,262144,1,6.75603,694.023,900.296,348.015,2701.11,3421.3,3466.68,970.579,4012.46,42,11.9678
io_uring,offered_75,262144,2,6.88392,607.509,776.297,382.888,2504.45,3170.7,3449.46,1975.88,3862.09,28,12.2146
io_uring,offered_75,262144,3,7.05671,717.617,870.258,421.168,2698.58,3489.21,3529.33,2019.47,3795.03,24,11.61
io_uring,offered_75,262144,4,6.44879,629.486,874.667,50.251,2711.18,2851.61,2963.27,13.677,3858.19,95,12.8924
io_uring,offered_75,262144,5,7.02701,683.797,874.5,396.472,2719.06,2869.45,2968.82,2009.95,3451.9,26,12.0284
io_uring,offered_75,262144,6,6.37159,680.102,949.636,316.667,2882.67,3718.17,3750.32,15.234,5794.6,100,12.6885
io_uring,offered_75,262144,7,6.96281,668.213,803.226,333.777,2516.33,2687.99,2736.02,1122.63,4001.91,38,11.81
io_uring,offered_75,262144,8,6.90138,683.62,792.1,374.672,2614.17,2758.7,2782.85,239,3817.87,46,11.6407
io_uring,offered_75,262144,9,6.97697,615.543,871.688,181.949,2584.68,3733.06,3790.22,12.489,3801.17,88,12.2477
io_uring,offered_75,262144,10,6.43134,743.98,931.503,387.67,2732.94,3674.31,3717.03,1787.99,4067.02,33,11.6663
io_uring,offered_75,262144,11,6.5851,746.504,1026.2,201.562,2799.22,3492.8,3505.93,239.857,3745.09,52,12.519
io_uring,offered_75,262144,12,6.89772,620.48,797.573,353.179,2681.11,3276.67,3373.03,1825.26,3813.3,26,11.6792
io_uring,offered_75,262144,13,6.81632,594.811,827.467,281.903,2526.31,3353.99,3458.72,12.269,3719.46,103,12.5158
io_uring,offered_75,262144,14,7.4713,668.929,858.822,392.163,2686.23,3418.99,3472.41,1823.29,3772.09,25,11.6448
io_uring,offered_75,262144,15,6.71803,721.818,877.881,388.393,2760.81,3243.99,3281.11,1154.48,4045.13,39,11.5478
io_uring,offered_75,1048576,1,4.45544,765.711,727.542,685.331,2442.41,2981.75,3336.09,44.547,4001.49,132,72.8164
io_uring,offered_75,1048576,2,4.48088,776.214,829.349,564.274,2540.68,3128.24,3636.73,45.684,4103.9,158,74.2581
io_uring,offered_75,1048576,3,4.74991,1082.14,1094.41,631.232,2788.61,3578.34,3737.84,44.907,3775.41,194,69.2983
io_uring,offered_75,1048576,4,4.54401,1026.66,1046.01,664.252,3029.61,3460.19,3617.57,44.532,3756.52,191,70.8505
io_uring,offered_75,1048576,5,4.66099,895.594,913.519,679.63,2735.66,3587,3739.59,43.698,3876.92,153,70.1602
io_uring,offered_75,1048576,6,4.69333,1139.49,1089.38,841.712,3166.45,3512.65,3580.32,43.72,4004.89,145,70.7996
io_uring,offered_75,1048576,7,4.69018,1184.16,1027.71,1058.06,2877.32,3138.29,4215.56,43.953,3552.09,155,69.9175
io_uring,offered_75,1048576,8,4.76149,1867.49,2265.05,1029.49,8044.62,8714.32,8883.07,43.433,3839.65,154,66.9798
io_uring,offered_75,1048576,9,4.49489,1037.05,905.632,859.244,2861.2,3449.84,3626.4,44.799,3947.91,109,72.1403
io_uring,offered_75,1048576,10,4.77325,1229.34,1142.66,1044.77,3054.88,3403.32,3618.68,43.596,3554.58,187,66.5729
io_uring,offered_75,1048576,11,4.55751,863.82,765.888,783.109,2303.13,3249.34,3555.42,44.55,3976.99,123,72.5267
io_uring,offered_75,1048576,12,4.80018,1051.21,850.258,855.754,2685.68,3199.52,3296.69,46.085,4664.96,89,70.267
io_uring,offered_75,1048576,13,4.89097,1213.27,1076.49,1152.69,3154.01,3496.12,3579.69,44.718,3597.83,150,66.5815
io_uring,offered_75,1048576,14,4.38897,974.314,1054.38,702.688,3133.25,4284.19,4654.89,43.568,4401.02,168,75.4223
io_uring,offered_75,1048576,15,4.6233,1001.24,991.67,768.662,3104.16,3475.83,3635.9,43.644,3889.05,152,70.2754
io_uring,offered_90,64,1,0.0281793,16.6471,171.911,4.856,5.512,9.18,3071.37,106.98,1174.65,4081,0.210267
io_uring,offered_90,64,2,0.027886,16.4855,163.687,4.84,5.5,9.254,3070.88,106.957,1175.23,4077,0.209775
io_uring,offered_90,64,3,0.0280549,16.1491,163.434,4.822,5.493,9.219,2937.18,106.943,1176.29,4076,0.209486
io_uring,offered_90,64,4,0.0277643,16.6094,161.757,4.838,5.506,9.948,2988.74,106.966,1172.56,4072,0.209418
io_uring,offered_90,64,5,0.0279237,15.8224,157.073,4.851,5.507,9.254,2762.12,106.944,1173.11,4077,0.209907
io_uring,offered_90,64,6,0.0279394,16.2827,160.3,4.83,5.505,9.224,2307.15,106.921,1173.9,4075,0.209882
io_uring,offered_90,64,7,0.0278905,16.07,158.353,4.829,5.497,9.366,2989.07,106.939,1173.62,4076,0.210067
io_uring,offered_90,64,8,0.0281522,16.3934,166.925,4.847,5.501,9.199,3069.75,106.924,1174.6,4077,0.209833
io_uring,offered_90,64,9,0.0279928,15.6917,160.815,4.851,5.514,9.264,3071.23,106.935,1058.88,4080,0.209738
io_uring,offered_90,64,10,0.0279162,16.1038,167.608,4.84,5.506,9.146,3070.51,106.932,995.758,4084,0.210072
io_uring,offered_90,64,11,0.0278949,16.9854,170.05,4.837,5.503,9.329,3070.21,106.942,1745.69,4075,0.209888
io_uring,offered_90,64,12,0.0282116,15.9054,160.141,4.845,5.512,9.198,2762.65,106.913,1173.58,4078,0.209509
io_uring,offered_90,64,13,0.0279084,15.7156,154.085,4.882,5.523,9.483,2771.58,106.883,1066.77,4074,0.208552
io_uring,offered_90,64,14,0.0283194,16.2245,171.514,4.901,5.528,9.208,3071.11,106.862,175.535,4080,0.209211
io_uring,offered_90,64,15,0.0278055,16.9944,166.152,4.882,5.523,9.321,2877.95,106.896,1516.85,4073,0.209271
io_uring,offered_90,256,1,0.101873,22.699,207.616,5.625,6.3,10.651,3186.65,105.889,2282.65,1018,0.23637
io_uring,offered_90,256,2,0.105271,21.3014,217.008,5.648,6.284,9.432,3412.66,105.861,1860.83,1022,0.236538
io_uring,offered_90,256,3,0.110415,17.598,181.522,5.636,6.281,9.357,3182.59,105.902,124.325,1022,0.236731
io_uring,offered_90,256,4,0.108844,17.625,154.962,5.617,6.282,10.209,2414.73,105.892,1513.77,1017,0.235731
io_uring,offered_90,256,5,0.103173,21.5988,190.067,5.609,6.308,11.929,3178.05,105.908,1994.65,1017,0.235994
io_uring,offered_90,256,6,0.103865,21.81,205.78,5.613,6.261,9.891,2877.96,105.874,2170.19,1018,0.235795
io_uring,offered_90,256,7,0.111104,17.0885,147.128,5.629,6.267,10.12,2078.29,105.86,1986.77,1018,0.235633
io_uring,offered_90,256,8,0.106583,21.2115,183.176,5.628,6.274,11.288,2424.32,105.903,1991.81,1016,0.236081
io_uring,offered_90,256,9,0.107428,19.2079,187.854,5.606,6.256,9.468,3186.13,105.928,1994.75,1020,0.236287
io_uring,offered_90,256,10,0.105398,21.5083,168.209,5.636,6.332,153.364,2117.08,105.87,1994.26,1012,0.235333
io_uring,offered_90,256,11,0.105316,20.7144,188.411,5.614,6.259,10.95,2653.26,105.853,2286.32,1017,0.235561
io_uring,offered_90,256,12,0.103387,23.4621,211.656,5.621,6.274,10.544,3180.36,105.894,1992.92,1017,0.235034
io_uring,offered_90,256,13,0.103062,20.9366,186.546,5.642,6.293,10.76,2333.5,105.876,2284.74,1017,0.23551
io_uring,offered_90,256,14,0.106959,20.1641,198.592,5.607,6.255,9.604,3245.71,105.898,1519.41,1020,0.235891
io_uring,offered_90,256,15,0.108228,21.6992,201.464,5.617,6.257,11.018,2988.07,105.884,1992.7,1018,0.236362
io_uring,offered_90,1024,1,0.473022,13.511,102.628,7.576,8.187,11.486,1653.85,103.127,110.143,255,0.304821
io_uring,offered_90,1024,2,0.447035,13.0845,95.3406,7.579,8.274,11.103,1536.74,103.159,1049.14,255,0.305371
io_uring,offered_90,1024,3,0.390812,28.885,258.717,7.571,8.222,12.233,3719.72,103.173,1987.03,256,0.306041
io_uring,offered_90,1024,4,0.447125,17.0977,157.786,7.563,8.177,13.803,2538.24,103.165,133.061,255,0.305171
io_uring,offered_90,1024,5,0.439182,16.0154,109.707,7.545,8.306,15.402,1651.65,103.136,986.654,254,0.304068
io_uring,offered_90,1024,6,0.437697,16.0513,110.23,7.561,8.246,12.704,1654.2,103.188,1749.8,254,0.304479
io_uring,offered_90,1024,7,0.4505,15.1513,129.032,7.552,8.162,11.48,2077.24,103.208,109.317,255,0.305437
io_uring,offered_90,1024,8,0.426728,20.4018,150.795,7.557,8.204,13.483,1871.61,103.119,1968.47,254,0.304248
io_uring,offered_90,1024,9,0.42142,21.8164,178.558,7.592,8.311,15.056,2648.45,103.154,1221.66,254,0.305504
io_uring,offered_90,1024,10,0.360177,39.5107,297.648,7.6,9.021,2643.39,3002.02,103.142,2983.14,254,0.306313
io_uring,offered_90,1024,11,0.407174,24.0259,167.006,7.554,8.211,705.001,2026.2,103.269,1989.19,252,0.303599
io_uring,offered_90,1024,12,0.390957,25.5568,208.924,7.608,8.47,13.912,2656.05,103.152,2748.96,254,0.306139
io_uring,offered_90,1024,13,0.42181,21.9631,176.99,7.623,8.262,15.978,2572.31,103.201,1965.54,254,0.304712
io_uring,offered_90,1024,14,0.380846,33.9598,269.345,7.63,8.608,871.196,3027.75,103.155,3000.7,254,0.305341
io_uring,offered_90,1024,15,0.338821,50.6323,599.64,7.649,8.297,12.26,9484.36,103.079,2527.09,256,0.305099
io_uring,offered_90,4096,1,1.37303,29.6717,227.677,5.031,6.384,1093.79,3104.76,104.802,2571.61,506,0.460969
io_uring,offered_90,4096,2,1.73063,12.5101,106.666,4.988,6.037,19.36,2088.32,104.748,831.419,509,0.458831
io_uring,offered_90,4096,3,1.34123,32.7433,279.284,5.018,6.209,27.894,3224.8,104.765,2957.62,509,0.462066
io_uring,offered_90,4096,4,1.68344,14.2606,149.067,4.982,5.94,9.91,2732.62,104.712,107.084,510,0.459689
io_uring,offered_90,4096,5,1.45577,21.3065,143.09,5.018,6.437,990.45,1731.82,104.886,1964.7,506,0.459996
io_uring,offered_90,4096,6,1.39637,28.0482,227.338,5,6.407,735.8,3090.5,104.802,2968.92,507,0.461063
io_uring,offered_90,4096,7,1.73769,13.8934,142.669,4.972,5.925,9.945,2478.74,104.753,107.223,511,0.459573
io_uring,offered_90,4096,8,1.55416,20.9919,205.308,4.988,6.175,23.002,2861.54,104.752,2574.45,508,0.460404
io_uring,offered_90,4096,9,1.35435,29.2813,246.534,4.988,6.267,604.597,3256.11,104.776,2829.3,508,0.460402
io_uring,offered_90,4096,10,1.46255,25.1917,226.73,4.994,6.183,24.529,2859.72,104.868,2579.27,508,0.462819
io_uring,offered_90,4096,11,1.60152,18.0757,180.785,4.976,6.03,20.152,2869.2,104.748,1189.76,509,0.460708
io_uring,offered_90,4096,12,1.58761,18.799,194.244,4.976,5.979,12.325,3090.41,104.787,1067,511,0.460676
io_uring,offered_90,4096,13,1.52337,19.2407,155.428,4.993,6.276,27.094,2483.55,104.836,1968.42,507,0.461406
io_uring,offered_90,4096,14,1.44291,25.5304,236.676,5.003,6.082,21.518,3323.62,104.787,2831.91,509,0.461914
io_uring,offered_90,4096,15,1.5455,20.0093,190.379,4.987,6.118,21.502,3090.23,104.827,1066.08,509,0.461545
io_uring,offered_90,16384,1,4.27341,45.5898,293.178,11.82,16.769,1244.05,3116.68,93.593,2964.47,127,1.10993
io_uring,offered_90,16384,2,4.07982,49.8401,341.325,11.719,16.574,1198.28,3712.93,93.712,3776.21,127,1.10866
io_uring,offered_90,16384,3,4.53973,28.7993,192.572,11.642,16.797,47.599,2199.61,93.532,2362.43,128,1.11092
io_uring,offered_90,16384,4,4.16874,53.8804,324.326,11.972,18.162,2197.99,2994.88,93.559,2904.31,126,1.10824
io_uring,offered_90,16384,5,4.15595,60.3075,387.997,11.7,16.612,3035.05,3247.75,93.38,3335.26,127,1.11221
io_uring,offered_90,16384,6,4.27744,45.8603,293.962,11.752,16.554,1294.56,3105.05,93.487,2941.25,127,1.10322
io_uring,offered_90,16384,7,3.67863,74.5149,371.337,11.99,47.574,2000.14,3082.67,93.631,2904.89,124,1.10768
io_uring,offered_90,16384,8,3.67288,65.5459,338.001,12.028,45.299,2197.27,2931.05,93.721,2904.99,124,1.10523
io_uring,offered_90,16384,9,4.42689,51.6997,265.233,11.953,17.437,1995.65,2086.89,93.522,2057.38,125,1.1021
io_uring,offered_90,16384,10,3.74378,58.4614,335.425,11.968,17.824,1998.66,3199.84,93.688,3287.65,126,1.11378
io_uring,offered_90,16384,11,4.56307,33.0767,167.528,11.915,17.063,1203.96,1505.81,93.428,1896.64,126,1.10761
io_uring,offered_90,16384,12,3.82132,54.9132,319.511,12.063,46.372,2086.34,3000.41,93.556,2961.44,125,1.10456
io_uring,offered_90,16384,13,3.99741,54.4673,344.356,11.799,16.648,2236.26,3248.03,93.527,3334.7,127,1.10725
io_uring,offered_90,16384,14,4.53926,38.3127,302.667,11.655,16.519,19.907,3450.51,93.526,3538.64,128,1.11267
io_uring,offered_90,16384,15,4.8322,45.6723,296.363,11.742,16.691,1204.05,3169.71,93.597,1901.82,126,1.10655
io_uring,offered_90,65536,1,3.55098,322.573,818.745,28.655,2657.97,3148.82,3161.03,82.742,3385.42,28,3.71227
io_uring,offered_90,65536,2,5.46552,247.059,710.77,26.157,2629.84,2985.5,2997.62,81.81,3228.11,30,3.80229
io_uring,offered_90,65536,3,4.24388,228.775,686.747,27.439,2639.99,2982.1,2992.07,81.364,3474.36,29,3.78691
io_uring,offered_90,65536,4,3.91486,344.206,797.924,30.276,2651.05,2919.79,2940.59,81.814,4632.2,26,3.57731
io_uring,offered_90,65536,5,3.97659,247.257,701.396,26.548,2641.63,2790.45,2800.78,82.138,3087.45,31,3.82978
io_uring,offered_90,65536,6,4.26685,345.256,820.114,29.622,3030.53,3315.19,3333.28,82.161,3740.78,27,3.62557
io_uring,offered_90,65536,7,4.08211,351.217,719.163,31.399,2128.88,2981.34,2994.59,81.57,4068.49,25,3.46731
io_uring,offered_90,65536,8,4.2695,316.612,813.387,28.394,2787.41,2978.21,2989,81.606,3088.55,31,3.701
io_uring,offered_90,65536,9,3.83436,349.561,804.018,29.818,2636.18,3259.02,3277.14,82.14,3416.26,27,3.63614
io_uring,offered_90,65536,10,3.87157,401.715,991.626,28.304,3288.16,3335,3343.89,81.447,3649.37,28,3.75115
io_uring,offered_90,65536,11,4.14695,400.592,907.461,27.754,2941.23,3265.38,3284.12,82.249,3379.96,29,3.74046
io_uring,offered_90,65536,12,3.89984,294.564,732.499,29.978,2616.49,2654.84,2658.76,83.525,3400.72,27,3.56386
io_uring,offered_90,65536,13,3.24703,388.975,954.17,28.287,3117.73,3264.69,3282.87,80.511,3379.94,29,3.77096
io_uring,offered_90,65536,14,3.33341,358.954,899.894,28.263,3065.84,3312.25,3330.11,83.65,3404.4,29,3.73818
io_uring,offered_90,65536,15,3.57474,330.77,848.923,28.353,2958.28,3163.97,3180.09,82.08,3325.51,28,3.73156
io_uring,offered_90,262144,1,6.89211,752.75,984.676,387.597,2928.91,3094.72,3200.84,13.902,4083.29,65,11.9763
io_uring,offered_90,262144,2,6.9644,764.406,988.075,356.333,2879.13,3018.86,3078.67,1960.84,4072.54,25,11.8506
io_uring,offered_90,262144,3,8.05573,646.457,800.997,369.073,2610.99,2787.09,2810.78,1012.29,4074.51,28,11.899
io_uring,offered_90,262144,4,6.92306,607.429,843.901,333.437,2851.07,3153.97,3262.34,1027.84,4073.34,30,11.9655
io_uring,offered_90,262144,5,6.65591,709.654,858.76,404.077,2763.32,2885.41,2911.3,1843.64,4083.95,31,11.7736
io_uring,offered_90,262144,6,6.27114,618.104,981.609,29.96,2852.45,2902.9,2929.06,12.255,3079.87,151,13.2379
io_uring,offered_90,262144,7,7.21913,697.863,804.715,489.895,2815.69,3311.05,3373.07,2420.32,4069.14,21,11.4166
io_uring,offered_90,262144,8,7.03702,798.668,954.428,469.475,2846.95,2942.74,2977.95,2612.44,4064.05,22,11.8481
io_uring,offered_90,262144,9,6.79022,787.504,910.239,461.113,2868.99,3414.18,3506.85,2851.66,4082.8,18,11.1426
io_uring,offered_90,262144,10,7.75774,506.669,465.416,443.394,1682.04,1868.93,1995.2,13.955,4085,38,10.9602
io_uring,offered_90,262144,11,6.21755,804.216,956.601,410.42,2836.3,2907,2931.37,1326.02,3863.05,42,11.9832
io_uring,offered_90,262144,12,6.96743,708.914,760.615,520.429,2805.24,3030.28,3137.32,3030.43,4075.34,18,10.9313
io_uring,offered_90,262144,13,7.35211,723.55,779.661,557.363,2768.08,2939.23,2971.06,2676.45,4103.1,20,12.7333
io_uring,offered_90,262144,14,6.4296,505.001,858.935,26.51,2811.64,2890.38,3143.18,11.36,3400.17,163,13.6455
io_uring,offered_90,262144,15,6.84656,712.06,856.744,469.668,2799.96,2894.97,2929.66,2028.05,4147.05,25,12.0981
io_uring,offered_90,1048576,1,4.72606,1167.09,1038.59,924.065,3115.63,3471.77,3625.49,44.152,3919.78,141,67.6452
io_uring,offered_90,1048576,2,4.50314,971.787,961.686,666.19,2694.24,3499.29,3788.62,44.661,3783.13,166,71.4788
io_uring,offered_90,1048576,3,4.55915,1040.97,992.953,781.242,2929.86,3336.93,3713.17,43.255,3746.12,151,71.8826
io_uring,offered_90,1048576,4,4.55595,988.262,999.393,736.384,3018.45,3323.7,3443.27,43.827,3948.7,160,69.0824
io_uring,offered_90,1048576,5,4.73521,1134.54,1106.35,932.789,3328.11,3561.53,3597.54,43.812,3698.66,177,68.5305
io_uring,offered_90,1048576,6,4.67903,933.533,941.456,737.831,2848.05,3386.26,3709.3,44.401,3804.43,168,69.0882
io_uring,offered_90,1048576,7,4.82921,1063.82,994.567,787.153,2926.3,3111.56,3192.96,44.318,3911.96,121,71.7128
io_uring,offered_90,1048576,8,4.81788,1333.55,1089.47,1452.5,2960.03,3172.17,3697.78,43.042,3702.39,140,65.6411
io_uring,offered_90,1048576,9,4.65517,1353.26,1003.14,1398.7,3045.05,3415.98,3559.46,50.011,4932.54,98,66.6622
io_uring,offered_90,1048576,10,4.83601,1345.79,1072.46,1294.98,3310.13,3536.02,3822.62,45.021,3772.44,126,67.5465
io_uring,offered_90,1048576,11,4.45886,811.93,960.283,455.389,2837.34,3378.01,3638.25,43.179,3658.61,215,73.4889
io_uring,offered_90,1048576,12,4.73762,1177.63,987.681,904.596,2896.29,3191.44,3602.45,47.958,4299.26,122,69.3564
io_uring,offered_90,1048576,13,4.72716,1380.32,1075.77,952.765,3040.99,3509.24,3690.51,45.3,4710.26,85,65.2945
io_uring,offered_90,1048576,14,4.69799,1150.59,966.4,1053.83,3073.56,3650.84,3722.64,44.84,3723.8,119,70.7766
io_uring,offered_90,1048576,15,4.82467,1183.23,1123.53,888.045,3162.46,3470.12,3605.01,45.316,3633.84,160,67.943
io_uring,saturated,64,1,0.157505,13.752,130.734,7.991,9.264,10.506,3009.21,4.042,6002.26,92,0.145464
io_uring,saturated,64,2,0.185804,14.4812,154.695,7.492,9.217,10.7,3012.04,4.018,3005.57,55,0.145318
io_uring,saturated,64,3,0.135408,12.9581,78.4695,8.221,9.336,10.564,1001.5,4001.02,4003.96,20,0.144553
io_uring,saturated,64,4,0.148696,13.3208,112.84,7.792,9.76,10.676,2009.84,4.022,4999.73,53,0.145341
io_uring,saturated,64,5,0.16628,11.3256,112.451,5.785,8.976,10.334,3008.07,839.564,4002.41,22,0.144704
io_uring,saturated,64,6,0.182976,13.0564,147.206,5.447,8.992,9.739,3011.73,3.991,2336.81,106,0.145295
io_uring,saturated,64,7,0.18346,12.9567,143.19,7.14,9.084,10.196,3011.03,3.972,3004.27,100,0.145399
io_uring,saturated,64,8,0.180365,13.4435,149.204,7.551,9.164,10.448,3012.51,4.02,3451.36,57,0.145471
io_uring,saturated,64,9,0.194944,13.7895,146.152,7.388,9.042,10.162,3011.97,3.868,3011.61,25,0.145206
io_uring,saturated,64,10,0.181624,13.4784,143.999,7.008,9.1,10.479,3010.32,4.178,3015.05,31,0.145085
io_uring,saturated,64,11,0.203022,15.2971,164.906,7.985,9.068,10.267,3012.21,0.095,80.917,8,0.144533
io_uring,saturated,64,12,0.171669,10.3309,93.9565,6.75,9.029,10.319,1028.6,3.958,4031.64,97,0.14528
io_uring,saturated,64,13,0.183176,13.6757,150.343,6.453,8.9,9.771,3012.36,3.991,3991.36,89,0.14503
io_uring,saturated,64,14,0.19357,15.1312,154.532,7.78,9.058,10.297,3011.87,4.047,4003.99,12,0.144885
io_uring,saturated,64,15,0.195309,14.7257,159.715,6.961,9.02,10.302,3011.89,3.971,2986.22,75,0.145092
io_uring,saturated,256,1,0.560354,26.7782,208.683,12.281,13.282,14.658,3015.54,2988.22,2988.22,1,0.196825
io_uring,saturated,256,2,0.559692,26.6891,206.554,12.286,13.263,14.754,3015.36,3011.29,3011.29,1,0.197149
io_uring,saturated,256,3,0.625681,23.7674,185.431,12.265,12.795,14.721,3015.07,121.871,121.871,1,0.196286
io_uring,saturated,256,4,0.396429,19.5811,90.4117,12.255,12.806,14.045,1004.47,3999.35,4999.84,7,0.195487
io_uring,saturated,256,5,0.501826,26.7452,209.253,12.267,12.953,14.626,3015.83,3289.21,3289.21,2,0.196454
io_uring,saturated,256,6,0.560396,26.759,208.397,12.27,13.308,14.652,3015.78,3005.64,3005.64,1,0.196672
io_uring,saturated,256,7,0.560579,26.5828,206.248,12.268,12.869,14.695,3015.4,3003.99,3003.99,2,0.196343
io_uring,saturated,256,8,0.625582,23.7861,185.468,12.26,13.139,14.632,3015.3,113.298,113.298,1,0.196487
io_uring,saturated,256,9,0.602202,24.7706,203.047,12.248,13.326,14.727,3015.1,88.668,88.668,1,0.196426
io_uring,saturated,256,10,0.602205,24.6907,202.712,12.248,12.734,14.019,3015.92,137.392,137.392,1,0.195621
io_uring,saturated,256,11,0.603887,23.7821,186.143,12.226,12.767,14.351,3014.58,1008.25,1008.25,2,0.195412
io_uring,saturated,256,12,0.599817,23.783,185.413,12.304,12.874,14.578,3015.01,1008.68,1008.68,2,0.196822
io_uring,saturated,256,13,0.481407,25.2305,192.663,12.236,12.73,13.872,3015.03,3664.99,3993.49,4,0.195571
io_uring,saturated,256,14,0.576554,23.9387,188.136,12.235,13.186,14.638,3017.11,3241.35,3241.35,2,0.19635
io_uring,saturated,256,15,0.50125,26.8982,210.109,12.309,12.994,13.968,3027.27,3302.74,3302.74,2,0.196624
io_uring,saturated,1024,1,1.20276,37.5543,371.536,14.27,16.8,27.564,6018.66,3005.68,3005.68,2,0.23449
io_uring,saturated,1024,2,1.00565,32.7018,184.51,14.715,16.433,995.189,2566.82,3997.42,4995.87,3,0.237566
io_uring,saturated,1024,3,2.24508,25.9777,184.362,14.561,15.832,17.025,3017.36,129.633,129.633,1,0.234582
io_uring,saturated,1024,4,2.26609,26.3388,185.914,14.673,16.303,18.162,3018.75,23.994,23.994,1,0.237067
io_uring,saturated,1024,5,1.10055,31.3761,165.393,14.741,16.455,996.23,2284.92,3997.38,3998.06,3,0.237758
io_uring,saturated,1024,6,2.25317,22.1998,123.849,14.507,15.612,17.396,2016.51,1003.88,1003.88,2,0.233839
io_uring,saturated,1024,7,1.19095,38.4126,267.477,14.708,16.875,18.392,3112.06,3250.75,3250.75,2,0.237771
io_uring,saturated,1024,8,1.95855,29.9316,245.936,14.705,15.757,16.954,4018.46,121.517,121.517,1,0.236021
io_uring,saturated,1024,9,1.1851,38.7018,273.431,14.601,16.013,17.575,3263.67,3346.53,3346.53,2,0.235958
io_uring,saturated,1024,10,2.26284,26.1159,184.377,14.707,15.828,17.726,3017.85,45.044,45.044,1,0.236361
io_uring,saturated,1024,11,1.9569,29.9122,245.901,14.637,15.969,17.263,4017.8,135.608,135.608,1,0.235685
io_uring,saturated,1024,12,1.09934,35.3135,240.566,14.683,15.911,17.335,3330.62,3361.91,3986.01,3,0.237172
io_uring,saturated,1024,13,1.58356,26.2289,185.713,14.634,15.963,17.74,3016.63,3010.44,3010.44,1,0.23618
io_uring,saturated,1024,14,1.52753,35.2027,236.982,14.456,15.507,17.739,3017.11,2419.4,2419.4,2,0.233353
io_uring,saturated,1024,15,1.94339,30.1885,248.371,14.574,16.613,17.743,4028.18,166.281,166.281,1,0.23669
io_uring,saturated,4096,1,5.71103,39.2412,225.661,22.222,24.212,28.593,3027.42,995.792,995.792,2,0.360746
io_uring,saturated,4096,2,5.98237,39.3517,225.809,22.067,24.454,29.531,3029.41,156.405,156.405,1,0.358566
io_uring,saturated,4096,3,4.63912,45.6083,267.5,22.042,24.2,29.109,3239.65,3264.63,3264.63,2,0.357369
io_uring,saturated,4096,4,4.63012,45.625,265.654,22.171,24.212,28.841,3169.75,3257.79,3257.79,2,0.35952
io_uring,saturated,4096,5,5.69883,37.3276,204.001,22.181,24.138,28.993,3027.53,995.155,995.734,3,0.361526
io_uring,saturated,4096,6,4.68028,39.0355,226.123,21.993,23.879,25.482,4026.39,2986.7,3987.15,4,0.35617
io_uring,saturated,4096,7,6.00542,39.6201,227.471,22.17,24.298,28.263,3027.68,54.316,54.316,1,0.35923
io_uring,saturated,4096,8,6.01845,39.5309,227.584,21.982,24.724,29.897,3029.11,59.741,59.741,1,0.357712
io_uring,saturated,4096,9,4.85399,44.9635,261.328,22.031,24.344,29.297,3027.84,2992.97,2992.97,2,0.357954
io_uring,saturated,4096,10,4.62337,45.5903,266.826,22.028,24.607,30.206,3239.88,3327.3,3327.3,2,0.35855
io_uring,saturated,4096,11,5.26586,45.5379,265.236,22.078,24.797,29.326,3172.69,2989.1,2989.1,1,0.358954
io_uring,saturated,4096,12,5.02325,43.1379,242.442,21.986,25.202,29.69,3028.1,1996.2,1996.2,2,0.359494
io_uring,saturated,4096,13,6.00165,39.4464,225.676,22.324,24.112,26.399,3027,20.881,20.881,1,0.360721
io_uring,saturated,4096,14,5.98583,39.4013,226.326,22.119,24.664,28.527,3028.33,128.383,128.383,1,0.35915
io_uring,saturated,4096,15,5.74935,41.3433,254.727,21.946,24.451,29.257,4025.3,48.723,48.723,1,0.357326
io_uring,saturated,16384,1,8.45184,99.8227,363.996,56.728,59.494,3056.95,3065.22,964.856,964.856,2,0.946753
io_uring,saturated,16384,2,7.48607,124.652,450.474,56.814,60.64,3065.37,3089.39,2955.03,2955.03,1,0.946843
io_uring,saturated,16384,3,5.90403,119.383,430.874,56.643,59.091,3059.79,3472.37,3546.31,3942.36,3,0.94539
io_uring,saturated,16384,4,8.42085,107.777,428.797,56.811,59.605,3064.17,4058.62,138.926,138.926,1,0.942088
io_uring,saturated,16384,5,9.0692,100.976,365.367,56.885,59.466,3057.91,3064.88,87.66,87.66,1,0.940821
io_uring,saturated,16384,6,9.08607,101.685,368.407,56.738,59.374,3059.56,3065.05,49.354,49.354,1,0.942415
io_uring,saturated,16384,7,5.95615,125.969,459.414,56.895,59.79,3065.88,3258.38,3941.85,3941.85,2,0.944362
io_uring,saturated,16384,8,8.42187,109.039,432.642,56.936,59.832,3064.98,4063.66,133.178,133.178,1,0.942409
io_uring,saturated,16384,9,8.42578,108.755,431.396,56.875,60.617,3064.39,4064.64,108.178,108.178,1,0.944798
io_uring,saturated,16384,10,8.40807,107.598,428.251,56.873,59.692,3063.82,4065.05,132.345,132.345,1,0.945808
io_uring,saturated,16384,11,7.03201,123.267,462.743,56.968,60.452,3062.09,4065.72,967.638,967.638,2,0.953293
io_uring,saturated,16384,12,6.28949,124.681,450.658,56.707,59.737,3064.47,3100.69,3215.61,3215.61,2,0.944247
io_uring,saturated,16384,13,6.27495,124.658,452.283,56.867,60.407,3064.15,3172.73,3232.2,3232.2,2,0.94776
io_uring,saturated,16384,14,6.26821,125.907,459.954,56.671,59.247,3060.63,3256.05,3322.65,3322.65,2,0.939271
io_uring,saturated,16384,15,7.44103,107.527,429.863,56.764,58.683,3056.57,4060.5,1965.36,1965.36,2,0.944848
io_uring,saturated,65536,1,6.22481,157.792,508.054,49.213,127.313,2466.33,3054.89,2479.59,3971.64,4,3.67443
io_uring,saturated,65536,2,5.68236,212.243,456.493,51.826,984.451,2302.79,2315.78,3962.59,4961.12,4,3.31214
io_uring,saturated,65536,3,7.63207,183.165,615.183,49.191,57.516,3054.36,3061.23,2810.36,2810.36,1,3.70251
io_uring,saturated,65536,4,6.36001,189.063,644.909,49.307,56.877,3207.24,3230.23,3290.08,3290.08,2,3.69626
io_uring,saturated,65536,5,6.35813,190.885,649.333,49.306,60.086,3211.82,3229.5,3294.73,3294.73,2,3.69372
io_uring,saturated,65536,6,7.62399,183.086,621.511,49.213,54.996,3059.27,3080.19,2821.09,2821.09,1,3.70626
io_uring,saturated,65536,7,7.64048,166.509,559.628,48.598,53.872,2853.74,3052.66,2787.68,2787.68,2,3.72051
io_uring,saturated,65536,8,6.03265,189.339,658.546,49.268,54.127,3357.92,3382.28,3807.62,3807.62,2,3.66248
io_uring,saturated,65536,9,6.70176,201.071,412.526,51.643,981.84,1993.67,2012.21,3964.53,3968.25,3,3.30884
io_uring,saturated,65536,10,8.43351,93.9914,407.638,48.791,53.811,3057.14,4056.19,11.118,163.215,5,3.73921
io_uring,saturated,65536,11,8.06875,114.829,419.138,49.183,95.924,3047.03,4047.98,110.549,974.249,4,3.62105
io_uring,saturated,65536,12,5.59307,256.613,557.585,52.119,981.673,2910.69,2927.24,3960.54,3964.36,4,3.27022
io_uring,saturated,65536,13,7.61834,181.232,614.437,49.262,61.046,3056.23,3071.42,2639.57,2639.57,1,3.79464
io_uring,saturated,65536,14,8.45893,85.777,342.968,49.143,53.649,3049.07,3054.98,974.482,974.482,2,3.74023
io_uring,saturated,65536,15,6.37725,186.969,635.226,49.441,55.985,3139.2,3161.99,3249.03,3249.03,2,3.68737
io_uring,saturated,262144,1,7.05405,593.735,757.862,376.031,2692.82,3175.98,3288.41,1893.17,4968.49,26,11.6679
io_uring,saturated,262144,2,8.42324,596.397,488.589,513.011,972.109,2865.58,2962.6,3962.68,3969.65,10,10.2701
io_uring,saturated,262144,3,8.12915,584.909,498.907,499.761,970.81,2884.61,2982.17,3960.29,3974.7,11,10.2978
io_uring,saturated,262144,4,7.94047,274.706,732.067,28.707,2814.43,3028.83,3056.65,2140.84,2971.49,5,14.5616
io_uring,saturated,262144,5,7.13552,354.685,755.449,28.652,2422.79,3485.73,3535.58,3559.22,4455.3,6,13.8432
io_uring,saturated,262144,6,7.04999,358.487,773.09,28.264,2098.38,3416.77,3461.73,12.045,4947.45,41,14.2525
io_uring,saturated,262144,7,7.62493,130.269,546.061,25.046,33.276,2971.09,3034.13,10.626,3516.01,71,15.2556
io_uring,saturated,262144,8,7.27208,470.141,630.223,240.546,1550.94,3088.72,3199.94,12.003,3966.12,34,11.8902
io_uring,saturated,262144,9,7.39657,472.009,699.292,186.343,2616.31,3046.17,3158.1,3849.19,5692.08,8,12.5719
io_uring,saturated,262144,10,7.90099,105.015,348.51,32.663,487.07,3035.05,3040.42,12.513,3495.24,13,14.7682
io_uring,saturated,262144,11,7.77651,446.19,510.726,253.085,1323.04,2049.45,3036.23,1435.81,4046.86,16,12.8769
io_uring,saturated,262144,12,7.02003,367.179,645.322,26.534,1748.38,2627.78,3031.79,45.671,3702.7,26,13.778
io_uring,saturated,262144,13,7.27844,280.23,702.609,28.028,2379.41,2691.48,3033.28,2721.52,3794.63,8,14.5131
io_uring,saturated,262144,14,7.54486,487.111,546.203,378.342,1277.19,2851.57,2940.4,11.647,3974.59,47,11.194
io_uring,saturated,262144,15,8.29726,586.319,508.283,490.223,972.225,2956.79,3069.38,3963.6,4154.25,10,10.1761
io_uring,saturated,1048576,1,4.73919,931.447,683.444,820.896,2674.39,2835.19,2975.49,3872,4437.86,21,72.8383
io_uring,saturated,1048576,2,4.76266,773.328,579.416,722.833,2347.4,3126.64,3295.27,3892.46,3942.07,18,72.9847
io_uring,saturated,1048576,3,4.64763,1061.57,985.866,833.903,2977.31,3427.67,3608.95,45.333,3687.76,152,69.0793
io_uring,saturated,1048576,4,4.59882,980.22,841.902,831.799,2852.44,3398.24,3639.04,47.251,3938.8,81,69.8832
io_uring,saturated,1048576,5,4.59709,1106.46,1046,753.977,3110.24,3431.52,3530.98,43.537,3666.39,158,69.3719
io_uring,saturated,1048576,6,4.49883,667.355,278.341,726.731,985.818,1114.82,2448.14,3863.74,3942.16,19,76.9053
io_uring,saturated,1048576,7,4.7087,849.644,659.036,774.443,2166.54,2319.07,3383.78,43.574,4540.4,95,73.076
io_uring,saturated,1048576,8,4.80578,863.212,601.789,810.104,2356.2,2831.71,2980.95,3865.58,4628.46,20,74.0697
io_uring,saturated,1048576,9,4.69533,690.836,523.432,670.261,1613.87,2045.11,3277.97,43.168,4590.54,89,73.7791
io_uring,saturated,1048576,10,4.59176,874.928,769.164,743.94,2539.35,3285.63,3476.01,43.642,4681.2,81,73.1257
io_uring,saturated,1048576,11,4.55687,978.275,847.287,773.993,2536.69,2742.59,3332.71,46.18,3750.22,135,73.6403
io_uring,saturated,1048576,12,4.7137,740.497,491.226,708.897,1934.55,2767.7,3100.05,3881.3,3938.05,19,74.4564
io_uring,saturated,1048576,13,4.67978,836.823,764.058,712.047,2619.64,3067.14,3216,46.54,3948.47,97,73.0895
io_uring,saturated,1048576,14,4.7032,695.56,376.541,715.607,1209.88,2003.88,3133.28,3892.34,3937.56,18,73.9759
io_uring,saturated,1048576,15,4.5785,839.882,653.74,779.989,2019.82,2548.21,3492.1,44.307,4550.86,91,72.5272
spin_backoff,bursty,64,1,0.00351773,0.36411,0.721674,0.337,0.627,0.662,2.136,0.094,0.097,66046,16.9422
spin_backoff,bursty,64,2,0.00350745,0.398396,0.421642,0.357,0.635,0.767,2.907,0.094,0.096,75479,16.9919
spin_backoff,bursty,64,3,0.00344922,0.291926,0.424285,0.296,0.519,0.642,2.1,0.094,0.177,37201,17.2782
spin_backoff,bursty,64,4,0.00351078,0.353589,0.515163,0.334,0.626,0.664,2.674,0.094,0.151,63694,16.9753
spin_backoff,bursty,64,5,0.0035233,0.360419,0.154418,0.342,0.627,0.663,1.009,0.094,0.096,66977,16.9152
spin_backoff,bursty,64,6,0.0035148,0.368527,1.24766,0.336,0.627,0.666,1.111,0.094,0.098,64847,16.9561
spin_backoff,bursty,64,7,0.00352073,0.355249,0.224596,0.337,0.626,0.663,1.386,0.094,0.097,64421,16.9275
spin_backoff,bursty,64,8,0.00352411,0.359355,0.180231,0.34,0.627,0.666,2.399,0.094,0.097,66483,16.9111
spin_backoff,bursty,64,9,0.00352109,0.360499,0.288139,0.339,0.627,0.671,2.311,0.094,0.097,64682,16.9257
spin_backoff,bursty,64,10,0.00352339,0.35696,0.157014,0.339,0.627,0.665,1.011,0.094,0.097,67518,16.9151
spin_backoff,bursty,64,11,0.0035061,0.353828,0.178842,0.337,0.628,0.687,1.726,0.094,0.152,62913,16.9984
spin_backoff,bursty,64,12,0.00343908,0.278749,0.42775,0.258,0.512,0.647,2.085,0.094,0.179,31154,17.3296
spin_backoff,bursty,64,13,0.00346715,0.306116,0.392081,0.309,0.618,0.644,1.032,0.094,0.173,43967,17.1893
spin_backoff,bursty,64,14,0.00348067,0.32145,0.41644,0.316,0.623,0.662,1.096,0.094,0.167,50487,17.1218
spin_backoff,bursty,64,15,0.00341724,0.244532,0.127865,0.194,0.409,0.626,0.813,0.094,0.183,20585,17.4404
spin_backoff,bursty,256,1,0.0136251,0.292017,0.195422,0.242,0.526,0.891,2.483,0.094,0.186,3185,17.4966
spin_backoff,bursty,256,2,0.0136599,0.319475,0.44024,0.25,0.668,1.106,2.216,0.094,0.183,3490,17.4522
spin_backoff,bursty,256,3,0.0137102,0.353149,0.396379,0.26,0.76,1.29,3.959,0.094,0.186,3370,17.3871
spin_backoff,bursty,256,4,0.01369,0.338515,0.23789,0.256,0.76,1.19,2.532,0.094,0.185,3436,17.4142
spin_backoff,bursty,256,5,0.0136285,0.302895,0.201421,0.245,0.622,0.969,2.482,0.094,0.184,3299,17.4915
spin_backoff,bursty,256,6,0.0137637,0.37786,0.270325,0.277,0.895,1.324,2.924,0.094,0.184,3464,17.3205
spin_backoff,bursty,256,7,0.0136848,0.332462,0.254403,0.256,0.694,1.16,2.826,0.094,0.183,3662,17.4199
spin_backoff,bursty,256,8,0.0136391,0.307145,0.174003,0.249,0.642,0.953,1.525,0.094,0.184,3434,17.4779
spin_backoff,bursty,256,9,0.0136197,0.300298,0.200944,0.243,0.6,1.016,2.874,0.094,0.185,3272,17.503
spin_backoff,bursty,256,10,0.0137724,0.380487,0.265362,0.279,0.89,1.331,2.56,0.094,0.183,3491,17.3087
spin_backoff,bursty,256,11,0.0136271,0.299683,0.202802,0.242,0.632,0.978,2.53,0.094,0.184,3483,17.4943
spin_backoff,bursty,256,12,0.013663,0.3242,0.22073,0.254,0.683,1.124,2.574,0.094,0.183,3400,17.4478
spin_backoff,bursty,256,13,0.0136966,0.348307,0.291737,0.26,0.764,1.247,4.779,0.094,0.183,3573,17.405
spin_backoff,bursty,256,14,0.0136955,0.339657,0.242046,0.257,0.739,1.201,2.405,0.094,0.183,3551,17.4061
spin_backoff,bursty,256,15,0.0136265,0.305032,0.210312,0.246,0.622,1.038,2.419,0.094,0.186,3362,17.4948
spin_backoff,bursty,1024,1,0.0548523,3.03891,1.91747,2.751,6.948,10.641,13.508,0.151,0.19,255,17.3862
spin_backoff,bursty,1024,2,0.0551716,3.39682,2.30773,2.918,8.423,11.837,17.605,0.095,0.2,255,17.2848
spin_backoff,bursty,1024,3,0.0549892,3.12141,2.13748,2.766,7.292,12.073,18.246,0.095,0.191,262,17.339
spin_backoff,bursty,1024,4,0.0553302,3.71228,2.38521,3.172,8.972,11.765,15.443,0.094,0.207,258,17.2352
spin_backoff,bursty,1024,5,0.0555231,3.76008,2.47887,3.216,9.037,12.621,17.555,0.095,0.211,257,17.1751
spin_backoff,bursty,1024,6,0.0554636,3.837,2.52665,3.232,9.369,12.792,16.336,0.094,0.19,258,17.1907
spin_backoff,bursty,1024,7,0.0557352,3.96422,2.43888,3.584,9.201,11.975,16.244,0.094,0.204,253,17.1058
spin_backoff,bursty,1024,8,0.0551633,3.37787,2.19433,2.985,8.193,11.429,15.604,0.094,0.202,259,17.2864
spin_backoff,bursty,1024,9,0.0550825,3.38917,2.37173,2.925,8.568,12.666,16.85,0.095,0.19,258,17.3114
spin_backoff,bursty,1024,10,0.0554731,3.67738,2.24762,3.21,8.74,11.053,13.66,0.095,0.199,260,17.1874
spin_backoff,bursty,1024,11,0.0555896,4.16316,2.87806,3.556,10.052,15.297,18.054,0.094,0.198,259,17.1552
spin_backoff,bursty,1024,12,0.055738,3.9449,2.34299,3.677,9.054,11.462,16.945,0.094,0.205,258,17.1087
spin_backoff,bursty,1024,13,0.0557646,4.05494,2.5325,3.668,9.647,12.452,16.054,0.094,0.203,253,17.0977
spin_backoff,bursty,1024,14,0.0554698,3.81618,2.47131,3.23,9.3,12.127,16.034,0.094,0.205,257,17.1887
spin_backoff,bursty,1024,15,0.0549384,3.0776,2.08216,2.768,7.035,11.458,17.594,0.095,0.202,259,17.3582
spin_backoff,bursty,4096,1,0.216144,3.47686,1.85999,3.225,6.117,12.569,17.028,0.095,0.204,515,17.647
spin_backoff,bursty,4096,2,0.215278,3.2604,1.55103,3.186,4.604,11.509,16.426,0.151,0.19,515,17.7161
spin_backoff,bursty,4096,3,0.215688,3.32557,1.66073,3.19,4.701,12.123,16.736,0.15,0.201,517,17.6845
spin_backoff,bursty,4096,4,0.215252,3.32047,1.6718,3.19,4.673,12.305,16.817,0.151,0.203,516,17.72
spin_backoff,bursty,4096,5,0.216223,3.42395,1.78758,3.218,5.314,12.352,17.022,0.095,0.199,516,17.6394
spin_backoff,bursty,4096,6,0.216839,3.49357,1.88627,3.23,6.093,12.706,17.428,0.095,0.202,512,17.5904
spin_backoff,bursty,4096,7,0.217641,3.70531,2.16588,3.263,8.514,13.622,18.075,0.095,0.202,517,17.525
spin_backoff,bursty,4096,8,0.219389,3.86762,2.29069,3.307,9.399,13.538,19.273,0.094,0.207,514,17.3859
spin_backoff,bursty,4096,9,0.215905,3.44599,1.91575,3.211,5.451,13.152,18.412,0.15,0.202,513,17.6653
spin_backoff,bursty,4096,10,0.21733,3.55578,1.98622,3.234,6.928,12.938,17.883,0.095,0.201,512,17.5511
spin_backoff,bursty,4096,11,0.215681,3.33667,1.62547,3.205,4.67,11.72,16.613,0.096,0.199,511,17.6845
spin_backoff,bursty,4096,12,0.215031,3.27829,1.56703,3.186,4.625,11.707,16.441,0.151,0.202,514,17.7375
spin_backoff,bursty,4096,13,0.215225,3.34313,1.73255,3.193,4.708,12.458,17.47,0.151,0.202,513,17.7213
spin_backoff,bursty,4096,14,0.215454,3.29495,1.6271,3.185,4.661,11.857,17.309,0.151,0.196,513,17.7037
spin_backoff,bursty,4096,15,0.2168,3.42733,1.759,3.215,5.563,12.175,16.363,0.095,0.203,516,17.593
spin_backoff,bursty,16384,1,0.8677,8.13145,3.87105,8.237,13.848,15.246,22.737,0.094,0.217,128,17.5798
spin_backoff,bursty,16384,2,0.856357,7.52125,3.72382,7.572,13.255,14.802,16.171,0.094,0.22,128,17.8184
spin_backoff,bursty,16384,3,0.861795,7.71294,3.74719,7.769,13.324,14.736,20.233,0.094,0.208,130,17.706
spin_backoff,bursty,16384,4,0.855739,7.70173,3.96774,7.75,13.309,17.026,25.806,0.094,0.198,128,17.8263
spin_backoff,bursty,16384,5,0.869364,8.53897,3.94218,8.758,14.044,16.013,24.615,0.094,0.216,129,17.5507
spin_backoff,bursty,16384,6,0.857323,7.64774,3.68418,7.732,13.117,14.692,18.127,0.094,0.204,129,17.7967
spin_backoff,bursty,16384,7,0.871912,8.26874,3.7842,8.422,13.534,15.076,19.692,0.094,0.227,122,17.4984
spin_backoff,bursty,16384,8,0.855456,7.39642,3.69548,7.445,13.03,15.368,18.059,0.094,0.192,129,17.8315
spin_backoff,bursty,16384,9,0.861044,7.91805,3.83207,8.014,13.521,15.14,22.764,0.094,0.2,128,17.7201
spin_backoff,bursty,16384,10,0.855214,7.57329,3.65982,7.696,13.133,14.93,18.37,0.094,0.21,128,17.8409
spin_backoff,bursty,16384,11,0.857822,7.51889,3.79555,7.598,13.192,14.525,22.396,0.094,0.189,131,17.7847
spin_backoff,bursty,16384,12,0.85909,7.62001,3.74196,7.683,13.183,14.717,17.169,0.095,0.236,126,17.7583
spin_backoff,bursty,16384,13,0.870894,8.38515,3.83477,8.523,13.834,15.338,18.772,0.094,0.209,127,17.5176
spin_backoff,bursty,16384,14,0.87113,8.28156,3.72635,8.449,13.549,15.12,17.574,0.094,0.216,121,17.5163
spin_backoff,bursty,16384,15,0.855348,7.49655,3.58428,7.634,13.047,14.315,15.436,0.094,0.213,125,17.8336
spin_backoff,bursty,65536,1,3.02177,14.7966,8.53135,14.525,28.276,30.172,34.431,0.094,0.186,68,20.1996
spin_backoff,bursty,65536,2,3.03083,15.23,8.89682,15.175,28.256,30.182,31.902,0.094,0.187,74,20.139
spin_backoff,bursty,65536,3,3.03066,14.939,8.60741,14.555,27.997,30.065,32.277,0.094,0.184,80,20.1328
spin_backoff,bursty,65536,4,3.02965,15.4905,8.95252,15.788,28.609,30.164,32.196,0.094,0.202,80,20.1472
spin_backoff,bursty,65536,5,3.00154,15.0658,8.87476,15.166,28.668,29.918,30.491,0.094,0.202,63,20.3355
spin_backoff,bursty,65536,6,3.03574,16.0367,9.89545,16.145,28.58,46.982,48.429,0.094,0.187,61,20.0927
spin_backoff,bursty,65536,7,3.03233,15.0426,9.08096,15.401,28.136,30.056,34.126,0.094,0.187,59,20.1239
spin_backoff,bursty,65536,8,3.03462,14.9416,8.74529,14.29,28.47,31.393,36.64,0.094,0.203,62,20.114
spin_backoff,bursty,65536,9,3.02563,15.8575,9.11973,16.347,28.473,31.012,33.879,0.094,0.191,57,20.1738
spin_backoff,bursty,65536,10,3.06782,16.453,9.33689,17.075,29.036,31.055,32.342,0.094,0.178,62,19.896
spin_backoff,bursty,65536,11,3.05622,15.6758,9.25109,15.993,28.461,29.959,33.574,0.094,0.187,61,19.9719
spin_backoff,bursty,65536,12,3.0608,16.1936,9.30389,16.765,28.994,31.56,32.548,0.094,0.176,58,19.9421
spin_backoff,bursty,65536,13,3.07117,16.1689,8.96457,16.65,28.34,29.88,32.333,0.094,0.184,36,19.8747
spin_backoff,bursty,65536,14,3.05689,15.9546,9.00545,16.549,28.325,30.342,31.638,0.094,0.178,65,19.9624
spin_backoff,bursty,65536,15,3.07419,16.3355,9.15489,16.81,28.738,30.595,36.652,0.094,0.152,37,19.8551
spin_backoff,bursty,262144,1,7.42067,0.538851,0.717054,0.353,1.661,3.84,6.74,0.094,0.161,1290,32.8778
spin_backoff,bursty,262144,2,7.27941,0.77413,2.16154,0.359,2.564,9.002,34.369,0.094,0.162,1366,33.5284
spin_backoff,bursty,262144,3,7.35601,0.446086,0.39869,0.349,1.177,2.169,3.856,0.094,0.167,1359,33.1925
spin_backoff,bursty,262144,4,7.36014,0.799373,1.71191,0.358,3.007,8.232,17.894,0.094,0.153,1252,33.16
spin_backoff,bursty,262144,5,7.40387,0.587279,0.818168,0.354,1.95,3.655,9.892,0.094,0.177,1200,32.9706
spin_backoff,bursty,262144,6,7.40285,0.772957,2.09154,0.357,1.972,9.408,26.757,0.094,0.153,1299,32.9694
spin_backoff,bursty,262144,7,7.29261,0.576096,1.06913,0.357,1.555,4.988,13.476,0.094,0.169,1331,33.4609
spin_backoff,bursty,262144,8,7.25447,0.581115,1.09564,0.352,1.827,6.243,11.493,0.094,0.168,1484,33.6465
spin_backoff,bursty,262144,9,7.36415,0.574793,1.02248,0.351,1.701,5.188,10.865,0.094,0.167,1369,33.1304
spin_backoff,bursty,262144,10,7.32858,0.622119,0.769568,0.366,2.119,4.173,5.862,0.094,0.155,1244,33.3104
spin_backoff,bursty,262144,11,7.42579,0.556269,0.609158,0.364,1.754,3.118,5.714,0.094,0.171,1214,32.8786
spin_backoff,bursty,262144,12,7.29179,0.583514,0.824787,0.353,2.036,4.887,6.226,0.094,0.157,1372,33.4829
spin_backoff,bursty,262144,13,7.45766,3.71141,4.46602,2.009,13.136,20.395,28.261,0.094,0.191,428,32.738
spin_backoff,bursty,262144,14,7.43908,3.4043,6.22991,0.887,15.293,28.584,58.254,0.094,0.175,655,32.7971
spin_backoff,bursty,262144,15,7.25029,1.02224,3.14374,0.356,3.488,20.026,26.495,0.094,0.153,1406,33.6748
spin_backoff,bursty,1048576,1,8.10021,0.422691,0.146162,0.411,0.737,0.899,1.05,0.094,0.165,493,120.566
spin_backoff,bursty,1048576,2,8.04324,0.437141,0.241488,0.417,0.667,0.94,4.994,0.094,0.182,493,121.376
spin_backoff,bursty,1048576,3,8.09496,0.433896,0.301747,0.413,0.673,0.948,6.504,0.094,0.159,488,120.55
spin_backoff,bursty,1048576,4,7.93341,6.8942,44.5621,0.409,0.836,273.714,480.249,0.094,0.151,469,123.061
spin_backoff,bursty,1048576,5,8.08736,0.413578,0.129451,0.409,0.606,0.849,1.229,0.094,0.175,484,120.757
spin_backoff,bursty,1048576,6,8.10086,0.412705,0.141812,0.403,0.655,0.897,1.128,0.094,0.176,489,120.556
spin_backoff,bursty,1048576,7,7.98146,4.78,30.4959,0.418,0.817,197.31,330.248,0.094,0.174,481,122.322
spin_backoff,bursty,1048576,8,8.03505,1.04716,9.39364,0.405,0.627,0.934,169.159,0.094,0.177,483,121.502
spin_backoff,bursty,1048576,9,8.08339,0.413383,0.129753,0.402,0.616,0.913,0.998,0.094,0.162,488,120.817
spin_backoff,bursty,1048576,10,7.96462,7.92219,59.5527,0.407,0.706,343.864,696.84,0.094,0.179,477,122.588
spin_backoff,bursty,1048576,11,8.09544,0.412371,0.139141,0.404,0.604,0.931,1.306,0.094,0.169,484,120.636
spin_backoff,bursty,1048576,12,8.11827,0.449838,0.960523,0.408,0.616,0.845,21.974,0.094,0.174,493,120.18
spin_backoff,bursty,1048576,13,7.98741,11.3495,66.3013,0.417,0.891,426.331,606.421,0.094,0.177,468,122.269
spin_backoff,bursty,1048576,14,8.04753,0.417371,0.164383,0.402,0.64,0.831,2.731,0.094,0.158,491,121.353
spin_backoff,bursty,1048576,15,8.12066,0.429859,0.33501,0.409,0.619,0.994,7.07,0.094,0.174,490,120.229
spin_backoff,offered_25,64,1,0.002802,0.192146,0.0788116,0.175,0.323,0.362,0.627,0.094,0.182,39367,21.2695
spin_backoff,offered_25,64,2,0.00281813,0.195843,0.0775706,0.176,0.33,0.369,0.647,0.094,0.182,39441,21.1478
spin_backoff,offered_25,64,3,0.00280528,0.196114,0.0833287,0.177,0.329,0.367,0.634,0.094,0.182,39227,21.2447
spin_backoff,offered_25,64,4,0.00280692,0.196243,0.0817496,0.176,0.33,0.365,0.629,0.094,0.183,38516,21.232
spin_backoff,offered_25,64,5,0.00280594,0.195934,0.0824438,0.177,0.329,0.366,0.633,0.094,0.182,39129,21.2397
spin_backoff,offered_25,64,6,0.00280953,0.200168,0.344658,0.176,0.327,0.367,0.656,0.094,0.182,39600,21.2128
spin_backoff,offered_25,64,7,0.00281527,0.199025,0.117854,0.176,0.334,0.383,0.73,0.094,0.182,39398,21.169
spin_backoff,offered_25,64,8,0.00280906,0.195889,0.0839509,0.177,0.329,0.364,0.625,0.094,0.183,38934,21.2159
spin_backoff,offered_25,64,9,0.00280965,0.192356,0.0770667,0.175,0.321,0.367,0.633,0.094,0.181,46511,21.2118
spin_backoff,offered_25,64,10,0.00279541,0.191584,0.0772148,0.175,0.32,0.361,0.642,0.094,0.182,42335,21.3196
spin_backoff,offered_25,64,11,0.00279801,0.194523,0.0786509,0.178,0.324,0.367,0.619,0.094,0.181,47743,21.3
spin_backoff,offered_25,64,12,0.00280594,0.237867,1.45618,0.176,0.331,0.377,8.254,0.094,0.183,39546,21.2398
spin_backoff,offered_25,64,13,0.0028006,0.195535,0.0874876,0.176,0.328,0.365,0.638,0.094,0.183,38940,21.2801
spin_backoff,offered_25,64,14,0.00280144,0.198494,0.208507,0.177,0.325,0.366,0.698,0.094,0.182,45449,21.2737
spin_backoff,offered_25,64,15,0.00280125,0.193155,0.086448,0.175,0.324,0.362,0.624,0.094,0.183,39715,21.2753
spin_backoff,offered_25,256,1,0.0112613,0.237062,0.147515,0.203,0.478,0.713,2.114,0.094,0.185,2620,21.168
spin_backoff,offered_25,256,2,0.0112547,0.227123,0.116255,0.2,0.395,0.672,1.216,0.094,0.185,2750,21.1811
spin_backoff,offered_25,256,3,0.0112084,0.216078,0.103886,0.2,0.341,0.596,0.992,0.094,0.186,2536,21.2688
spin_backoff,offered_25,256,4,0.0111903,0.210348,0.114436,0.198,0.278,0.415,0.955,0.094,0.186,2606,21.3032
spin_backoff,offered_25,256,5,0.0111743,0.209958,0.0969483,0.199,0.273,0.409,0.952,0.094,0.188,2565,21.3338
spin_backoff,offered_25,256,6,0.0111826,0.218463,0.298058,0.199,0.269,0.431,3.627,0.094,0.184,2641,21.3178
spin_backoff,offered_25,256,7,0.0111846,0.209307,0.0983042,0.198,0.268,0.41,1.352,0.094,0.188,2493,21.3141
spin_backoff,offered_25,256,8,0.0111911,0.210135,0.0965669,0.199,0.274,0.434,1.113,0.094,0.187,2816,21.3011
spin_backoff,offered_25,256,9,0.0111723,0.211328,0.100998,0.2,0.274,0.454,1.039,0.094,0.186,2606,21.336
spin_backoff,offered_25,256,10,0.0111797,0.211974,0.11927,0.199,0.282,0.439,1.908,0.094,0.188,2633,21.324
spin_backoff,offered_25,256,11,0.0112062,0.221726,0.41015,0.2,0.31,0.549,2.554,0.094,0.188,2587,21.2722
spin_backoff,offered_25,256,12,0.0111999,0.210892,0.111119,0.2,0.269,0.426,1.716,0.094,0.187,2642,21.2847
spin_backoff,offered_25,256,13,0.0111932,0.212728,0.103205,0.2,0.284,0.438,1.288,0.094,0.188,2551,21.2971
spin_backoff,offered_25,256,14,0.0111833,0.212127,0.114206,0.2,0.274,0.438,1.54,0.094,0.188,2767,21.3159
spin_backoff,offered_25,256,15,0.0112036,0.212394,0.100306,0.2,0.281,0.457,1.731,0.094,0.186,2592,21.2777
spin_backoff,offered_25,1024,1,0.0451651,2.33579,1.57783,2.155,4.755,9.453,13.299,0.15,0.197,261,21.1114
spin_backoff,offered_25,1024,2,0.0449638,2.09305,1.30473,2.075,3.182,8.342,13.814,0.151,0.189,258,21.2092
spin_backoff,offered_25,1024,3,0.0449505,2.04998,1.08918,2.085,3.283,6.727,10.339,0.151,0.198,258,21.2127
spin_backoff,offered_25,1024,4,0.0448161,1.99651,1.00869,2.06,2.926,5.848,10.719,0.151,0.196,260,21.275
spin_backoff,offered_25,1024,5,0.0448299,2.03813,1.27609,2.054,2.955,7.453,15.775,0.152,0.2,261,21.2732
spin_backoff,offered_25,1024,6,0.0449886,2.08407,1.19869,2.085,3.453,7.086,13.31,0.151,0.187,259,21.1967
spin_backoff,offered_25,1024,7,0.0449876,2.13083,1.24185,2.078,4.139,7.776,10.757,0.151,0.186,259,21.1945
spin_backoff,offered_25,1024,8,0.0447649,2.02912,1.01557,2.088,2.989,5.578,10.566,0.151,0.187,258,21.3027
spin_backoff,offered_25,1024,9,0.0447655,1.99857,1.0688,2.055,2.931,6.356,11.666,0.151,0.19,259,21.2962
spin_backoff,offered_25,1024,10,0.0448764,2.07947,1.20194,2.076,3.396,7.643,11.589,0.151,0.199,259,21.2505
spin_backoff,offered_25,1024,11,0.0448562,2.04888,1.09428,2.087,3.338,6.576,10.953,0.151,0.19,260,21.2581
spin_backoff,offered_25,1024,12,0.0448992,2.0269,1.05966,2.071,3.066,6.371,10.951,0.151,0.188,260,21.2368
spin_backoff,offered_25,1024,13,0.0448387,2.00897,1.04223,2.072,2.951,6.321,11.557,0.151,0.186,259,21.2666
spin_backoff,offered_25,1024,14,0.04486,2.08082,1.33413,2.079,3.099,8.108,17.042,0.151,0.194,258,21.2555
spin_backoff,offered_25,1024,15,0.0448648,2.11152,1.24395,2.115,3.434,8.076,12.102,0.151,0.205,259,21.2513
spin_backoff,offered_25,4096,1,0.177445,3.04735,1.04649,3.134,4.075,5.542,14.423,0.151,0.201,521,21.4955
spin_backoff,offered_25,4096,2,0.177739,3.00577,0.895921,3.131,4.035,4.72,11.414,0.151,0.188,527,21.4581
spin_backoff,offered_25,4096,3,0.177563,3.00607,0.865588,3.135,4.023,4.708,10.75,0.151,0.191,522,21.4827
spin_backoff,offered_25,4096,4,0.17765,3.03154,0.941353,3.138,4.069,4.776,12.624,0.151,0.188,518,21.4699
spin_backoff,offered_25,4096,5,0.177375,3.02198,0.913374,3.136,4.046,4.8,11.893,0.151,0.196,520,21.5029
spin_backoff,offered_25,4096,6,0.177435,3.00567,0.840588,3.135,4.006,4.688,9.689,0.151,0.195,520,21.4977
spin_backoff,offered_25,4096,7,0.177592,3.05535,1.05026,3.139,4.105,5.597,14.239,0.151,0.186,521,21.4756
spin_backoff,offered_25,4096,8,0.177177,3.08342,1.22351,3.136,4.197,6.526,17.192,0.151,0.187,525,21.5277
spin_backoff,offered_25,4096,9,0.177416,3.05252,1.06527,3.139,4.098,5.163,15.611,0.151,0.198,520,21.499
spin_backoff,offered_25,4096,10,0.177701,3.07997,1.20016,3.135,4.15,6.366,17.384,0.151,0.191,521,21.4631
spin_backoff,offered_25,4096,11,0.177623,3.03814,0.959234,3.138,4.057,4.742,12.394,0.151,0.202,517,21.4745
spin_backoff,offered_25,4096,12,0.177138,3.01447,0.884613,3.133,4.026,4.715,11.02,0.151,0.197,525,21.5326
spin_backoff,offered_25,4096,13,0.17725,3.03174,0.924914,3.14,4.052,4.766,12.073,0.151,0.188,523,21.5175
spin_backoff,offered_25,4096,14,0.177399,3.03388,1.05764,3.129,4.074,5.305,14.969,0.151,0.2,524,21.5011
spin_backoff,offered_25,4096,15,0.177446,3.02136,0.911003,3.136,4.034,4.715,11.63,0.151,0.191,520,21.4948
spin_backoff,offered_25,16384,1,0.701509,6.39774,3.16725,6.666,11.293,13.34,15.145,0.151,0.186,130,21.7446
spin_backoff,offered_25,16384,2,0.704006,6.4698,3.27014,6.676,11.812,13.693,15.824,0.151,0.199,130,21.6744
spin_backoff,offered_25,16384,3,0.700524,6.25638,3.15439,6.493,11.213,13.293,14.678,0.151,0.186,132,21.7765
spin_backoff,offered_25,16384,4,0.69981,6.32798,3.22088,6.547,11.4,13.666,15.277,0.151,0.185,131,21.8022
spin_backoff,offered_25,16384,5,0.702053,6.2017,3.0866,6.411,10.611,13.087,14.653,0.151,0.186,129,21.7314
spin_backoff,offered_25,16384,6,0.699737,6.18171,3.09018,6.41,10.465,13.235,16.196,0.151,0.2,131,21.8066
spin_backoff,offered_25,16384,7,0.701779,6.35439,3.22178,6.585,11.283,13.568,15.621,0.151,0.186,131,21.7415
spin_backoff,offered_25,16384,8,0.699058,6.22359,3.10728,6.468,10.498,13.12,17.118,0.152,0.185,131,21.8265
spin_backoff,offered_25,16384,9,0.701062,6.364,3.19889,6.576,11.349,13.869,15.331,0.15,0.195,134,21.7593
spin_backoff,offered_25,16384,10,0.700342,6.29061,3.09841,6.579,10.596,13.189,14.582,0.151,0.203,131,21.7849
spin_backoff,offered_25,16384,11,0.7044,6.54708,3.3914,6.686,12.209,14.206,19.406,0.095,0.186,132,21.6551
spin_backoff,offered_25,16384,12,0.702988,6.41405,3.23062,6.616,11.559,13.316,15.87,0.149,0.195,135,21.7017
spin_backoff,offered_25,16384,13,0.703161,6.34936,3.1912,6.553,11.39,13.413,15.373,0.095,0.185,132,21.7004
spin_backoff,offered_25,16384,14,0.701823,6.34908,3.98058,6.448,10.986,12.855,65.191,0.095,0.185,130,21.7353
spin_backoff,offered_25,16384,15,0.705554,6.43345,3.27508,6.615,11.818,13.331,14.686,0.151,0.184,130,21.6249
spin_backoff,offered_25,65536,1,2.61909,15.1997,8.95318,15.14,28.505,31.604,34.344,0.094,0.186,77,23.3049
spin_backoff,offered_25,65536,2,2.5572,13.313,8.34769,13.098,27.99,32.131,34.257,0.094,0.2,60,23.869
spin_backoff,offered_25,65536,3,2.55891,12.9463,8.27073,12.46,26.309,30.084,31.318,0.094,0.185,72,23.8531
spin_backoff,offered_25,65536,4,2.56044,13.2151,8.1686,13.077,26.421,29.105,29.675,0.094,0.185,74,23.8388
spin_backoff,offered_25,65536,5,2.56747,13.6811,8.2322,13.578,27.627,30.143,32.185,0.118,0.201,42,23.7733
spin_backoff,offered_25,65536,6,2.54726,13.6204,8.30007,13.621,27.256,29.533,31.012,0.094,0.181,70,23.956
spin_backoff,offered_25,65536,7,2.60522,14.71,9.06415,14.679,29.212,30.792,33.411,0.094,5.084,77,23.4229
spin_backoff,offered_25,65536,8,2.57195,13.3292,8.109,13.727,25.514,29.017,29.836,0.094,0.187,62,23.7255
spin_backoff,offered_25,65536,9,2.61771,15.1169,8.93825,15.014,28.893,30.135,31.368,0.094,0.202,68,23.3174
spin_backoff,offered_25,65536,10,2.57546,13.2901,8.26578,13.287,25.336,31.047,33.3,0.094,0.208,63,23.7
spin_backoff,offered_25,65536,11,2.58116,13.4221,8.35051,13.435,27.336,29.91,31.395,0.094,0.186,74,23.6473
spin_backoff,offered_25,65536,12,2.59222,13.9328,8.58205,13.651,28.159,30.048,32.51,0.094,0.197,67,23.5465
spin_backoff,offered_25,65536,13,2.58183,14.3173,8.71024,14.204,28.589,29.982,30.534,0.094,0.185,82,23.6351
spin_backoff,offered_25,65536,14,2.57597,13.5763,8.49118,13.523,27.055,29.553,32.549,0.094,0.175,78,23.6722
spin_backoff,offered_25,65536,15,2.58228,14.1344,8.39608,14.175,28.366,29.934,30.996,0.095,0.186,72,23.6371
spin_backoff,offered_25,262144,1,6.59966,1.01892,1.57387,0.373,4.645,7.382,10.819,0.094,0.175,1041,36.9833
spin_backoff,offered_25,262144,2,6.64949,4.40314,6.34881,0.728,18.841,24.958,27.263,0.094,0.175,745,36.7089
spin_backoff,offered_25,262144,3,6.66454,0.764913,1.65659,0.356,2.395,8.611,18.559,0.094,0.177,1156,36.6219
spin_backoff,offered_25,262144,4,6.7176,2.87339,4.64354,0.652,13.842,22.31,25.468,0.094,0.179,721,36.3169
spin_backoff,offered_25,262144,5,6.76977,7.45585,8.77817,2.893,25.844,28.901,34.383,0.094,0.191,527,36.0557
spin_backoff,offered_25,262144,6,6.73506,6.06001,7.2804,2.571,21.883,27.255,33.43,0.094,0.186,420,36.2519
spin_backoff,offered_25,262144,7,6.73358,6.41214,7.69143,2.651,22.723,27.37,34.313,0.094,0.193,468,36.2516
spin_backoff,offered_25,262144,8,6.61157,0.826783,1.15849,0.366,3.519,5.651,7.226,0.094,0.178,1094,36.9286
spin_backoff,offered_25,262144,9,6.67339,0.591253,0.895548,0.346,1.723,3.891,10.037,0.094,0.164,1162,36.5864
spin_backoff,offered_25,262144,10,6.62372,0.655026,1.19106,0.345,1.991,5.786,12.756,0.094,0.172,1239,36.8605
spin_backoff,offered_25,262144,11,6.72203,3.20856,4.41353,1.068,13.672,17.57,25.791,0.094,0.188,547,36.3164
spin_backoff,offered_25,262144,12,6.70122,0.705011,0.849037,0.371,2.305,4.554,6.101,0.094,0.174,1000,36.4333
spin_backoff,offered_25,262144,13,6.58498,0.848235,1.5902,0.365,2.755,10.559,13.071,0.094,0.177,1066,37.0635
spin_backoff,offered_25,262144,14,6.6429,3.07905,5.13123,0.541,14.417,24.048,25.869,0.094,0.175,775,36.7473
spin_backoff,offered_25,262144,15,6.59424,0.841492,1.73456,0.345,3.498,10.576,13.887,0.094,0.171,1246,37.0183
spin_backoff,offered_25,1048576,1,7.86816,0.391355,0.13863,0.381,0.596,0.88,1.373,0.094,0.172,450,124.084
spin_backoff,offered_25,1048576,2,7.86671,0.404895,0.242841,0.384,0.672,0.935,4.733,0.094,0.162,455,124.096
spin_backoff,offered_25,1048576,3,7.85277,0.386625,0.136684,0.38,0.602,0.86,1.069,0.094,0.187,444,124.363
spin_backoff,offered_25,1048576,4,7.81755,4.65139,38.7583,0.388,0.646,234.519,469.811,0.094,0.153,451,124.897
spin_backoff,offered_25,1048576,5,7.90128,0.472645,1.51756,0.387,0.655,0.888,34.349,0.094,0.186,447,123.564
spin_backoff,offered_25,1048576,6,7.91619,0.411361,0.148028,0.396,0.643,0.888,1.55,0.094,0.151,454,123.33
spin_backoff,offered_25,1048576,7,7.7626,0.400207,0.144591,0.385,0.66,0.929,0.991,0.094,0.155,450,125.808
spin_backoff,offered_25,1048576,8,7.77237,6.10778,41.3076,0.393,0.832,250.898,419.408,0.094,0.19,447,125.629
spin_backoff,offered_25,1048576,9,7.89134,0.393156,0.140402,0.383,0.616,0.884,1.004,0.094,0.172,447,123.756
spin_backoff,offered_25,1048576,10,7.84334,0.850504,5.75966,0.39,0.729,0.97,106.068,0.094,0.169,459,124.467
spin_backoff,offered_25,1048576,11,7.88476,0.402543,0.14225,0.39,0.64,0.888,1.211,0.094,0.156,461,123.821
spin_backoff,offered_25,1048576,12,7.87633,0.404479,0.151873,0.387,0.667,0.938,1.209,0.094,0.187,460,123.943
spin_backoff,offered_25,1048576,13,7.74262,2.13033,14.7384,0.387,0.694,69.113,214.052,0.094,0.179,443,126.097
spin_backoff,offered_25,1048576,14,7.86681,0.423029,0.152599,0.397,0.725,0.919,1.253,0.094,0.171,451,124.143
spin_backoff,offered_25,1048576,15,7.86371,0.442379,0.78385,0.388,0.677,0.936,17.083,0.094,0.189,455,124.102
spin_backoff,offered_50,64,1,0.00557266,0.323871,0.199053,0.302,0.653,0.696,1.072,0.094,0.096,133391,10.6946
spin_backoff,offered_50,64,2,0.00557192,0.324522,0.238074,0.312,0.653,0.696,1.059,0.094,0.096,137591,10.6962
spin_backoff,offered_50,64,3,0.00556989,0.320123,0.21071,0.306,0.651,0.695,1.024,0.094,0.096,139466,10.6999
spin_backoff,offered_50,64,4,0.00556104,0.324769,0.178455,0.317,0.653,0.698,1.012,0.094,0.096,142036,10.7171
spin_backoff,offered_50,64,5,0.00556829,0.315223,0.16259,0.297,0.651,0.697,1.004,0.094,0.096,141495,10.7027
spin_backoff,offered_50,64,6,0.00556384,0.318015,0.16321,0.296,0.652,0.696,0.996,0.094,0.096,141389,10.7116
spin_backoff,offered_50,64,7,0.00557129,0.322539,0.226943,0.318,0.652,0.695,1.015,0.094,0.096,137428,10.6972
spin_backoff,offered_50,64,8,0.00557098,0.323818,0.171469,0.326,0.652,0.694,1,0.094,0.096,136464,10.6978
spin_backoff,offered_50,64,9,0.00556841,0.319933,0.22987,0.294,0.652,0.696,0.993,0.094,0.096,140471,10.7027
spin_backoff,offered_50,64,10,0.00556856,0.32339,0.221206,0.305,0.653,0.697,1.053,0.094,0.096,138954,10.7026
spin_backoff,offered_50,64,11,0.00556755,0.337515,0.665143,0.331,0.653,0.698,1.881,0.094,0.096,138306,10.7046
spin_backoff,offered_50,64,12,0.00556664,0.325599,0.307065,0.307,0.653,0.698,1.055,0.094,0.096,139494,10.7061
spin_backoff,offered_50,64,13,0.00556993,0.319189,0.278548,0.289,0.651,0.694,0.986,0.094,0.096,139278,10.7
spin_backoff,offered_50,64,14,0.0055713,0.320219,0.215794,0.307,0.651,0.696,1.014,0.094,0.096,138038,10.6972
spin_backoff,offered_50,64,15,0.00556801,0.319657,0.209219,0.293,0.653,0.698,1.044,0.094,0.096,140104,10.7036
spin_backoff,offered_50,256,1,0.0222835,0.408914,0.802031,0.365,0.672,0.893,6.743,0.094,0.096,8100,10.6979
spin_backoff,offered_50,256,2,0.022272,0.394489,0.311019,0.369,0.671,0.862,6.575,0.094,0.097,7995,10.704
spin_backoff,offered_50,256,3,0.0222686,0.390449,0.207993,0.371,0.673,0.916,2.114,0.094,0.096,7872,10.7054
spin_backoff,offered_50,256,4,0.0222902,0.385049,0.280255,0.363,0.66,0.812,5.95,0.094,0.096,8180,10.6942
spin_backoff,offered_50,256,5,0.0222913,0.385251,0.208915,0.369,0.668,0.827,2.365,0.094,0.096,8084,10.6948
spin_backoff,offered_50,256,6,0.022294,0.386603,0.226551,0.367,0.663,0.787,2.028,0.094,0.096,7790,10.6932
spin_backoff,offered_50,256,7,0.0222761,0.395443,0.376221,0.37,0.671,0.85,5.276,0.094,0.096,8051,10.7009
spin_backoff,offered_50,256,8,0.0222907,0.391996,0.217427,0.371,0.675,0.882,2.364,0.094,0.096,7752,10.6945
spin_backoff,offered_50,256,9,0.0222986,0.639674,8.31489,0.363,0.665,0.821,6.324,0.094,0.096,8219,10.6916
spin_backoff,offered_50,256,10,0.0222796,0.383317,0.211778,0.369,0.663,0.784,2.24,0.094,0.096,7975,10.6991
spin_backoff,offered_50,256,11,0.0222904,0.379519,0.189044,0.364,0.664,0.811,1.986,0.094,0.104,8222,10.6947
spin_backoff,offered_50,256,12,0.0222885,0.378833,0.200384,0.362,0.666,0.797,2.152,0.094,0.096,8380,10.6962
spin_backoff,offered_50,256,13,0.0223182,0.386958,0.213493,0.367,0.669,0.822,2.655,0.094,0.104,7899,10.6808
spin_backoff,offered_50,256,14,0.0222963,0.372102,0.205851,0.36,0.654,0.766,2.387,0.094,0.096,8322,10.6916
spin_backoff,offered_50,256,15,0.0223049,0.386851,0.221703,0.368,0.67,0.818,3.195,0.094,0.096,7969,10.6882
spin_backoff,offered_50,1024,1,0.0892851,4.25301,2.59818,3.695,9.4,11.718,14.638,0.094,0.096,237,10.6802
spin_backoff,offered_50,1024,2,0.0892264,4.43832,2.75748,3.888,9.726,12.442,18.072,0.094,0.096,243,10.6883
spin_backoff,offered_50,1024,3,0.0892906,4.29562,2.65113,3.742,9.517,11.957,15.032,0.094,0.096,244,10.6806
spin_backoff,offered_50,1024,4,0.0893075,4.43242,2.74644,3.861,9.789,12.917,16.458,0.094,0.198,254,10.6756
spin_backoff,offered_50,1024,5,0.0894989,4.25107,3.52483,3.662,9.27,11.467,44.75,0.094,0.096,230,10.6521
spin_backoff,offered_50,1024,6,0.0894132,4.30089,2.61751,3.816,9.428,11.482,15.433,0.094,0.095,238,10.6644
spin_backoff,offered_50,1024,7,0.0894075,4.36838,2.6299,3.853,9.514,11.986,16.37,0.094,0.187,247,10.6656
spin_backoff,offered_50,1024,8,0.089414,4.3578,2.65706,3.808,9.644,11.665,14.794,0.094,0.096,243,10.6653
spin_backoff,offered_50,1024,9,0.0894066,4.24298,2.50751,3.793,9.306,11.351,14.105,0.094,0.194,252,10.6656
spin_backoff,offered_50,1024,10,0.089348,4.16984,2.57453,3.653,9.33,11.61,15.675,0.094,0.096,241,10.672
spin_backoff,offered_50,1024,11,0.0893608,4.19787,2.6137,3.706,9.403,11.442,13.9,0.094,0.096,244,10.669
spin_backoff,offered_50,1024,12,0.0893454,4.32895,2.58597,3.871,9.476,11.536,17.678,0.094,0.196,249,10.6721
spin_backoff,offered_50,1024,13,0.0892465,4.35458,2.72087,3.835,9.68,12.434,16.618,0.094,0.193,252,10.6859
spin_backoff,offered_50,1024,14,0.0894173,4.23667,2.60174,3.724,9.463,11.403,14.739,0.094,0.096,244,10.6648
spin_backoff,offered_50,1024,15,0.0894384,4.22893,2.58629,3.714,9.31,11.56,15.734,0.094,0.097,243,10.6612
spin_backoff,offered_50,4096,1,0.351018,4.24958,2.70618,3.327,11.148,14.091,17.838,0.094,0.183,507,10.867
spin_backoff,offered_50,4096,2,0.35133,4.24208,2.64596,3.337,11.04,13.673,17.931,0.094,0.096,512,10.8563
spin_backoff,offered_50,4096,3,0.350616,4.25485,2.73959,3.306,11.187,14.294,18.151,0.094,0.096,513,10.8772
spin_backoff,offered_50,4096,4,0.35122,4.21053,2.62936,3.326,11.004,13.67,16.683,0.094,0.096,508,10.8609
spin_backoff,offered_50,4096,5,0.351288,4.2133,2.69698,3.324,11.037,13.806,18.887,0.094,0.096,508,10.8582
spin_backoff,offered_50,4096,6,0.350907,4.25485,2.84458,3.314,11.211,14.307,25.101,0.094,0.096,513,10.869
spin_backoff,offered_50,4096,7,0.35108,4.2987,2.87778,3.33,11.239,14.422,22.524,0.094,0.096,510,10.8651
spin_backoff,offered_50,4096,8,0.350449,4.26375,2.83154,3.315,11.08,14.307,26.112,0.094,0.096,513,10.8813
spin_backoff,offered_50,4096,9,0.350373,4.33953,2.88645,3.341,11.459,14.799,20.027,0.094,0.096,512,10.8875
spin_backoff,offered_50,4096,10,0.350518,4.30223,2.78116,3.346,11.243,14.399,18.974,0.094,0.096,509,10.8815
spin_backoff,offered_50,4096,11,0.350755,4.30404,2.81263,3.337,11.369,14.39,20.21,0.094,0.096,510,10.8735
spin_backoff,offered_50,4096,12,0.350631,4.31532,2.87149,3.335,11.291,14.633,22.431,0.094,0.096,510,10.879
spin_backoff,offered_50,4096,13,0.350993,4.26273,2.75272,3.329,11.246,14.256,18.739,0.094,0.096,511,10.8663
spin_backoff,offered_50,4096,14,0.350416,4.29369,2.79751,3.331,11.218,14.571,19.496,0.094,0.096,511,10.8834
spin_backoff,offered_50,4096,15,0.350537,4.35311,2.95229,3.334,11.441,15.324,20.911,0.094,0.188,513,10.8811
spin_backoff,offered_50,16384,1,1.34615,7.69699,3.55096,7.838,12.557,13.991,20.876,0.094,0.097,129,11.3338
spin_backoff,offered_50,16384,2,1.34597,7.89987,4.06141,7.895,13.077,15.066,45.733,0.094,0.097,122,11.3368
spin_backoff,offered_50,16384,3,1.34831,7.63047,3.48906,7.716,12.578,14.302,17.074,0.094,0.096,126,11.3151
spin_backoff,offered_50,16384,4,1.34755,7.60479,3.48705,7.694,12.49,14.231,16.441,0.094,0.096,128,11.3157
spin_backoff,offered_50,16384,5,1.34901,7.81111,3.58782,8.003,12.819,14.432,22.265,0.094,0.096,121,11.3113
spin_backoff,offered_50,16384,6,1.34863,7.71187,3.58292,7.815,12.814,14.653,19.454,0.094,0.095,129,11.3132
spin_backoff,offered_50,16384,7,1.34756,7.73487,3.54978,7.85,12.693,14.582,17.038,0.094,0.097,127,11.322
spin_backoff,offered_50,16384,8,1.34847,7.79241,3.61169,7.87,12.847,14.929,20.63,0.094,0.108,124,11.3159
spin_backoff,offered_50,16384,9,1.3465,7.78685,3.54423,7.889,12.784,14.177,16.418,0.094,0.211,127,11.3284
spin_backoff,offered_50,16384,10,1.35055,7.56989,3.62942,7.527,12.822,14.447,15.89,0.094,0.098,125,11.2967
spin_backoff,offered_50,16384,11,1.33913,7.49525,3.60122,7.568,12.732,14.563,16.982,0.094,0.202,124,11.3618
spin_backoff,offered_50,16384,12,1.34582,7.79903,3.59965,7.918,12.943,14.669,21.048,0.094,0.102,127,11.3364
spin_backoff,offered_50,16384,13,1.347,7.66159,3.51835,7.779,12.675,14.121,19.997,0.094,0.095,127,11.324
spin_backoff,offered_50,16384,14,1.34694,7.73055,3.44122,7.899,12.48,14,17.888,0.094,0.096,128,11.323
spin_backoff,offered_50,16384,15,1.34727,7.66306,3.40553,7.849,12.207,13.98,15.449,0.094,0.096,126,11.3259
spin_backoff,offered_50,65536,1,4.37105,16.6505,9.45584,17.704,29.611,31.568,32.735,0.094,0.106,75,13.9649
spin_backoff,offered_50,65536,2,4.41179,16.8862,9.67425,17.647,30.142,32.551,36.064,0.094,0.155,74,13.8355
spin_backoff,offered_50,65536,3,4.40288,16.5222,9.59228,17.148,30.06,31.348,32.058,0.094,0.221,44,13.8636
spin_backoff,offered_50,65536,4,4.38623,16.0701,9.3399,16.678,29.259,31.606,32.404,0.094,0.095,75,13.9163
spin_backoff,offered_50,65536,5,4.41672,16.2122,9.39549,16.831,29.268,30.623,33.304,0.094,0.096,61,13.8201
spin_backoff,offered_50,65536,6,4.39791,16.1043,9.22382,16.542,29.338,31.421,32.252,0.094,0.116,45,13.8791
spin_backoff,offered_50,65536,7,4.38066,16.7411,9.64044,17.466,30.203,33.793,35.811,0.094,0.118,95,13.9341
spin_backoff,offered_50,65536,8,4.39374,15.8477,9.38179,16.397,29.367,31.348,35.154,0.094,0.121,58,13.8924
spin_backoff,offered_50,65536,9,4.40201,16.0295,9.51866,16.108,29.592,33.031,36.056,0.094,0.204,46,13.8665
spin_backoff,offered_50,65536,10,4.39348,16.7238,9.64418,17.417,30.152,32.179,34.793,0.094,0.096,72,13.8765
spin_backoff,offered_50,65536,11,4.39528,16.6165,9.40587,17.132,29.831,31.558,34.823,0.094,0.104,49,13.8881
spin_backoff,offered_50,65536,12,4.40382,15.8499,9.30022,16.381,29.503,32.905,35.11,0.094,0.178,51,13.8607
spin_backoff,offered_50,65536,13,4.40666,16.5547,9.70512,17.187,30.143,32.13,33.743,0.094,0.187,69,13.8517
spin_backoff,offered_50,65536,14,4.37974,16.2257,9.75776,16.574,30.168,38.6,40.238,0.094,0.119,51,13.9295
spin_backoff,offered_50,65536,15,4.40031,16.2016,9.40851,16.783,29.238,32.144,33.784,0.094,0.12,54,13.8717
spin_backoff,offered_50,262144,1,9.25557,1.87412,2.85192,0.543,9.019,12.862,14.425,0.094,0.151,891,26.3796
spin_backoff,offered_50,262144,2,9.3768,3.75655,4.6251,1.46,13.888,17.542,19.229,0.094,0.096,599,26.0381
spin_backoff,offered_50,262144,3,9.4047,11.1351,8.77071,10.481,25.632,28.219,33.55,0.094,0.096,292,25.9607
spin_backoff,offered_50,262144,4,9.19937,3.08538,4.40661,0.97,11.338,21.047,27.002,0.094,0.097,786,26.54
spin_backoff,offered_50,262144,5,9.06487,2.60156,3.77526,0.629,11.649,15.074,18.461,0.094,0.153,852,26.9353
spin_backoff,offered_50,262144,6,9.37186,9.55354,8.65062,7.54,25.866,29.09,35.424,0.094,0.098,294,26.0516
spin_backoff,offered_50,262144,7,9.00867,2.41483,3.97626,0.624,10.61,21.091,27.441,0.094,0.152,890,27.1019
spin_backoff,offered_50,262144,8,9.38335,10.2523,9.21727,8.284,27.049,29.933,35.373,0.094,0.096,346,26.0198
spin_backoff,offered_50,262144,9,9.4139,10.5992,9.64803,7.707,27.979,30.878,34.17,0.094,0.096,265,25.9353
spin_backoff,offered_50,262144,10,9.17877,7.32805,8.91654,2.432,25.913,30.406,32.478,0.094,0.117,584,26.5927
spin_backoff,offered_50,262144,11,9.27672,7.84479,8.53615,3.805,25.44,29.046,31.075,0.093,0.097,424,26.3185
spin_backoff,offered_50,262144,12,9.38917,11.8342,8.995,11.725,25.836,29.375,34.933,0.094,0.117,192,25.9936
spin_backoff,offered_50,262144,13,9.0502,5.47982,7.2583,1.687,21.555,26.179,36.695,0.094,0.164,695,26.9708
spin_backoff,offered_50,262144,14,9.31446,2.45656,3.50732,0.723,10.576,14.243,17.276,0.094,0.096,760,26.2047
spin_backoff,offered_50,262144,15,9.17908,1.77343,3.11373,0.42,9.663,13.745,16.108,0.094,0.096,1067,26.5872
spin_backoff,offered_50,1048576,1,8.50392,0.436252,0.152008,0.423,0.752,0.951,1.389,0.094,0.096,502,114.769
spin_backoff,offered_50,1048576,2,8.44921,0.440447,0.148934,0.422,0.701,0.86,1.221,0.094,0.096,498,115.585
spin_backoff,offered_50,1048576,3,8.35182,3.49355,25.3271,0.431,0.802,122.836,325.159,0.094,0.183,481,116.832
spin_backoff,offered_50,1048576,4,8.43053,0.41299,0.134747,0.404,0.613,0.866,1.04,0.094,0.168,491,115.842
spin_backoff,offered_50,1048576,5,8.47033,0.425484,0.138962,0.418,0.661,0.903,1.238,0.094,0.096,503,115.298
spin_backoff,offered_50,1048576,6,8.33743,0.718068,4.31543,0.41,0.719,0.958,86.596,0.094,0.096,494,117.135
spin_backoff,offered_50,1048576,7,8.4029,2.59157,24.0545,0.419,0.677,1.138,318.664,0.094,0.096,493,116.221
spin_backoff,offered_50,1048576,8,8.51894,0.446947,0.20129,0.43,0.714,1,3.067,0.094,0.096,501,114.64
spin_backoff,offered_50,1048576,9,8.32102,2.67562,18.0182,0.413,0.817,96.6,266.415,0.094,0.096,483,117.366
spin_backoff,offered_50,1048576,10,8.49412,0.441783,0.155108,0.416,0.78,0.948,1.106,0.094,0.096,501,114.973
spin_backoff,offered_50,1048576,11,8.48954,0.450318,0.342304,0.416,0.771,1.012,5.573,0.094,0.096,498,114.944
spin_backoff,offered_50,1048576,12,8.35073,1.0126,7.53853,0.427,0.797,6.17,150.539,0.094,0.117,489,116.948
spin_backoff,offered_50,1048576,13,8.3139,5.09335,35.1828,0.409,0.804,216.3,365.17,0.094,0.154,492,117.467
spin_backoff,offered_50,1048576,14,8.52608,0.424318,0.138447,0.416,0.655,0.876,1.085,0.094,0.165,500,114.544
spin_backoff,offered_50,1048576,15,8.3415,0.933375,6.63316,0.417,0.711,1.039,109.614,0.094,0.096,503,117.079
spin_backoff,offered_75,64,1,0.0144687,0.252579,0.281145,0.229,0.361,0.423,0.468,0.094,0.101,56274,4.11892
spin_backoff,offered_75,64,2,0.0144936,0.248041,0.108389,0.229,0.361,0.423,0.494,0.094,0.096,55566,4.11191
spin_backoff,offered_75,64,3,0.0144969,0.250976,0.306197,0.224,0.36,0.422,0.465,0.094,0.096,54074,4.111
spin_backoff,offered_75,64,4,0.0144985,0.248727,0.168962,0.226,0.36,0.422,0.471,0.094,0.096,54419,4.11056
spin_backoff,offered_75,64,5,0.0144974,0.25315,0.395285,0.229,0.36,0.422,0.454,0.094,0.096,55693,4.11086
spin_backoff,offered_75,64,6,0.0144968,0.248487,0.157035,0.23,0.36,0.422,0.458,0.094,0.096,55620,4.11106
spin_backoff,offered_75,64,7,0.0144952,0.246586,0.0736812,0.229,0.36,0.422,0.446,0.094,0.096,56048,4.11148
spin_backoff,offered_75,64,8,0.0144909,0.248503,0.164259,0.228,0.36,0.422,0.458,0.094,0.096,55815,4.11273
spin_backoff,offered_75,64,9,0.0144961,0.247134,0.0786389,0.229,0.361,0.423,0.454,0.094,0.096,55504,4.11129
spin_backoff,offered_75,64,10,0.0144956,0.247527,0.0980732,0.229,0.36,0.423,0.454,0.094,0.096,55690,4.11134
spin_backoff,offered_75,64,11,0.0144954,0.239858,0.112648,0.218,0.338,0.363,0.445,0.094,0.096,58556,4.11157
spin_backoff,offered_75,64,12,0.0144973,0.25164,0.198161,0.228,0.36,0.423,0.665,0.094,0.096,55543,4.11085
spin_backoff,offered_75,64,13,0.0144959,0.249266,0.120077,0.23,0.361,0.423,0.465,0.094,0.096,55319,4.1114
spin_backoff,offered_75,64,14,0.014497,0.250602,0.263638,0.229,0.36,0.423,0.459,0.094,0.096,55711,4.11087
spin_backoff,offered_75,64,15,0.0144972,0.261348,0.840596,0.224,0.36,0.422,0.471,0.094,0.096,53727,4.11079
spin_backoff,offered_75,256,1,0.0577065,0.278253,0.174187,0.233,0.442,0.678,2.671,0.094,0.096,12302,4.13085
spin_backoff,offered_75,256,2,0.0578361,0.297898,0.211762,0.244,0.546,0.776,2.653,0.094,0.096,11525,4.12232
spin_backoff,offered_75,256,3,0.0578143,0.298076,0.210141,0.245,0.541,0.783,2.525,0.094,0.096,11639,4.12221
spin_backoff,offered_75,256,4,0.0578171,0.285715,0.203657,0.234,0.491,0.768,2.577,0.094,0.096,12070,4.12352
spin_backoff,offered_75,256,5,0.0579256,0.318615,0.208641,0.276,0.58,0.843,1.964,0.094,0.096,10382,4.11556
spin_backoff,offered_75,256,6,0.0576926,0.277776,0.161452,0.233,0.439,0.652,2.571,0.094,0.096,12268,4.13224
spin_backoff,offered_75,256,7,0.0577391,0.276392,0.154163,0.233,0.433,0.614,2.332,0.094,0.096,12201,4.12783
spin_backoff,offered_75,256,8,0.0577714,0.291742,0.559096,0.233,0.433,0.583,12.286,0.094,0.096,12372,4.12626
spin_backoff,offered_75,256,9,0.057947,0.3578,0.829387,0.304,0.639,0.881,6.106,0.094,0.096,9960,4.11427
spin_backoff,offered_75,256,10,0.0578327,0.307736,0.466198,0.242,0.528,0.765,7.588,0.094,0.096,11611,4.12109
spin_backoff,offered_75,256,11,0.0577568,0.28083,0.216843,0.233,0.442,0.674,2.651,0.094,0.096,12089,4.12785
spin_backoff,offered_75,256,12,0.0579825,0.328405,0.223278,0.299,0.604,0.819,2.276,0.094,0.096,9998,4.11163
spin_backoff,offered_75,256,13,0.0579299,0.334347,0.240953,0.303,0.64,0.889,2.276,0.094,0.096,9753,4.11548
spin_backoff,offered_75,256,14,0.0578544,0.309976,0.352345,0.257,0.548,0.765,4.656,0.094,0.096,10903,4.11967
spin_backoff,offered_75,256,15,0.0578985,0.321439,0.902921,0.245,0.501,0.762,6.504,0.094,0.151,11148,4.1168
spin_backoff,offered_75,1024,1,0.231416,2.34645,1.0178,2.527,3.724,4.422,6.244,0.094,0.096,210,4.12114
spin_backoff,offered_75,1024,2,0.231183,2.39532,1.04053,2.582,3.732,4.5,7.933,0.094,0.106,229,4.1253
spin_backoff,offered_75,1024,3,0.230968,2.40722,1.05496,2.583,3.869,4.758,6.787,0.094,0.096,217,4.12911
spin_backoff,offered_75,1024,4,0.230897,2.39586,1.04509,2.605,3.726,4.448,9.978,0.094,0.096,223,4.13041
spin_backoff,offered_75,1024,5,0.231163,2.42416,1.0365,2.651,3.752,4.255,6.93,0.094,0.104,223,4.12562
spin_backoff,offered_75,1024,6,0.231302,2.41257,1.49585,2.551,3.768,4.806,26.046,0.094,0.096,215,4.12103
spin_backoff,offered_75,1024,7,0.23094,2.51167,1.11983,2.689,4.036,4.772,6.568,0.094,0.197,235,4.12636
spin_backoff,offered_75,1024,8,0.231602,2.42464,1.04068,2.628,3.792,4.305,5.978,0.094,0.096,232,4.11781
spin_backoff,offered_75,1024,9,0.231036,2.41003,1.04795,2.595,3.864,4.572,6.667,0.093,0.105,211,4.1272
spin_backoff,offered_75,1024,10,0.230904,2.48372,1.09628,2.665,3.974,4.58,7.859,0.094,0.097,208,4.13029
spin_backoff,offered_75,1024,11,0.231206,2.40376,1.01465,2.62,3.692,4.334,7.273,0.094,0.105,222,4.12394
spin_backoff,offered_75,1024,12,0.231337,2.43859,1.06707,2.612,3.835,4.59,7.186,0.094,0.096,215,4.12188
spin_backoff,offered_75,1024,13,0.231049,2.43661,1.0704,2.598,3.959,4.553,7.225,0.094,0.096,223,4.12709
spin_backoff,offered_75,1024,14,0.230956,2.37352,1.02707,2.567,3.679,4.332,7.578,0.094,0.096,226,4.12935
spin_backoff,offered_75,1024,15,0.231176,2.4143,1.08917,2.596,3.96,4.677,7.045,0.094,0.096,214,4.12539
spin_backoff,offered_75,4096,1,0.895566,2.94609,0.811338,3.076,3.602,4.211,13.646,0.094,0.096,510,4.25922
spin_backoff,offered_75,4096,2,0.895753,3.01627,2.20716,3.04,3.582,4.25,49.209,0.094,0.096,509,4.25671
spin_backoff,offered_75,4096,3,0.894786,2.91984,0.673672,3.052,3.566,4.193,7.021,0.094,0.096,510,4.26264
spin_backoff,offered_75,4096,4,0.895233,2.88819,0.641885,3.026,3.517,4.153,4.788,0.094,0.096,505,4.26013
spin_backoff,offered_75,4096,5,0.895548,2.91282,0.665844,3.05,3.58,4.197,6.105,0.094,0.096,512,4.25965
spin_backoff,offered_75,4096,6,0.895812,2.92233,0.674594,3.063,3.553,4.192,4.743,0.094,0.096,509,4.2584
spin_backoff,offered_75,4096,7,0.895462,2.91933,0.654995,3.064,3.56,4.21,4.674,0.094,0.206,511,4.25947
spin_backoff,offered_75,4096,8,0.894839,2.91772,0.645331,3.049,3.57,4.19,4.754,0.094,0.096,508,4.26149
spin_backoff,offered_75,4096,9,0.895383,2.98005,2.08748,3.035,3.537,4.182,47.747,0.094,0.096,505,4.2588
spin_backoff,offered_75,4096,10,0.894995,2.89279,0.645833,3.029,3.565,4.167,4.592,0.094,0.096,510,4.2623
spin_backoff,offered_75,4096,11,0.896045,2.90187,0.649374,3.035,3.534,4.196,5.803,0.094,0.172,509,4.2568
spin_backoff,offered_75,4096,12,0.89586,2.90824,0.816778,3.024,3.51,4.178,14.586,0.094,0.187,509,4.25782
spin_backoff,offered_75,4096,13,0.896234,2.90321,0.65745,3.05,3.554,4.178,5.074,0.094,0.193,511,4.25607
spin_backoff,offered_75,4096,14,0.895666,2.89715,0.650618,3.043,3.554,4.146,4.448,0.094,0.096,510,4.25867
spin_backoff,offered_75,4096,15,0.89418,2.91642,0.729783,3.042,3.585,4.199,10.716,0.094,0.096,512,4.26549
spin_backoff,offered_75,16384,1,3.19931,6.92484,3.49313,6.981,11.874,13.015,13.826,0.094,0.117,129,4.76713
spin_backoff,offered_75,16384,2,3.19789,7.08686,3.80074,7.097,11.875,12.821,27.798,0.094,0.096,128,4.77016
spin_backoff,offered_75,16384,3,3.19941,6.87876,3.46952,6.946,11.747,12.584,13.601,0.094,0.096,129,4.76945
spin_backoff,offered_75,16384,4,3.194,6.9643,3.50633,7.03,11.819,12.891,13.869,0.094,0.096,127,4.77755
spin_backoff,offered_75,16384,5,3.19804,6.85215,3.46271,6.885,11.763,12.526,13.392,0.094,0.097,130,4.76715
spin_backoff,offered_75,16384,6,3.19496,6.8488,3.4305,6.874,11.742,12.438,13.26,0.094,0.097,127,4.77606
spin_backoff,offered_75,16384,7,3.18116,6.84008,3.57008,6.711,12.133,13.411,15.752,0.094,0.096,129,4.79687
spin_backoff,offered_75,16384,8,3.20219,6.9394,3.47793,6.99,11.868,12.561,13.744,0.094,0.096,126,4.76535
spin_backoff,offered_75,16384,9,3.18841,6.95721,3.49465,7.012,11.889,12.677,14.326,0.094,0.095,126,4.78588
spin_backoff,offered_75,16384,10,3.19888,6.93807,3.48029,7.03,11.777,12.571,13.45,0.094,0.096,129,4.77028
spin_backoff,offered_75,16384,11,3.18058,6.8578,3.49773,6.826,11.896,13.08,14.569,0.094,0.108,130,4.79772
spin_backoff,offered_75,16384,12,3.20002,7.07183,3.56753,7.118,12.179,13.371,15.134,0.094,0.177,128,4.76853
spin_backoff,offered_75,16384,13,3.20164,6.89544,3.4524,6.958,11.754,12.863,13.993,0.094,0.096,126,4.76616
spin_backoff,offered_75,16384,14,3.20547,6.87121,3.43149,6.933,11.673,12.716,13.469,0.094,0.096,127,4.76043
spin_backoff,offered_75,16384,15,3.19011,6.91924,3.50637,6.953,11.961,13.384,16.307,0.094,0.102,127,4.7834
spin_backoff,offered_75,65536,1,8.16876,15.9676,9.23588,16.565,28.992,30.516,33.304,0.094,0.096,72,7.4731
spin_backoff,offered_75,65536,2,8.14538,15.5256,9.51607,15.622,28.34,43.687,45.937,0.094,0.118,83,7.48521
spin_backoff,offered_75,65536,3,8.19498,16.0441,9.22418,16.803,28.93,31.605,34.936,0.094,0.783,70,7.44881
spin_backoff,offered_75,65536,4,8.23445,15.3837,9.13896,15.625,28.485,30.891,34.441,0.094,0.205,70,7.41334
spin_backoff,offered_75,65536,5,8.21202,15.4759,9.4848,15.738,28.562,33.11,47.325,0.094,0.118,68,7.42111
spin_backoff,offered_75,65536,6,8.17224,15.8551,9.32702,16.494,28.959,30.431,33.53,0.094,0.118,67,7.46978
spin_backoff,offered_75,65536,7,8.1326,14.8421,9.77191,14.497,29.478,32.071,34.484,0.094,0.118,45,7.50621
spin_backoff,offered_75,65536,8,8.20114,15.4247,9.36805,15.597,28.894,31.765,36.67,0.094,0.119,70,7.44328
spin_backoff,offered_75,65536,9,8.18193,16.1426,9.46534,16.651,29.258,30.893,33.096,0.094,0.183,60,7.46131
spin_backoff,offered_75,65536,10,8.20961,16.1994,9.37984,16.796,29.223,30.465,31.767,0.094,0.119,63,7.43548
spin_backoff,offered_75,65536,11,8.18395,15.638,9.35099,15.881,29.054,30.492,33.455,0.094,7.606,77,7.45917
spin_backoff,offered_75,65536,12,8.09616,15.1319,9.03554,15.464,28.37,29.866,31.557,0.094,0.175,61,7.53992
spin_backoff,offered_75,65536,13,8.17934,15.3262,9.25044,15.499,28.735,30.662,34.352,0.094,0.176,80,7.46378
spin_backoff,offered_75,65536,14,8.16642,16.2555,9.5439,16.792,29.585,31.87,33.709,0.094,0.173,63,7.47493
spin_backoff,offered_75,65536,15,8.29672,16.3127,9.4645,16.914,29.332,30.9,31.744,0.094,0.119,67,7.35796
spin_backoff,offered_75,262144,1,12.5919,12.3839,10.1034,10.778,28.516,30.879,37.022,0.094,0.117,284,19.3902
spin_backoff,offered_75,262144,2,12.6566,11.1561,8.74246,10.208,25.313,27.945,34.648,0.094,0.117,278,19.2835
spin_backoff,offered_75,262144,3,12.4558,3.96055,5.61509,1.293,15.443,25.705,29.126,0.094,0.117,626,19.5954
spin_backoff,offered_75,262144,4,12.2011,3.29782,3.83982,1.242,10.975,14.682,17.905,0.094,0.102,683,20.011
spin_backoff,offered_75,262144,5,12.5159,9.29134,8.79248,6.789,26.386,29.476,38.982,0.094,0.152,342,19.5011
spin_backoff,offered_75,262144,6,12.6921,14.8066,9.86638,15.09,29.26,31.154,35.6,0.094,0.116,191,19.2365
spin_backoff,offered_75,262144,7,12.5033,9.99568,9.00972,7.899,28.191,30.891,34.821,0.094,0.154,325,19.5276
spin_backoff,offered_75,262144,8,11.907,2.01041,3.59431,0.456,10.985,17.122,21.092,0.094,0.113,1049,20.5054
spin_backoff,offered_75,262144,9,12.593,14.1716,10.2092,13.469,29.262,31.01,34.144,0.094,0.153,261,19.3882
spin_backoff,offered_75,262144,10,12.6894,15.7165,10.4937,16.612,29.658,31.067,35.886,0.094,0.117,205,19.2346
spin_backoff,offered_75,262144,11,12.6198,13.576,10.2511,12.944,28.846,31.123,33.903,0.094,0.096,253,19.347
spin_backoff,offered_75,262144,12,12.0199,4.58283,6.06926,1.011,17.831,21.046,23.089,0.094,0.153,824,20.3127
spin_backoff,offered_75,262144,13,12.3379,7.23951,7.35471,4.826,21.154,28.692,31.44,0.094,0.116,507,19.789
spin_backoff,offered_75,262144,14,12.7713,16.1993,10.2788,18.232,29.881,31.509,35.016,0.094,0.118,163,19.0991
spin_backoff,offered_75,262144,15,12.591,12.7081,9.40459,11.984,27.522,30.351,34.279,0.094,0.096,241,19.3831
spin_backoff,offered_75,1048576,1,8.95225,0.466613,0.97357,0.406,0.662,0.937,22.252,0.094,0.158,508,108.964
spin_backoff,offered_75,1048576,2,8.95005,0.42374,0.145123,0.406,0.72,0.907,1.037,0.094,0.096,502,109.084
spin_backoff,offered_75,1048576,3,8.8501,1.2019,9.82461,0.413,0.752,1.251,177.488,0.094,0.155,497,110.309
spin_backoff,offered_75,1048576,4,8.9414,0.487199,1.34116,0.409,0.712,0.933,30.625,0.094,0.096,504,109.124
spin_backoff,offered_75,1048576,5,8.98989,0.421973,0.132323,0.406,0.625,0.918,1.099,0.094,0.096,506,108.635
spin_backoff,offered_75,1048576,6,8.79062,3.57555,24.3555,0.414,0.821,140.027,324.756,0.094,0.096,492,111.098
spin_backoff,offered_75,1048576,7,9.01042,0.425992,0.134637,0.415,0.65,0.91,1.063,0.094,0.096,501,108.388
spin_backoff,offered_75,1048576,8,8.96504,0.431926,0.148992,0.411,0.734,0.99,1.115,0.094,0.096,501,108.935
spin_backoff,offered_75,1048576,9,8.84262,5.09129,32.5768,0.413,0.922,210.675,358.193,0.094,0.096,485,110.445
spin_backoff,offered_75,1048576,10,8.94461,0.438559,0.143539,0.421,0.699,0.916,1.03,0.094,0.097,503,109.185
spin_backoff,offered_75,1048576,11,8.99143,0.424074,0.168977,0.402,0.645,0.948,2.658,0.094,0.096,503,108.615
spin_backoff,offered_75,1048576,12,8.69435,8.64519,51.2096,0.425,1.002,314.056,487.115,0.094,0.096,478,112.327
spin_backoff,offered_75,1048576,13,8.97981,0.431986,0.141422,0.416,0.651,0.908,1.352,0.094,0.096,499,108.756
spin_backoff,offered_75,1048576,14,8.95541,0.501672,1.57716,0.411,0.746,0.961,36.001,0.094,0.096,501,108.937
spin_backoff,offered_75,1048576,15,8.77888,1.36159,10.1845,0.413,0.691,17.326,160.395,0.094,0.099,498,111.246
spin_backoff,offered_90,64,1,0.0343242,0.249764,0.601475,0.216,0.334,0.345,2.212,0.094,0.096,57296,1.73631
spin_backoff,offered_90,64,2,0.0343351,0.263282,0.75256,0.222,0.362,0.424,5.937,0.094,0.096,49436,1.73568
spin_backoff,offered_90,64,3,0.0343338,0.251027,0.29284,0.222,0.357,0.421,0.553,0.094,0.096,51854,1.73594
spin_backoff,offered_90,64,4,0.0343388,0.272979,0.950776,0.222,0.359,0.422,12.769,0.094,0.096,50930,1.73531
spin_backoff,offered_90,64,5,0.0343281,0.24823,0.260401,0.221,0.36,0.421,2.153,0.094,0.096,49890,1.73629
spin_backoff,offered_90,64,6,0.0343294,0.262213,0.728934,0.222,0.358,0.422,5.512,0.094,0.096,51792,1.73599
spin_backoff,offered_90,64,7,0.0343339,0.249935,0.235251,0.222,0.358,0.421,0.63,0.094,0.096,51805,1.73596
spin_backoff,offered_90,64,8,0.034336,0.277972,0.941747,0.222,0.358,0.422,8.702,0.094,0.096,51676,1.73542
spin_backoff,offered_90,64,9,0.034331,0.252366,0.305368,0.222,0.358,0.421,2.133,0.094,0.096,51933,1.7361
spin_backoff,offered_90,64,10,0.0343291,0.261144,0.869297,0.218,0.336,0.358,1.821,0.094,0.096,56121,1.73593
spin_backoff,offered_90,64,11,0.0343357,0.252959,0.381847,0.221,0.359,0.421,5.798,0.094,0.096,50588,1.73579
spin_backoff,offered_90,64,12,0.0343017,0.652609,4.45038,0.224,0.392,8.742,75.735,0.094,0.096,50779,1.73745
spin_backoff,offered_90,64,13,0.0343263,0.263477,1.23129,0.221,0.36,0.42,0.567,0.094,0.096,49890,1.73612
spin_backoff,offered_90,64,14,0.0343335,0.249695,0.29906,0.222,0.357,0.421,0.463,0.094,0.096,52140,1.73597
spin_backoff,offered_90,64,15,0.0343358,0.264006,0.892011,0.221,0.358,0.421,4.482,0.094,0.096,51956,1.73561
spin_backoff,offered_90,256,1,0.137355,0.513611,1.3213,0.353,1.157,1.554,7.719,0.094,0.096,4515,1.7352
spin_backoff,offered_90,256,2,0.137343,0.468876,0.619651,0.347,1.098,1.437,7.319,0.094,0.096,5582,1.73565
spin_backoff,offered_90,256,3,0.13733,0.326415,0.971908,0.235,0.441,0.754,8.884,0.094,0.096,9494,1.73566
spin_backoff,offered_90,256,4,0.137296,0.473011,0.982092,0.346,1.029,1.402,6.634,0.094,0.105,4543,1.73612
spin_backoff,offered_90,256,5,0.137287,0.353498,0.274027,0.273,0.822,1.305,1.76,0.094,0.104,7672,1.73666
spin_backoff,offered_90,256,6,0.137026,0.453534,0.33485,0.351,1.074,1.417,2.846,0.094,0.096,4434,1.73997
spin_backoff,offered_90,256,7,0.137378,0.456066,0.351196,0.353,1.043,1.388,2.476,0.094,0.096,4503,1.73552
spin_backoff,offered_90,256,8,0.137269,0.290996,0.202072,0.235,0.481,0.889,1.872,0.094,0.096,9637,1.73689
spin_backoff,offered_90,256,9,0.137388,0.478723,1.0106,0.351,1.038,1.379,7.42,0.094,0.096,4661,1.73497
spin_backoff,offered_90,256,10,0.137292,0.438964,0.645104,0.33,0.995,1.38,7.542,0.094,0.096,5222,1.73639
spin_backoff,offered_90,256,11,0.137253,0.307558,0.224973,0.24,0.556,1.063,1.791,0.094,0.096,8985,1.73709
spin_backoff,offered_90,256,12,0.13724,0.489943,0.556472,0.36,1.129,1.451,6.374,0.094,0.096,4230,1.73711
spin_backoff,offered_90,256,13,0.137406,0.521144,1.72631,0.354,1.104,1.467,7.869,0.094,0.105,4801,1.73426
spin_backoff,offered_90,256,14,0.13727,0.484821,0.402747,0.362,1.12,1.435,7.08,0.094,0.096,4892,1.73688
spin_backoff,offered_90,256,15,0.137332,0.31927,0.507484,0.245,0.492,0.935,7.708,0.094,0.096,9015,1.73582
spin_backoff,offered_90,1024,1,0.546758,2.47444,1.21062,2.582,4.023,4.398,12.115,0.094,0.097,221,1.74433
spin_backoff,offered_90,1024,2,0.549068,2.48089,1.26684,2.554,4.146,4.594,13.061,0.094,0.096,198,1.73699
spin_backoff,offered_90,1024,3,0.548318,2.54436,1.43669,2.644,4.038,5.836,16.435,0.094,0.13,207,1.73833
spin_backoff,offered_90,1024,4,0.548479,2.48732,1.14662,2.603,4.072,4.583,7.466,0.094,0.097,196,1.73887
spin_backoff,offered_90,1024,5,0.548659,2.43447,1.20446,2.523,3.926,4.353,9.964,0.094,0.117,212,1.73778
spin_backoff,offered_90,1024,6,0.549145,2.42565,1.12171,2.539,3.903,4.329,9.641,0.094,0.096,202,1.73674
spin_backoff,offered_90,1024,7,0.547632,2.41567,1.10389,2.523,3.935,4.347,7.092,0.094,0.096,210,1.74154
spin_backoff,offered_90,1024,8,0.548451,2.4392,1.15057,2.556,3.992,4.364,8.752,0.094,0.118,188,1.73783
spin_backoff,offered_90,1024,9,0.546516,2.44176,1.14017,2.534,4.028,4.526,7.694,0.094,0.096,210,1.7451
spin_backoff,offered_90,1024,10,0.546691,2.41829,1.12229,2.517,3.977,4.538,7.869,0.094,0.096,212,1.74345
spin_backoff,offered_90,1024,11,0.547275,2.41996,1.09196,2.529,3.919,4.28,6.206,0.094,0.096,199,1.7427
spin_backoff,offered_90,1024,12,0.548872,2.42157,1.13344,2.532,3.94,4.563,8.499,0.094,0.118,195,1.73762
spin_backoff,offered_90,1024,13,0.550202,2.49476,1.35728,2.559,4.077,4.552,14.765,0.094,4.438,210,1.73276
spin_backoff,offered_90,1024,14,0.548437,2.41999,1.12113,2.532,3.971,4.369,7.219,0.094,0.097,203,1.73898
spin_backoff,offered_90,1024,15,0.547863,2.58438,2.28844,2.584,4.09,4.763,34.72,0.094,0.109,200,1.73901
spin_backoff,offered_90,4096,1,1.95258,2.95182,0.682045,3.062,3.764,4.303,4.857,0.094,0.096,510,1.95371
spin_backoff,offered_90,4096,2,1.95459,2.97118,0.698948,3.09,3.801,4.375,5.263,0.094,0.103,512,1.95171
spin_backoff,offered_90,4096,3,1.951,2.95283,0.691488,3.067,3.776,4.349,5.593,0.094,0.096,508,1.95529
spin_backoff,offered_90,4096,4,1.95469,3.01002,0.714931,3.122,3.866,4.416,5.141,0.094,0.096,508,1.95161
spin_backoff,offered_90,4096,5,1.9516,2.93818,0.681941,3.065,3.703,4.28,4.655,0.094,0.096,509,1.9547
spin_backoff,offered_90,4096,6,1.94993,3.01302,0.710468,3.124,3.862,4.388,5.166,0.094,0.096,508,1.9564
spin_backoff,offered_90,4096,7,1.95102,3.0276,1.77064,3.084,3.731,4.336,39.868,0.094,0.097,510,1.95407
spin_backoff,offered_90,4096,8,1.95405,2.97863,0.856522,3.079,3.842,4.393,14.295,0.094,0.098,505,1.95189
spin_backoff,offered_90,4096,9,1.95089,2.96245,0.811747,3.081,3.702,4.31,12.921,0.094,0.096,508,1.95511
spin_backoff,offered_90,4096,10,1.95531,2.94838,0.682625,3.082,3.71,4.289,4.671,0.094,0.096,507,1.95099
spin_backoff,offered_90,4096,11,1.95213,2.95074,0.710091,3.075,3.727,4.288,5.435,0.094,0.096,505,1.95416
spin_backoff,offered_90,4096,12,1.95102,2.96514,0.783646,3.073,3.753,4.353,11.371,0.094,0.096,507,1.95501
spin_backoff,offered_90,4096,13,1.95478,2.9947,0.843861,3.115,3.77,4.357,14.035,0.094,0.096,507,1.95117
spin_backoff,offered_90,4096,14,1.95103,3.03344,2.28331,3.067,3.721,4.304,52.167,0.094,0.096,510,1.95369
spin_backoff,offered_90,4096,15,1.95214,2.95022,0.686505,3.075,3.688,4.31,6.004,0.094,0.097,511,1.95415
spin_backoff,offered_90,16384,1,6.34632,7.5064,3.79592,7.684,12.727,13.323,14.558,0.094,0.14,127,2.40456
spin_backoff,offered_90,16384,2,6.37306,7.68122,3.87398,7.919,12.912,13.735,16.739,0.094,0.12,127,2.3945
spin_backoff,offered_90,16384,3,6.33093,7.53163,3.80895,7.757,12.631,13.468,16.165,0.094,0.116,128,2.41039
spin_backoff,offered_90,16384,4,6.35449,7.62754,3.84968,7.869,12.815,13.412,14.377,0.094,0.117,128,2.40146
spin_backoff,offered_90,16384,5,6.3479,7.56522,3.8055,7.776,12.709,13.32,16.141,0.094,0.095,128,2.40398
spin_backoff,offered_90,16384,6,6.36471,7.58406,3.83906,7.774,12.766,13.462,17.923,0.094,0.117,128,2.39625
spin_backoff,offered_90,16384,7,6.32642,7.69565,3.88474,7.966,12.875,13.524,17.451,0.094,0.096,128,2.41218
spin_backoff,offered_90,16384,8,6.32528,7.64565,3.85726,7.866,12.835,13.661,17.14,0.094,0.096,128,2.41256
spin_backoff,offered_90,16384,9,6.35483,7.58147,3.81034,7.811,12.715,13.474,15.429,0.094,0.179,127,2.40136
spin_backoff,offered_90,16384,10,6.32864,7.57051,3.80139,7.798,12.685,13.371,15.705,0.094,0.153,128,2.4113
spin_backoff,offered_90,16384,11,6.33265,7.63832,3.85357,7.859,12.813,13.511,16.439,0.094,0.102,126,2.4081
spin_backoff,offered_90,16384,12,6.32893,7.54017,3.81825,7.708,12.75,13.349,15.832,0.093,0.095,126,2.41115
spin_backoff,offered_90,16384,13,6.33575,7.53905,3.83484,7.731,12.665,13.343,16.76,0.094,0.096,127,2.40689
spin_backoff,offered_90,16384,14,6.30475,7.53386,3.77724,7.749,12.615,13.232,14.277,0.093,0.096,129,2.42049
spin_backoff,offered_90,16384,15,6.34541,7.69913,3.9726,7.904,12.879,13.635,28.527,0.094,0.117,127,2.40381
spin_backoff,offered_90,65536,1,11.8309,16.1496,9.46251,16.571,29.445,30.564,33.003,0.094,0.199,61,5.16004
spin_backoff,offered_90,65536,2,11.5621,14.8711,9.64977,14.516,29.581,33.901,36.67,0.094,0.119,98,5.28004
spin_backoff,offered_90,65536,3,11.9247,17.8417,10.992,17.904,31.339,48.946,73.017,0.093,0.119,31,5.11926
spin_backoff,offered_90,65536,4,11.7329,17.1265,10.5052,17.397,29.589,32.07,86.594,0.094,0.181,32,5.20324
spin_backoff,offered_90,65536,5,11.8052,17.1154,9.45593,17.477,30.172,32.258,35.15,0.094,0.096,32,5.17104
spin_backoff,offered_90,65536,6,11.8114,16.457,10.0532,16.982,30.036,37.307,40.49,0.094,0.118,99,5.16856
spin_backoff,offered_90,65536,7,11.9278,15.7888,9.46257,16.057,28.991,30.658,34.847,0.094,0.119,65,5.11826
spin_backoff,offered_90,65536,8,11.7575,16.3566,9.50478,16.941,29.626,30.679,32.75,0.094,0.095,51,5.19255
spin_backoff,offered_90,65536,9,11.8348,17.3574,10.8869,17.384,35.335,46.219,53.813,0.094,0.189,49,5.15106
spin_backoff,offered_90,65536,10,11.8015,17.701,12.52,17.595,33.612,51.551,103.004,0.094,0.096,33,5.17268
spin_backoff,offered_90,65536,11,11.75,16.4122,11.3032,15.383,29.656,54.828,77.984,0.094,0.118,39,5.19531
spin_backoff,offered_90,65536,12,11.6917,16.5458,10.2263,16.063,29.9,47.046,54.949,0.094,0.117,33,5.2215
spin_backoff,offered_90,65536,13,11.7049,16.8602,10.7284,16.359,31.294,49.341,64.137,0.094,0.119,36,5.21533
spin_backoff,offered_90,65536,14,11.6514,16.139,9.61939,15.891,29.485,34.313,50.995,0.094,0.118,31,5.2395
spin_backoff,offered_90,65536,15,11.9066,16.1716,9.2322,16.305,29.613,31.927,33.818,0.094,0.118,30,5.1272
spin_backoff,offered_90,262144,1,14.5505,15.2715,10.3642,15.662,31.239,34.977,43.038,0.094,0.117,138,16.7799
spin_backoff,offered_90,262144,2,14.1754,6.37391,7.6677,2.233,22.038,25.138,28.385,0.094,0.097,531,17.2242
spin_backoff,offered_90,262144,3,14.3675,15.3006,11.4813,15.852,32.554,34.478,38.426,0.094,0.117,270,16.9937
spin_backoff,offered_90,262144,4,13.7535,12.4603,11.656,9.202,31.558,34.68,37.714,0.094,0.096,514,17.7525
spin_backoff,offered_90,262144,5,14.4522,16.8125,11.4881,17.857,33.158,34.999,39.867,0.094,0.118,199,16.8943
spin_backoff,offered_90,262144,6,14.4307,16.9803,11.372,18.78,32.82,34.812,38.419,0.094,0.117,191,16.9195
spin_backoff,offered_90,262144,7,14.0283,3.11964,4.51013,1.073,15.371,19.101,20.616,0.094,0.096,726,17.4048
spin_backoff,offered_90,262144,8,14.429,16.1978,10.949,16.935,31.594,34.113,36.805,0.094,0.117,188,16.9214
spin_backoff,offered_90,262144,9,14.101,16.6063,11.2947,18.449,32.874,34.771,36.345,0.094,0.096,250,17.3149
spin_backoff,offered_90,262144,10,14.1492,16.2311,11.9406,18.816,32.076,36.341,41.152,0.094,0.117,369,17.2563
spin_backoff,offered_90,262144,11,14.4731,17.0077,11.4576,18.549,33.498,35.749,38.545,0.094,0.117,210,16.8695
spin_backoff,offered_90,262144,12,14.3826,16.1831,11.2382,16.985,32.612,35.309,40.62,0.094,0.096,238,16.9758
spin_backoff,offered_90,262144,13,13.6415,10.3315,10.3494,7.322,29.305,33.187,40.052,0.094,0.096,600,17.8984
spin_backoff,offered_90,262144,14,14.3201,12.6802,10.9612,10.922,31.146,33.644,37.884,0.094,0.117,332,17.0421
spin_backoff,offered_90,262144,15,14.4412,16.4127,10.9775,17.977,31.929,34.841,40.888,0.094,0.119,196,16.9071
spin_backoff,offered_90,1048576,1,8.91076,1.25598,10.3019,0.412,0.726,2.075,194.025,0.094,0.096,498,109.598
spin_backoff,offered_90,1048576,2,9.13784,0.416918,0.14271,0.411,0.705,0.901,1.006,0.094,0.096,502,106.876
spin_backoff,offered_90,1048576,3,9.1117,0.437336,0.140975,0.42,0.729,0.895,1.136,0.094,0.096,506,107.182
spin_backoff,offered_90,1048576,4,9.0007,5.0475,32.5067,0.407,0.739,234.989,320.122,0.094,0.096,493,108.503
spin_backoff,offered_90,1048576,5,8.97477,3.52789,25.0345,0.412,0.884,144.568,293.983,0.094,0.096,497,108.769
spin_backoff,offered_90,1048576,6,9.12148,0.491146,1.45283,0.411,0.65,0.956,33.174,0.094,0.096,503,106.946
spin_backoff,offered_90,1048576,7,8.96505,5.79416,39.2762,0.41,0.783,231.565,417.625,0.094,0.095,490,108.935
spin_backoff,offered_90,1048576,8,9.13377,0.43523,0.353214,0.411,0.709,0.917,7.666,0.094,0.096,508,106.922
spin_backoff,offered_90,1048576,9,9.11728,0.435068,0.147583,0.418,0.719,0.896,1.056,0.094,0.096,507,107.117
spin_backoff,offered_90,1048576,10,9.0009,5.79945,37.5964,0.411,0.851,275.657,366.738,0.094,0.096,496,108.468
spin_backoff,offered_90,1048576,11,9.07376,0.452994,0.379293,0.414,0.72,0.938,5.975,0.094,0.096,508,107.629
spin_backoff,offered_90,1048576,12,9.13283,0.441672,0.30848,0.418,0.678,1.06,6.498,0.094,0.095,503,106.933
spin_backoff,offered_90,1048576,13,8.93198,1.05613,7.74776,0.425,0.816,1.229,119.943,0.094,0.096,498,109.27
spin_backoff,offered_90,1048576,14,9.15077,0.431205,0.212094,0.406,0.653,0.983,3.3,0.094,0.096,506,106.725
spin_backoff,offered_90,1048576,15,9.09315,0.43933,0.1535,0.417,0.764,0.916,1.093,0.094,0.096,504,107.372
spin_backoff,saturated,64,1,0.383334,0.846704,1.81786,0.311,5.025,9.546,10.048,0.104,0.206,297,0.155498
spin_backoff,saturated,64,2,0.391902,9.09601,0.989497,9.331,10.004,10.493,12.421,0.117,0.117,1,0.152097
spin_backoff,saturated,64,3,0.382829,0.703763,1.19714,0.316,3.824,5.656,8.214,0.094,0.097,299,0.155704
spin_backoff,saturated,64,4,0.390943,9.08122,1.12215,9.354,10.002,10.443,12.197,0.096,0.096,2,0.152426
spin_backoff,saturated,64,5,0.390302,9.13452,1.58853,9.372,10.023,10.491,12.536,0.119,0.119,1,0.152471
spin_backoff,saturated,64,6,0.391703,9.28168,0.820814,9.388,9.991,10.438,13.388,0.118,0.118,1,0.152111
spin_backoff,saturated,64,7,0.392018,9.15891,1.00529,9.373,10.004,10.513,12.355,0.117,0.117,1,0.152052
spin_backoff,saturated,64,8,0.382863,0.545193,1.11315,0.309,1.859,7.315,9.903,0.094,0.097,303,0.15569
spin_backoff,saturated,64,9,0.391691,9.22654,0.898024,9.388,9.976,10.4,12.817,0.116,0.116,1,0.152137
spin_backoff,saturated,64,10,0.383911,0.708246,1.36397,0.312,3.721,7.632,9.063,0.094,0.096,242,0.155264
spin_backoff,saturated,64,11,0.391312,9.00613,1.27371,9.361,10.014,10.479,12.324,0.117,0.118,3,0.152278
spin_backoff,saturated,64,12,0.392039,8.56322,2.24933,9.328,9.981,10.404,12.101,0.094,0.118,43,0.152044
spin_backoff,saturated,64,13,0.392039,9.11951,1.06681,9.372,9.983,10.404,12.4,0.117,0.117,2,0.152044
spin_backoff,saturated,64,14,0.38483,3.45192,4.27242,0.341,9.842,10.216,12.334,0.094,0.096,177,0.154892
spin_backoff,saturated,64,15,0.388654,7.56191,3.38651,9.247,10.009,10.398,12.37,0.094,0.117,41,0.153318
spin_backoff,saturated,256,1,1.2462,11.7996,1.18809,12.057,12.686,14.067,19.065,0.117,0.117,1,0.191337
spin_backoff,saturated,256,2,1.23037,12.0009,0.767556,12.173,12.657,13.343,15.237,0.118,0.118,1,0.193806
spin_backoff,saturated,256,3,1.23832,12.0005,0.745397,12.136,12.705,13.417,15.45,0.119,0.119,2,0.192558
spin_backoff,saturated,256,4,1.24039,11.8279,0.95287,12.056,12.617,12.879,14.68,0.117,0.117,1,0.192237
spin_backoff,saturated,256,5,1.22799,11.9091,0.963134,12.102,12.64,12.843,14.857,0.119,0.119,1,0.194186
spin_backoff,saturated,256,6,1.24172,11.85,0.97958,12.082,12.696,13.4,15.347,0.117,0.117,2,0.192026
spin_backoff,saturated,256,7,1.23663,11.9661,0.840498,12.12,12.71,13.979,15.729,0.179,0.179,1,0.192821
spin_backoff,saturated,256,8,1.23028,11.9966,0.854768,12.173,12.686,13.32,16.037,0.116,0.116,1,0.193828
spin_backoff,saturated,256,9,1.248,11.7238,1.37229,12.037,12.632,13.106,15.897,0.116,0.116,1,0.190904
spin_backoff,saturated,256,10,1.28507,11.4429,0.729602,11.486,12.341,12.968,15.388,0.115,0.115,1,0.185559
spin_backoff,saturated,256,11,1.23792,11.7705,1.47736,12.077,12.564,12.975,16.331,0.163,0.163,1,0.192621
spin_backoff,saturated,256,12,1.28413,11.4794,0.627189,11.467,12.269,13.79,15.323,0.177,0.177,1,0.185696
spin_backoff,saturated,256,13,1.23187,11.9779,0.792908,12.118,12.639,13.571,16.153,0.094,0.094,1,0.193569
spin_backoff,saturated,256,14,1.22765,11.9951,2.3591,12.166,12.708,14.183,19.517,0.117,0.117,1,0.193343
spin_backoff,saturated,256,15,1.23228,12.0402,0.726725,12.139,12.687,14.211,15.868,0.116,0.116,1,0.193504
spin_backoff,saturated,1024,1,4.41302,12.9167,0.65072,12.935,13.633,15.103,16.214,0.116,0.116,1,0.216207
spin_backoff,saturated,1024,2,4.43506,13.2129,0.777109,13.222,14.176,15.268,17.182,0.119,0.119,1,0.215126
spin_backoff,saturated,1024,3,4.47047,13.0393,1.75078,12.895,14.479,18.97,34.829,0.116,0.116,1,0.213421
spin_backoff,saturated,1024,4,4.48765,12.8941,0.733384,12.862,13.741,14.693,17.702,0.116,0.116,1,0.2126
spin_backoff,saturated,1024,5,4.17013,14.0956,1.39086,14.041,15.009,17.064,33.008,0.118,0.118,1,0.228945
spin_backoff,saturated,1024,6,4.47968,13.1178,0.719626,13.107,13.989,15.533,16.512,0.115,0.115,1,0.212978
spin_backoff,saturated,1024,7,4.48963,13.1092,0.742418,13.096,13.934,15.551,18.452,0.199,0.199,1,0.212504
spin_backoff,saturated,1024,8,4.38267,12.9992,1.90219,12.768,14.699,21.107,34.105,0.117,0.117,1,0.217689
spin_backoff,saturated,1024,9,4.48996,12.8798,0.784487,12.856,13.664,16.28,17.918,0.116,0.116,1,0.212539
spin_backoff,saturated,1024,10,4.57081,12.8454,0.68091,12.835,13.652,15.036,15.988,0.117,0.117,1,0.208736
spin_backoff,saturated,1024,11,4.46776,13.2083,0.808515,13.187,13.958,15.993,19.391,0.117,0.117,1,0.21355
spin_backoff,saturated,1024,12,4.25574,13.3352,2.06558,13.269,14.267,15.563,43.585,0.094,0.094,1,0.22289
spin_backoff,saturated,1024,13,4.26103,13.7607,2.26613,13.49,15.856,24.036,38.94,0.168,0.168,1,0.223904
spin_backoff,saturated,1024,14,4.27463,13.528,1.09006,13.236,14.896,15.542,16.084,0.117,0.117,1,0.223198
spin_backoff,saturated,1024,15,4.43029,13.101,0.778305,13.117,13.813,16.115,18.098,0.118,0.118,1,0.21543
spin_backoff,saturated,4096,1,10.6272,20.5067,3.85793,21.674,22.503,25.214,34.923,0.118,0.118,1,0.359004
spin_backoff,saturated,4096,2,10.6193,20.736,3.80991,21.648,22.737,25.671,44.564,0.118,0.118,1,0.359275
spin_backoff,saturated,4096,3,10.6652,20.3843,4.41302,21.724,23.007,25.94,43.853,0,0,0,0.357723
spin_backoff,saturated,4096,4,10.6815,20.3969,4.03297,21.638,22.514,25.335,39.594,0.118,0.118,1,0.357187
spin_backoff,saturated,4096,5,10.579,19.7101,4.23951,21.464,22.489,25.429,33.805,0.117,0.117,1,0.360635
spin_backoff,saturated,4096,6,10.6548,20.1387,4.39552,21.572,22.458,24.767,42.394,0.116,0.116,1,0.358066
spin_backoff,saturated,4096,7,10.6271,20.2161,3.78975,21.552,22.558,24.513,38.653,0.117,0.117,1,0.359005
spin_backoff,saturated,4096,8,10.6343,19.8147,4.02096,21.502,22.497,24.777,38.046,0.118,0.118,1,0.358755
spin_backoff,saturated,4096,9,10.6027,19.4357,4.51882,21.475,22.473,25.087,47.992,0.094,0.094,1,0.359841
spin_backoff,saturated,4096,10,10.6126,19.9669,4.16338,21.555,22.647,24.848,41.379,0.119,0.119,1,0.359491
spin_backoff,saturated,4096,11,10.6684,20.3955,3.62355,21.56,22.669,25.539,43.666,0.118,0.118,1,0.357608
spin_backoff,saturated,4096,12,10.769,19.6032,3.95383,21.301,22.245,24.574,41.642,0.118,0.118,1,0.35427
spin_backoff,saturated,4096,13,10.6972,20.6948,3.59344,21.651,23.102,25.353,38.476,0.115,0.115,1,0.356654
spin_backoff,saturated,4096,14,10.4803,19.2508,5.49934,21.622,22.601,25.601,32.937,0.094,0.12,20,0.364045
spin_backoff,saturated,4096,15,10.6773,19.883,4.01337,21.546,22.512,25.13,28.626,0.117,0.117,1,0.357313
spin_backoff,saturated,16384,1,16.1007,50.358,5.4506,51.447,53.848,57.224,84.818,0,0,0,0.94796
spin_backoff,saturated,16384,2,16.1163,49.987,4.27957,51.185,52.989,54.562,55.344,0.116,0.116,1,0.94708
spin_backoff,saturated,16384,3,15.6272,48.5818,7.16942,51.045,52.991,54.741,55.541,0.117,0.118,6,0.977294
spin_backoff,saturated,16384,4,15.8673,49.3557,6.37424,51.148,54.486,58.861,82.922,0.116,0.116,1,0.961838
spin_backoff,saturated,16384,5,15.6549,48.8703,6.46671,50.697,53.383,56.644,84.307,0.116,0.116,1,0.974872
spin_backoff,saturated,16384,6,15.9173,49.6351,5.94639,51.374,53.329,54.942,56.274,0.094,0.094,1,0.958803
spin_backoff,saturated,16384,7,16.0004,49.3786,5.94634,51.235,53.064,54.694,55.567,0.117,0.117,1,0.95423
spin_backoff,saturated,16384,8,15.9018,49.9303,4.82513,51.1,54.008,56.354,57.6,0.175,0.175,1,0.959771
spin_backoff,saturated,16384,9,16.0196,50.0564,4.33127,51.279,53.111,54.632,55.988,0.117,0.117,1,0.952748
spin_backoff,saturated,16384,10,16.1636,49.7247,5.76524,51.246,53.093,55.979,57.742,0,0,0,0.944337
spin_backoff,saturated,16384,11,15.5732,49.1967,7.18512,51.253,53.851,57.235,59.641,0.094,0.095,16,0.98033
spin_backoff,saturated,16384,12,15.7195,48.8276,7.00134,51.042,53.949,56.952,76.666,0.119,0.119,1,0.970915
spin_backoff,saturated,16384,13,15.5506,46.9462,7.66112,49.439,53.852,65.25,79.322,0.117,0.117,1,0.981446
spin_backoff,saturated,16384,14,15.8913,48.4668,5.41242,50.676,52.898,54.829,55.724,0.117,0.117,1,0.960417
spin_backoff,saturated,16384,15,15.85,49.5823,5.4094,51.118,53.148,56.639,57.599,0.117,0.117,1,0.962917
spin_backoff,saturated,65536,1,16.3616,50.1984,21.01,48.086,83.721,150.774,171.474,0.117,0.117,1,3.73139
spin_backoff,saturated,65536,2,16.5251,46.8422,5.81829,48.126,50.324,53.977,55.734,0.117,0.117,1,3.69474
spin_backoff,saturated,65536,3,16.3339,45.3575,10.0073,47.86,50.893,55.734,65.735,0.094,0.096,63,3.73205
spin_backoff,saturated,65536,4,16.0879,46.7425,11.0701,48.258,58.752,75.097,84.773,0.094,0.118,36,3.79685
spin_backoff,saturated,65536,5,16.2851,49.4395,11.1775,48.452,68.588,89.261,109.349,0.153,0.153,1,3.74867
spin_backoff,saturated,65536,6,16.2961,45.0378,9.84869,47.67,50.549,54.258,55.99,0.094,0.118,11,3.74637
spin_backoff,saturated,65536,7,16.1946,44.6297,10.7059,47.716,52.275,54.621,58.916,0.094,0.119,64,3.77155
spin_backoff,saturated,65536,8,16.2345,45.3245,10.0476,47.91,52.197,55.098,57.076,0.094,0.118,20,3.76038
spin_backoff,saturated,65536,9,16.4666,46.0616,5.97432,47.454,50.11,53.527,55.431,0.117,0.117,1,3.70748
spin_backoff,saturated,65536,10,16.0927,47.3431,11.2491,48.368,59.403,89.983,99.631,0.094,0.095,59,3.79625
spin_backoff,saturated,65536,11,16.0985,49.2956,12.4372,48.88,66.134,95.148,116.085,0.116,0.116,1,3.76574
spin_backoff,saturated,65536,12,16.4368,45.9144,7.84319,47.954,50.21,53.335,54.811,0.117,0.117,1,3.71435
spin_backoff,saturated,65536,13,16.2442,44.8838,10.31,47.711,51.887,54.465,58.079,0.094,0.098,59,3.75852
spin_backoff,saturated,65536,14,16.2934,45.869,9.67001,48.312,52.363,55.305,57.739,0.094,0.096,44,3.74763
spin_backoff,saturated,65536,15,16.438,49.6971,11.715,48.295,67.505,101.973,122.166,0.117,0.117,1,3.71395
spin_backoff,saturated,262144,1,15.8057,18.3184,10.6794,22.401,29.814,33.601,40.309,0.094,0.098,169,15.4479
spin_backoff,saturated,262144,2,16.0224,20.8349,10.4146,25.378,29.896,36.287,44.864,0.094,0.117,173,15.2333
spin_backoff,saturated,262144,3,15.934,17.8826,10.1155,21.584,28.69,32.152,36.392,0.094,0.116,156,15.3235
spin_backoff,saturated,262144,4,16.0785,22.6661,8.66483,25.842,29.824,34.542,37.929,0.094,0.095,128,15.1853
spin_backoff,saturated,262144,5,16.0589,22.0902,9.70402,26.045,30.094,35.167,40.385,0.094,0.117,120,15.2064
spin_backoff,saturated,262144,6,16.1049,27.6716,8.42003,30.273,33.785,38.08,43.205,0.094,0.118,100,15.1608
spin_backoff,saturated,262144,7,15.9721,19.653,10.1839,24.164,29.88,32.878,36.056,0.094,0.118,218,15.287
spin_backoff,saturated,262144,8,16.1993,23.79,7.57867,26.07,29.913,35.572,38.477,0.094,0.096,81,15.0728
spin_backoff,saturated,262144,9,16.0422,22.8139,8.63753,25.584,29.971,34.654,39.345,0.094,0.096,150,15.2199
spin_backoff,saturated,262144,10,16.0835,21.9328,9.78337,26.056,30.033,34.087,38.965,0.094,0.117,172,15.1812
spin_backoff,saturated,262144,11,16.0043,20.1352,10.191,24.429,29.871,35.404,37.957,0.094,0.187,160,15.2575
spin_backoff,saturated,262144,12,16.088,25.937,6.99818,27.139,33.071,37.525,48.654,0.094,0.118,66,15.1675
spin_backoff,saturated,262144,13,16.1928,27.961,7.72026,30.195,33.421,38.215,40.94,0.094,0.152,86,15.0782
spin_backoff,saturated,262144,14,16.17,27.1913,8.98155,30.225,33.857,37.956,40.255,0.094,0.096,96,15.0997
spin_backoff,saturated,262144,15,15.5317,11.4989,10.3037,10.001,27.135,29.529,38.946,0.094,0.116,369,15.7204
spin_backoff,saturated,1048576,1,9.21763,0.417137,0.143543,0.409,0.656,0.896,1.17,0.094,0.096,486,105.95
spin_backoff,saturated,1048576,2,9.10738,0.850215,4.62424,0.406,0.755,9.591,81.08,0.094,0.096,479,107.186
spin_backoff,saturated,1048576,3,9.26828,0.41618,0.217115,0.402,0.651,0.902,4.013,0.094,0.095,465,105.294
spin_backoff,saturated,1048576,4,9.2013,0.63293,3.24283,0.404,0.711,1.112,63.199,0.094,0.099,481,106.018
spin_backoff,saturated,1048576,5,9.27947,0.429303,0.353187,0.409,0.72,0.952,7.651,0.094,0.096,484,105.197
spin_backoff,saturated,1048576,6,9.0882,7.85041,49.4912,0.414,0.819,284.312,521.371,0.094,0.096,466,107.423
spin_backoff,saturated,1048576,7,9.25947,0.426863,0.18251,0.41,0.673,0.916,2.901,0.094,0.096,476,105.375
spin_backoff,saturated,1048576,8,9.09802,7.79629,50.2435,0.4,0.814,349.338,473.388,0.094,0.096,460,107.346
spin_backoff,saturated,1048576,9,9.10601,9.3824,59.6365,0.413,0.918,335.517,622.67,0.094,0.152,462,107.248
spin_backoff,saturated,1048576,10,9.19233,0.406266,0.14216,0.409,0.613,0.987,1.095,0.094,0.096,476,106.241
spin_backoff,saturated,1048576,11,9.24066,0.408467,0.150649,0.394,0.667,0.94,1.217,0.094,0.096,479,105.689
spin_backoff,saturated,1048576,12,9.04891,9.7571,58.9716,0.407,0.798,382.756,553.702,0.094,0.096,464,107.927
spin_backoff,saturated,1048576,13,9.24585,0.414121,0.142437,0.404,0.643,0.915,1.162,0.094,0.096,482,105.629
spin_backoff,saturated,1048576,14,9.21291,0.405262,0.1423,0.398,0.632,0.907,1.145,0.094,0.096,481,105.965
spin_backoff,saturated,1048576,15,9.08426,3.70633,24.5813,0.405,0.807,135.963,309.897,0.094,0.098,471,107.507
