ipc_type,wakeup_variant,message_size_bytes,n_rounds,mean_us,median_us,p90_us,p99_us,p999_us,ci95_lo_us,ci95_hi_us
posix_mq,n/a,64,100000,3.40006,3.351,3.581,4.60501,6.137,3.39752,3.4026
posix_mq,n/a,256,100000,3.44832,3.377,3.613,4.65802,6.298,3.44392,3.45273
posix_mq,n/a,1024,100000,3.39759,3.335,3.5271,4.62402,6.29702,3.39153,3.40365
posix_mq,n/a,4096,50000,4.68489,4.606,4.85,6.17103,7.932,4.68077,4.68902
posix_mq,n/a,16384,0,0,0,0,0,0,0,0
posix_mq,n/a,65536,0,0,0,0,0,0,0,0
posix_mq,n/a,262144,0,0,0,0,0,0,0,0
posix_mq,n/a,1048576,0,0,0,0,0,0,0,0
