ipc_type,wakeup_variant,message_size_bytes,n_rounds,mean_us,median_us,p90_us,p99_us,p999_us,ci95_lo_us,ci95_hi_us
shm_io_uring,io_uring,64,100000,4.4547,4.374,4.606,6.36802,8.036,4.45208,4.45733
shm_io_uring,io_uring,256,100000,4.47935,4.382,4.662,6.63601,8.46401,4.47559,4.4831
shm_io_uring,io_uring,1024,100000,4.67025,4.598,4.777,6.55301,8.222,4.66728,4.67321
shm_io_uring,io_uring,4096,50000,5.40618,5.302,5.596,7.61201,9.58807,5.401,5.41135
shm_io_uring,io_uring,16384,20000,7.94438,7.781,8.2561,10.356,16.0721,7.93458,7.95418
shm_io_uring,io_uring,65536,10000,16.0674,16.171,16.873,19.4621,33.4904,15.9305,16.2042
shm_io_uring,io_uring,262144,5000,35.0691,34.342,36.957,45.1315,65.1681,34.996,35.1423
shm_io_uring,io_uring,1048576,2000,158.526,154.707,166.589,218.246,240.4,158.076,158.976
