ipc_type,wakeup_variant,message_size_bytes,n_rounds,mean_us,median_us,p90_us,p99_us,p999_us,ci95_lo_us,ci95_hi_us
shm_ablation,io_uring,64,100000,4.62432,4.542,4.786,6.85401,9.086,4.61992,4.62873
shm_ablation,io_uring,256,100000,4.55011,4.465,4.687,6.79901,9.02101,4.54536,4.55485
shm_ablation,io_uring,1024,100000,4.84666,4.753,5.009,7.14801,9.41402,4.84352,4.8498
shm_ablation,io_uring,4096,50000,5.49802,5.369,5.698,7.888,10.6601,5.49282,5.50321
shm_ablation,io_uring,16384,20000,7.96323,7.746,8.427,10.574,17.609,7.94544,7.98103
shm_ablation,io_uring,65536,10000,16.2808,16.121,17.107,19.525,33.2109,16.257,16.3047
shm_ablation,io_uring,262144,5000,34.9428,34.14,36.5424,47.1635,68.7254,34.8406,35.0449
shm_ablation,io_uring,1048576,2000,159.02,156.122,165.099,212.985,244.897,158.586,159.454
