ipc_type,wakeup_variant,message_size_bytes,n_rounds,mean_us,median_us,p90_us,p99_us,p999_us,ci95_lo_us,ci95_hi_us
shm_ablation,busy_poll,64,100000,0.222191,0.218,0.224,0.306,0.675002,0.221602,0.222779
shm_ablation,busy_poll,256,100000,0.322918,0.32,0.353,0.422,1.62111,0.321921,0.323914
shm_ablation,busy_poll,1024,100000,0.549256,0.539,0.576,0.641,2.83,0.547698,0.550813
shm_ablation,busy_poll,4096,50000,1.29882,1.286,1.363,1.451,3.664,1.29668,1.30096
shm_ablation,busy_poll,16384,20000,4.17973,4.111,4.368,5.771,7.87615,4.17319,4.18627
shm_ablation,busy_poll,65536,10000,13.1847,12.995,13.826,15.6731,20.6629,13.1698,13.1996
shm_ablation,busy_poll,262144,5000,32.339,31.8355,33.783,36.1045,41.5529,32.3022,32.3758
shm_ablation,busy_poll,1048576,2000,154.721,152.54,160.803,214.523,249.191,154.267,155.176
