ipc_type,wakeup_variant,message_size_bytes,n_rounds,mean_us,median_us,p90_us,p99_us,p999_us,ci95_lo_us,ci95_hi_us
shm_ablation,spin_backoff,64,100000,0.490904,0.411,0.727,0.781,2.629,0.487304,0.494504
shm_ablation,spin_backoff,256,100000,0.447268,0.405,0.708,0.782,2.28602,0.446316,0.448219
shm_ablation,spin_backoff,1024,100000,0.71912,0.786,0.824,0.886,2.989,0.717306,0.720933
shm_ablation,spin_backoff,4096,50000,1.49831,1.483,1.535,1.733,3.79001,1.49649,1.50013
shm_ablation,spin_backoff,16384,20000,4.38739,4.325,4.403,5.66411,8.02205,4.36798,4.4068
shm_ablation,spin_backoff,65536,10000,13.3536,13.311,13.845,15.771,16.823,13.3421,13.3652
shm_ablation,spin_backoff,262144,5000,32.0386,31.349,33.8462,36.5309,52.5584,31.9543,32.123
shm_ablation,spin_backoff,1048576,2000,152.401,149.975,159.875,191.538,234.988,152.018,152.783
