ipc_type,wakeup_variant,message_size_bytes,n_rounds,mean_us,median_us,p90_us,p99_us,p999_us,ci95_lo_us,ci95_hi_us
shm_ablation,futex,64,100000,3.25169,3.207,3.409,4.57002,7.68103,3.24921,3.25417
shm_ablation,futex,256,100000,3.21504,3.18,3.349,4.65101,8.47103,3.21158,3.2185
shm_ablation,futex,1024,100000,3.47604,3.428,3.632,5.11403,8.67204,3.47309,3.47899
shm_ablation,futex,4096,50000,3.83021,3.746,4.01,5.76701,7.80711,3.82675,3.83367
shm_ablation,futex,16384,20000,6.44968,6.333,6.746,8.65303,11.936,6.44201,6.45736
shm_ablation,futex,65536,10000,15.2163,14.914,15.9031,17.9412,28.0161,15.1951,15.2375
shm_ablation,futex,262144,5000,33.9196,33.23,35.6971,44.3551,54.3757,33.861,33.9783
shm_ablation,futex,1048576,2000,155.173,152.156,161.889,190.628,244.961,154.804,155.543
