ipc_type,wakeup_variant,message_size_bytes,n_rounds,mean_us,median_us,p90_us,p99_us,p999_us,ci95_lo_us,ci95_hi_us
shm_ablation,adaptive,64,100000,0.232848,0.213,0.28,0.58201,1.807,0.230897,0.234798
shm_ablation,adaptive,256,100000,0.266538,0.244,0.356,0.435,0.65802,0.265464,0.267612
shm_ablation,adaptive,1024,100000,0.536675,0.523,0.607,0.705,2.16901,0.535462,0.537887
shm_ablation,adaptive,4096,50000,1.30233,1.286,1.351,1.427,3.646,1.29462,1.31004
shm_ablation,adaptive,16384,20000,4.14681,4.092,4.2894,4.65801,6.66901,4.14343,4.15019
shm_ablation,adaptive,65536,10000,13.4186,13.476,13.7792,15.6571,22.4123,13.4001,13.437
shm_ablation,adaptive,262144,5000,32.0369,31.21,33.5356,45.8615,67.365,31.9341,32.1397
shm_ablation,adaptive,1048576,2000,156.067,152.353,164.327,180.919,248.443,155.703,156.431
